Avg. Issue Latency,Count,Location,Line Number,Line,Function,Assembly,Saturated
130.47,12526,(null),0,(null),(null),(null),0
132.48,12291,(null),0,(null),(null),(null),0
126.26,12281,(null),0,(null),(null),(null),0
93.91,12145,/home/ubuntu/rocksdb/util/coding.h,108,"    uint32_t result = *(reinterpret_cast<const unsigned char*>(p));",_ZNK7rocksdb8MemTable13KeyComparatorclEPKcRKNS_5SliceE,ldrb w19  [x1],0
100.65,11162,/usr/include/c++/11/bits/atomic_base.h,820,"	return __atomic_load_n(&_M_p, int(__m));",_ZNK7rocksdb14InlineSkipListIRKNS_11MemTableRep13KeyComparatorEE18FindGreaterOrEqualEPKcPPNS5_4NodeE,ldar x0  [x1],0
150.74,5955,(null),0,(null),(null),(null),0
148.79,5945,(null),0,(null),(null),(null),0
144.87,5850,(null),0,(null),(null),(null),0
107.76,5810,/home/ubuntu/rocksdb/util/coding.h,108,"    uint32_t result = *(reinterpret_cast<const unsigned char*>(p));",_ZNK7rocksdb8MemTable13KeyComparatorclEPKcRKNS_5SliceE,ldrb w19  [x1],0
114.95,5306,/usr/include/c++/11/bits/atomic_base.h,820,"	return __atomic_load_n(&_M_p, int(__m));",_ZNK7rocksdb14InlineSkipListIRKNS_11MemTableRep13KeyComparatorEE18FindGreaterOrEqualEPKcPPNS5_4NodeE,ldar x0  [x1],0
8.66,36267,(null),0,(null),(null),(null),0
13.82,12020,/home/ubuntu/rocksdb/monitoring/perf_context.cc,319,"}  // namespace ROCKSDB_NAMESPACE",__tls_init,ldrb w2  [x1  x0],0
15.42,10284,/home/ubuntu/rocksdb/memtable/inlineskiplist.h,561,"                  : compare_(next->Key(), key_decoded);",_ZNK7rocksdb14InlineSkipListIRKNS_11MemTableRep13KeyComparatorEE18FindGreaterOrEqualEPKcPPNS5_4NodeE,ldr x3  [x3  #0x10],0
12.79,11912,/home/ubuntu/rocksdb/util/user_comparator_wrapper.h,33,"    return user_comparator_->Compare(a, b);",_ZNK7rocksdb8MemTable13KeyComparatorclEPKcRKNS_5SliceE,ldr x3  [x3  #0x10],0
12.37,12072,/home/ubuntu/rocksdb/util/user_comparator_wrapper.h,32,"    PERF_COUNTER_ADD(user_key_comparison_count, 1);",_ZNK7rocksdb8MemTable13KeyComparatorclEPKcRKNS_5SliceE,ldrb w0  [x23  x0],0
8.50,17283,(null),0,(null),(null),(null),0
88.74,1605,/usr/include/c++/11/bits/atomic_base.h,820,"	return __atomic_load_n(&_M_p, int(__m));",_ZN7rocksdb14InlineSkipListIRKNS_11MemTableRep13KeyComparatorEE21RecomputeSpliceLevelsERKNS_5SliceEPNS5_6SpliceEi,ldar x0  [x0],0
11.84,11873,/home/ubuntu/rocksdb/util/user_comparator_wrapper.h,32,"    PERF_COUNTER_ADD(user_key_comparison_count, 1);",_ZNK7rocksdb8MemTable13KeyComparatorclEPKcRKNS_5SliceE,ldr x1  [x23  x0],0
11.15,12042,/home/ubuntu/rocksdb/db/memtable.cc,338,"}",_ZNK7rocksdb8MemTable13KeyComparatorclEPKcRKNS_5SliceE,ldr x2  [x1],0
10.63,12364,(null),0,(null),(null),(null),0
10.94,12001,/home/ubuntu/rocksdb/util/user_comparator_wrapper.h,32,"    PERF_COUNTER_ADD(user_key_comparison_count, 1);",_ZNK7rocksdb8MemTable13KeyComparatorclEPKcRKNS_5SliceE,str x1  [x23  x0],0
81.47,1484,/usr/include/c++/11/bits/atomic_base.h,820,"	return __atomic_load_n(&_M_p, int(__m));",_ZN7rocksdb14InlineSkipListIRKNS_11MemTableRep13KeyComparatorEE21RecomputeSpliceLevelsERKNS_5SliceEPNS5_6SpliceEi,ldar x0  [x0],0
9.71,12099,/home/ubuntu/rocksdb/db/memtable.cc,334,"    const char* prefix_len_key, const KeyComparator::DecodedType& key) const {",_ZNK7rocksdb8MemTable13KeyComparatorclEPKcRKNS_5SliceE,ldr x0  [x4],0
10.39,10206,/home/ubuntu/rocksdb/memtable/inlineskiplist.h,561,"                  : compare_(next->Key(), key_decoded);",_ZNK7rocksdb14InlineSkipListIRKNS_11MemTableRep13KeyComparatorEE18FindGreaterOrEqualEPKcPPNS5_4NodeE,ldr x3  [x0],0
11.82,8341,/usr/include/c++/11/bits/atomic_base.h,820,"	return __atomic_load_n(&_M_p, int(__m));",_ZNK7rocksdb14InlineSkipListIRKNS_11MemTableRep13KeyComparatorEE18FindGreaterOrEqualEPKcPPNS5_4NodeE,ldar x19  [x2],0
8.14,12009,/home/ubuntu/rocksdb/util/user_comparator_wrapper.h,33,"    return user_comparator_->Compare(a, b);",_ZNK7rocksdb8MemTable13KeyComparatorclEPKcRKNS_5SliceE,ldr x3  [x3  #0x20],0
8.13,11973,/home/ubuntu/rocksdb/monitoring/perf_context.cc,319,"}  // namespace ROCKSDB_NAMESPACE",__tls_init,ldr x2  [x0  #0xa38],0
7.80,12217,/home/ubuntu/rocksdb/util/user_comparator_wrapper.h,32,"    PERF_COUNTER_ADD(user_key_comparison_count, 1);",_ZNK7rocksdb8MemTable13KeyComparatorclEPKcRKNS_5SliceE,ldr x1  [x0  #0xae8],0
7.50,11883,???,0,???,???,???,0
6.77,12508,???,0,???,???,???,0
6.89,12019,/home/ubuntu/rocksdb/db/dbformat.h,328,"  return Slice(internal_key.data(), internal_key.size() - kNumInternalBytes);",_ZNK7rocksdb8MemTable13KeyComparatorclEPKcRKNS_5SliceE,ldp x2  x1  [x20],0
6.64,12162,/home/ubuntu/rocksdb/db/dbformat.h,1111,"  int r = user_comparator_.Compare(ExtractUserKey(akey), ExtractUserKey(bkey));",_ZNK7rocksdb8MemTable13KeyComparatorclEPKcRKNS_5SliceE,stp x2  x1  [sp  #0x48],0
102.19,789,/usr/include/c++/11/bits/atomic_base.h,820,"	return __atomic_load_n(&_M_p, int(__m));",_ZN7rocksdb14InlineSkipListIRKNS_11MemTableRep13KeyComparatorEE21RecomputeSpliceLevelsERKNS_5SliceEPNS5_6SpliceEi,ldar x0  [x0],0
6.53,12129,/home/ubuntu/rocksdb/util/user_comparator_wrapper.h,32,"    PERF_COUNTER_ADD(user_key_comparison_count, 1);",_ZNK7rocksdb8MemTable13KeyComparatorclEPKcRKNS_5SliceE,ldr x1  [x0  #0xa88],0
6.40,12338,/home/ubuntu/rocksdb/monitoring/perf_context.cc,172,"thread_local PerfContext perf_context;",__tls_init,ldp x29  x30  [sp]  #0x20,0
13.64,5766,/home/ubuntu/rocksdb/monitoring/perf_context.cc,319,"}  // namespace ROCKSDB_NAMESPACE",__tls_init,ldrb w2  [x1  x0],0
6.45,12112,/home/ubuntu/rocksdb/util/comparator.cc,160,"    return -a.compare(b);",_ZThn32_NK7rocksdb12_GLOBAL__N_122BytewiseComparatorImpl7CompareERKNS_5SliceES4_,stp x19  x20  [sp  #0x10],0
6.13,12229,/home/ubuntu/rocksdb/db/memtable.cc,338,"}",_ZNK7rocksdb8MemTable13KeyComparatorclEPKcRKNS_5SliceE,ldp x21  x22  [sp  #0x20],0
6.29,11891,/home/ubuntu/rocksdb/util/coding.h,331,"  uint32_t len = 0;",_ZNK7rocksdb8MemTable13KeyComparatorclEPKcRKNS_5SliceE,str wzr  [sp  #0x58],0
15.24,4857,/home/ubuntu/rocksdb/memtable/inlineskiplist.h,561,"                  : compare_(next->Key(), key_decoded);",_ZNK7rocksdb14InlineSkipListIRKNS_11MemTableRep13KeyComparatorEE18FindGreaterOrEqualEPKcPPNS5_4NodeE,ldr x3  [x3  #0x10],0
6.17,11816,/home/ubuntu/rocksdb/db/memtable.cc,338,"}",_ZNK7rocksdb8MemTable13KeyComparatorclEPKcRKNS_5SliceE,ldp x29  x30  [sp]  #0x70,0
6.00,12142,/home/ubuntu/rocksdb/db/memtable.cc,334,"    const char* prefix_len_key, const KeyComparator::DecodedType& key) const {",_ZNK7rocksdb8MemTable13KeyComparatorclEPKcRKNS_5SliceE,stp x23  x24  [sp  #0x30],0
12.66,5702,/home/ubuntu/rocksdb/util/user_comparator_wrapper.h,33,"    return user_comparator_->Compare(a, b);",_ZNK7rocksdb8MemTable13KeyComparatorclEPKcRKNS_5SliceE,ldr x3  [x3  #0x10],0
5.97,12022,/home/ubuntu/rocksdb/db/memtable.cc,338,"}",_ZNK7rocksdb8MemTable13KeyComparatorclEPKcRKNS_5SliceE,ldr x1  [x1  #0xba8],0
12.33,5778,/home/ubuntu/rocksdb/util/user_comparator_wrapper.h,32,"    PERF_COUNTER_ADD(user_key_comparison_count, 1);",_ZNK7rocksdb8MemTable13KeyComparatorclEPKcRKNS_5SliceE,ldrb w0  [x23  x0],0
5.79,12128,/home/ubuntu/rocksdb/db/memtable.cc,334,"    const char* prefix_len_key, const KeyComparator::DecodedType& key) const {",_ZNK7rocksdb8MemTable13KeyComparatorclEPKcRKNS_5SliceE,stp x19  x20  [sp  #0x10],0
5.83,11952,/home/ubuntu/rocksdb/util/comparator.cc,160,"    return -a.compare(b);",_ZThn32_NK7rocksdb12_GLOBAL__N_122BytewiseComparatorImpl7CompareERKNS_5SliceES4_,ldp x1  x19  [x2],0
5.80,11962,/home/ubuntu/rocksdb/db/memtable.cc,334,"    const char* prefix_len_key, const KeyComparator::DecodedType& key) const {",_ZNK7rocksdb8MemTable13KeyComparatorclEPKcRKNS_5SliceE,ldr x4  [x4  #0xba8],0
5.75,12006,/home/ubuntu/rocksdb/db/memtable.cc,338,"}",_ZNK7rocksdb8MemTable13KeyComparatorclEPKcRKNS_5SliceE,ldr x3  [sp  #0x68],0
5.54,12202,/home/ubuntu/rocksdb/db/dbformat.h,1111,"  int r = user_comparator_.Compare(ExtractUserKey(akey), ExtractUserKey(bkey));",_ZNK7rocksdb8MemTable13KeyComparatorclEPKcRKNS_5SliceE,stp x21  x19  [sp  #0x58],0
5.68,11872,/home/ubuntu/rocksdb/util/user_comparator_wrapper.h,32,"    PERF_COUNTER_ADD(user_key_comparison_count, 1);",_ZNK7rocksdb8MemTable13KeyComparatorclEPKcRKNS_5SliceE,ldr x0  [x0  #0x4e0],0
5.65,11904,/home/ubuntu/rocksdb/db/memtable.cc,338,"}",_ZNK7rocksdb8MemTable13KeyComparatorclEPKcRKNS_5SliceE,ldp x19  x20  [sp  #0x10],0
11.61,5751,/home/ubuntu/rocksdb/util/user_comparator_wrapper.h,32,"    PERF_COUNTER_ADD(user_key_comparison_count, 1);",_ZNK7rocksdb8MemTable13KeyComparatorclEPKcRKNS_5SliceE,ldr x1  [x23  x0],0
5.48,12049,/home/ubuntu/rocksdb/db/memtable.cc,334,"    const char* prefix_len_key, const KeyComparator::DecodedType& key) const {",_ZNK7rocksdb8MemTable13KeyComparatorclEPKcRKNS_5SliceE,str x0  [sp  #0x68],0
92.88,707,/usr/include/c++/11/bits/atomic_base.h,820,"	return __atomic_load_n(&_M_p, int(__m));",_ZN7rocksdb14InlineSkipListIRKNS_11MemTableRep13KeyComparatorEE21RecomputeSpliceLevelsERKNS_5SliceEPNS5_6SpliceEi,ldar x0  [x0],0
5.40,12080,/home/ubuntu/rocksdb/db/memtable.cc,338,"}",_ZNK7rocksdb8MemTable13KeyComparatorclEPKcRKNS_5SliceE,ldp x23  x24  [sp  #0x30],0
5.31,12131,/home/ubuntu/rocksdb/util/comparator.cc,160,"    return -a.compare(b);",_ZThn32_NK7rocksdb12_GLOBAL__N_122BytewiseComparatorImpl7CompareERKNS_5SliceES4_,ldp x29  x30  [sp]  #0x20,0
5.29,12114,/home/ubuntu/rocksdb/db/memtable.cc,334,"    const char* prefix_len_key, const KeyComparator::DecodedType& key) const {",_ZNK7rocksdb8MemTable13KeyComparatorclEPKcRKNS_5SliceE,stp x21  x22  [sp  #0x20],0
11.02,5648,/home/ubuntu/rocksdb/db/memtable.cc,338,"}",_ZNK7rocksdb8MemTable13KeyComparatorclEPKcRKNS_5SliceE,ldr x2  [x1],0
10.30,5918,(null),0,(null),(null),(null),0
5.04,11973,/home/ubuntu/rocksdb/util/user_comparator_wrapper.h,33,"    return user_comparator_->Compare(a, b);",_ZNK7rocksdb8MemTable13KeyComparatorclEPKcRKNS_5SliceE,ldr x3  [x22  #0x10],0
4.95,12081,/home/ubuntu/rocksdb/util/comparator.cc,160,"    return -a.compare(b);",_ZThn32_NK7rocksdb12_GLOBAL__N_122BytewiseComparatorImpl7CompareERKNS_5SliceES4_,stp x29  x30  [sp  #-0x20]!,0
5.02,11907,/home/ubuntu/rocksdb/util/comparator.cc,160,"    return -a.compare(b);",_ZThn32_NK7rocksdb12_GLOBAL__N_122BytewiseComparatorImpl7CompareERKNS_5SliceES4_,ldp x19  x20  [sp  #0x10],0
4.87,12103,/home/ubuntu/rocksdb/monitoring/perf_context.cc,172,"thread_local PerfContext perf_context;",__tls_init,stp x29  x30  [sp  #-0x20]!,0
4.91,11986,/home/ubuntu/rocksdb/util/comparator.cc,160,"    return -a.compare(b);",_ZThn32_NK7rocksdb12_GLOBAL__N_122BytewiseComparatorImpl7CompareERKNS_5SliceES4_,ldp x0  x20  [x1],0
10.24,5647,/home/ubuntu/rocksdb/util/user_comparator_wrapper.h,32,"    PERF_COUNTER_ADD(user_key_comparison_count, 1);",_ZNK7rocksdb8MemTable13KeyComparatorclEPKcRKNS_5SliceE,str x1  [x23  x0],0
9.61,5676,/home/ubuntu/rocksdb/db/memtable.cc,334,"    const char* prefix_len_key, const KeyComparator::DecodedType& key) const {",_ZNK7rocksdb8MemTable13KeyComparatorclEPKcRKNS_5SliceE,ldr x0  [x4],0
4.55,11964,/home/ubuntu/rocksdb/db/memtable.cc,334,"    const char* prefix_len_key, const KeyComparator::DecodedType& key) const {",_ZNK7rocksdb8MemTable13KeyComparatorclEPKcRKNS_5SliceE,stp x29  x30  [sp  #-0x70]!,0
10.16,4938,/home/ubuntu/rocksdb/memtable/inlineskiplist.h,561,"                  : compare_(next->Key(), key_decoded);",_ZNK7rocksdb14InlineSkipListIRKNS_11MemTableRep13KeyComparatorEE18FindGreaterOrEqualEPKcPPNS5_4NodeE,ldr x3  [x0],0
4.59,10406,/home/ubuntu/rocksdb/memtable/inlineskiplist.h,561,"                  : compare_(next->Key(), key_decoded);",_ZNK7rocksdb14InlineSkipListIRKNS_11MemTableRep13KeyComparatorEE18FindGreaterOrEqualEPKcPPNS5_4NodeE,ldr x0  [x27  #0x10],0
11.77,3989,/usr/include/c++/11/bits/atomic_base.h,820,"	return __atomic_load_n(&_M_p, int(__m));",_ZNK7rocksdb14InlineSkipListIRKNS_11MemTableRep13KeyComparatorEE18FindGreaterOrEqualEPKcPPNS5_4NodeE,ldar x19  [x2],0
8.03,5716,/home/ubuntu/rocksdb/util/user_comparator_wrapper.h,33,"    return user_comparator_->Compare(a, b);",_ZNK7rocksdb8MemTable13KeyComparatorclEPKcRKNS_5SliceE,ldr x3  [x3  #0x20],0
8.06,5689,/home/ubuntu/rocksdb/monitoring/perf_context.cc,319,"}  // namespace ROCKSDB_NAMESPACE",__tls_init,ldr x2  [x0  #0xa38],0
7.67,5764,/home/ubuntu/rocksdb/util/user_comparator_wrapper.h,32,"    PERF_COUNTER_ADD(user_key_comparison_count, 1);",_ZNK7rocksdb8MemTable13KeyComparatorclEPKcRKNS_5SliceE,ldr x1  [x0  #0xae8],0
7.48,5679,???,0,???,???,???,0
6.68,5908,???,0,???,???,???,0
6.88,5634,/home/ubuntu/rocksdb/db/dbformat.h,328,"  return Slice(internal_key.data(), internal_key.size() - kNumInternalBytes);",_ZNK7rocksdb8MemTable13KeyComparatorclEPKcRKNS_5SliceE,ldp x2  x1  [x20],0
6.48,5827,/home/ubuntu/rocksdb/util/user_comparator_wrapper.h,32,"    PERF_COUNTER_ADD(user_key_comparison_count, 1);",_ZNK7rocksdb8MemTable13KeyComparatorclEPKcRKNS_5SliceE,ldr x1  [x0  #0xa88],0
6.63,5686,/home/ubuntu/rocksdb/db/dbformat.h,1111,"  int r = user_comparator_.Compare(ExtractUserKey(akey), ExtractUserKey(bkey));",_ZNK7rocksdb8MemTable13KeyComparatorclEPKcRKNS_5SliceE,stp x2  x1  [sp  #0x48],0
6.32,5739,/home/ubuntu/rocksdb/monitoring/perf_context.cc,172,"thread_local PerfContext perf_context;",__tls_init,ldp x29  x30  [sp]  #0x20,0
6.27,5776,/home/ubuntu/rocksdb/util/comparator.cc,160,"    return -a.compare(b);",_ZThn32_NK7rocksdb12_GLOBAL__N_122BytewiseComparatorImpl7CompareERKNS_5SliceES4_,stp x19  x20  [sp  #0x10],0
6.25,5717,/home/ubuntu/rocksdb/util/coding.h,331,"  uint32_t len = 0;",_ZNK7rocksdb8MemTable13KeyComparatorclEPKcRKNS_5SliceE,str wzr  [sp  #0x58],0
6.11,5770,/home/ubuntu/rocksdb/db/memtable.cc,338,"}",_ZNK7rocksdb8MemTable13KeyComparatorclEPKcRKNS_5SliceE,ldp x29  x30  [sp]  #0x70,0
5.91,5887,/home/ubuntu/rocksdb/db/memtable.cc,338,"}",_ZNK7rocksdb8MemTable13KeyComparatorclEPKcRKNS_5SliceE,ldr x1  [x1  #0xba8],0
5.95,5814,/home/ubuntu/rocksdb/db/memtable.cc,334,"    const char* prefix_len_key, const KeyComparator::DecodedType& key) const {",_ZNK7rocksdb8MemTable13KeyComparatorclEPKcRKNS_5SliceE,stp x23  x24  [sp  #0x30],0
6.04,5687,/home/ubuntu/rocksdb/db/memtable.cc,338,"}",_ZNK7rocksdb8MemTable13KeyComparatorclEPKcRKNS_5SliceE,ldp x21  x22  [sp  #0x20],0
5.76,5779,/home/ubuntu/rocksdb/db/memtable.cc,334,"    const char* prefix_len_key, const KeyComparator::DecodedType& key) const {",_ZNK7rocksdb8MemTable13KeyComparatorclEPKcRKNS_5SliceE,ldr x4  [x4  #0xba8],0
5.75,5749,/home/ubuntu/rocksdb/db/memtable.cc,334,"    const char* prefix_len_key, const KeyComparator::DecodedType& key) const {",_ZNK7rocksdb8MemTable13KeyComparatorclEPKcRKNS_5SliceE,stp x19  x20  [sp  #0x10],0
5.68,5773,/home/ubuntu/rocksdb/util/comparator.cc,160,"    return -a.compare(b);",_ZThn32_NK7rocksdb12_GLOBAL__N_122BytewiseComparatorImpl7CompareERKNS_5SliceES4_,ldp x1  x19  [x2],0
5.51,5873,/home/ubuntu/rocksdb/db/memtable.cc,338,"}",_ZNK7rocksdb8MemTable13KeyComparatorclEPKcRKNS_5SliceE,ldp x19  x20  [sp  #0x10],0
5.63,5729,/home/ubuntu/rocksdb/db/memtable.cc,338,"}",_ZNK7rocksdb8MemTable13KeyComparatorclEPKcRKNS_5SliceE,ldr x3  [sp  #0x68],0
5.45,5912,/home/ubuntu/rocksdb/db/memtable.cc,334,"    const char* prefix_len_key, const KeyComparator::DecodedType& key) const {",_ZNK7rocksdb8MemTable13KeyComparatorclEPKcRKNS_5SliceE,str x0  [sp  #0x68],0
5.65,5672,/home/ubuntu/rocksdb/util/user_comparator_wrapper.h,32,"    PERF_COUNTER_ADD(user_key_comparison_count, 1);",_ZNK7rocksdb8MemTable13KeyComparatorclEPKcRKNS_5SliceE,ldr x0  [x0  #0x4e0],0
5.49,5821,/home/ubuntu/rocksdb/db/dbformat.h,1111,"  int r = user_comparator_.Compare(ExtractUserKey(akey), ExtractUserKey(bkey));",_ZNK7rocksdb8MemTable13KeyComparatorclEPKcRKNS_5SliceE,stp x21  x19  [sp  #0x58],0
5.26,5741,/home/ubuntu/rocksdb/db/memtable.cc,338,"}",_ZNK7rocksdb8MemTable13KeyComparatorclEPKcRKNS_5SliceE,ldp x23  x24  [sp  #0x30],0
5.26,5733,/home/ubuntu/rocksdb/db/memtable.cc,334,"    const char* prefix_len_key, const KeyComparator::DecodedType& key) const {",_ZNK7rocksdb8MemTable13KeyComparatorclEPKcRKNS_5SliceE,stp x21  x22  [sp  #0x20],0
5.24,5710,/home/ubuntu/rocksdb/util/comparator.cc,160,"    return -a.compare(b);",_ZThn32_NK7rocksdb12_GLOBAL__N_122BytewiseComparatorImpl7CompareERKNS_5SliceES4_,ldp x29  x30  [sp]  #0x20,0
4.93,5816,/home/ubuntu/rocksdb/util/comparator.cc,160,"    return -a.compare(b);",_ZThn32_NK7rocksdb12_GLOBAL__N_122BytewiseComparatorImpl7CompareERKNS_5SliceES4_,ldp x19  x20  [sp  #0x10],0
5.02,5695,/home/ubuntu/rocksdb/util/user_comparator_wrapper.h,33,"    return user_comparator_->Compare(a, b);",_ZNK7rocksdb8MemTable13KeyComparatorclEPKcRKNS_5SliceE,ldr x3  [x22  #0x10],0
4.83,5856,/home/ubuntu/rocksdb/monitoring/perf_context.cc,172,"thread_local PerfContext perf_context;",__tls_init,stp x29  x30  [sp  #-0x20]!,0
4.89,5722,/home/ubuntu/rocksdb/util/comparator.cc,160,"    return -a.compare(b);",_ZThn32_NK7rocksdb12_GLOBAL__N_122BytewiseComparatorImpl7CompareERKNS_5SliceES4_,ldp x0  x20  [x1],0
4.82,5765,/home/ubuntu/rocksdb/util/comparator.cc,160,"    return -a.compare(b);",_ZThn32_NK7rocksdb12_GLOBAL__N_122BytewiseComparatorImpl7CompareERKNS_5SliceES4_,stp x29  x30  [sp  #-0x20]!,0
4.50,5718,/home/ubuntu/rocksdb/db/memtable.cc,334,"    const char* prefix_len_key, const KeyComparator::DecodedType& key) const {",_ZNK7rocksdb8MemTable13KeyComparatorclEPKcRKNS_5SliceE,stp x29  x30  [sp  #-0x70]!,0
15.85,1503,/home/ubuntu/rocksdb/memtable/inlineskiplist.h,529,"  return (n != nullptr) && (compare_(n->Key(), key) < 0);",_ZN7rocksdb14InlineSkipListIRKNS_11MemTableRep13KeyComparatorEE21RecomputeSpliceLevelsERKNS_5SliceEPNS5_6SpliceEi,ldr x5  [x5  #0x10],0
4.54,5114,/home/ubuntu/rocksdb/memtable/inlineskiplist.h,561,"                  : compare_(next->Key(), key_decoded);",_ZNK7rocksdb14InlineSkipListIRKNS_11MemTableRep13KeyComparatorEE18FindGreaterOrEqualEPKcPPNS5_4NodeE,ldr x0  [x27  #0x10],0
8.27,2801,/usr/include/c++/11/bits/atomic_base.h,820,"	return __atomic_load_n(&_M_p, int(__m));",_ZNK7rocksdb14InlineSkipListIRKNS_11MemTableRep13KeyComparatorEE18FindGreaterOrEqualEPKcPPNS5_4NodeE,ldar x19  [x2],0
14.06,1608,/usr/include/c++/11/bits/atomic_base.h,820,"	return __atomic_load_n(&_M_p, int(__m));",_ZN7rocksdb14InlineSkipListIRKNS_11MemTableRep13KeyComparatorEE21RecomputeSpliceLevelsERKNS_5SliceEPNS5_6SpliceEi,ldar x19  [x1],0
57.60,316,/usr/include/c++/11/bits/random.tcc,459,"      result_type __z = _M_x[_M_p++];",_ZNSt23mersenne_twister_engineImLm64ELm312ELm156ELm31ELm13043109905998158313ELm29ELm6148914691236517205ELm17ELm8202884508482404352ELm37ELm18444473444759240704ELm43ELm6364136223846793005EEclEv,ldr x3  [x19  x2  lsl #3],0
10.62,1517,/home/ubuntu/rocksdb/memtable/inlineskiplist.h,529,"  return (n != nullptr) && (compare_(n->Key(), key) < 0);",_ZN7rocksdb14InlineSkipListIRKNS_11MemTableRep13KeyComparatorEE21RecomputeSpliceLevelsERKNS_5SliceEPNS5_6SpliceEi,ldr x5  [x0],0
14.12,828,/usr/include/c++/11/bits/atomic_base.h,820,"	return __atomic_load_n(&_M_p, int(__m));",_ZN7rocksdb14InlineSkipListIRKNS_11MemTableRep13KeyComparatorEE21RecomputeSpliceLevelsERKNS_5SliceEPNS5_6SpliceEi,ldar x19  [x1],0
8.24,1417,/usr/include/c++/11/bits/atomic_base.h,820,"	return __atomic_load_n(&_M_p, int(__m));",_ZNK7rocksdb14InlineSkipListIRKNS_11MemTableRep13KeyComparatorEE18FindGreaterOrEqualEPKcPPNS5_4NodeE,ldar x19  [x2],0
15.27,725,/home/ubuntu/rocksdb/memtable/inlineskiplist.h,529,"  return (n != nullptr) && (compare_(n->Key(), key) < 0);",_ZN7rocksdb14InlineSkipListIRKNS_11MemTableRep13KeyComparatorEE21RecomputeSpliceLevelsERKNS_5SliceEPNS5_6SpliceEi,ldr x5  [x5  #0x10],0
67.05,150,/usr/include/c++/11/bits/random.tcc,459,"      result_type __z = _M_x[_M_p++];",_ZNSt23mersenne_twister_engineImLm64ELm312ELm156ELm31ELm13043109905998158313ELm29ELm6148914691236517205ELm17ELm8202884508482404352ELm37ELm18444473444759240704ELm43ELm6364136223846793005EEclEv,ldr x3  [x19  x2  lsl #3],0
30.30,302,/home/ubuntu/rocksdb/memtable/inlineskiplist.h,534,"InlineSkipList<Comparator>::FindGreaterOrEqual(",_ZNK7rocksdb14InlineSkipListIRKNS_11MemTableRep13KeyComparatorEE18FindGreaterOrEqualEPKcPPNS5_4NodeE,stp x21  x22  [sp  #0x20],0
24.75,326,/home/ubuntu/rocksdb/memtable/inlineskiplist.h,534,"InlineSkipList<Comparator>::FindGreaterOrEqual(",_ZNK7rocksdb14InlineSkipListIRKNS_11MemTableRep13KeyComparatorEE18FindGreaterOrEqualEPKcPPNS5_4NodeE,stp x19  x20  [sp  #0x10],0
10.29,732,/home/ubuntu/rocksdb/memtable/inlineskiplist.h,529,"  return (n != nullptr) && (compare_(n->Key(), key) < 0);",_ZN7rocksdb14InlineSkipListIRKNS_11MemTableRep13KeyComparatorEE21RecomputeSpliceLevelsERKNS_5SliceEPNS5_6SpliceEi,ldr x5  [x0],0
21.36,351,/home/ubuntu/rocksdb/memtable/inlineskiplist.h,534,"InlineSkipList<Comparator>::FindGreaterOrEqual(",_ZNK7rocksdb14InlineSkipListIRKNS_11MemTableRep13KeyComparatorEE18FindGreaterOrEqualEPKcPPNS5_4NodeE,stp x29  x30  [sp  #-0x80]!,0
24.63,293,/home/ubuntu/rocksdb/memtable/inlineskiplist.h,534,"InlineSkipList<Comparator>::FindGreaterOrEqual(",_ZNK7rocksdb14InlineSkipListIRKNS_11MemTableRep13KeyComparatorEE18FindGreaterOrEqualEPKcPPNS5_4NodeE,stp x23  x24  [sp  #0x30],0
4.62,1524,/home/ubuntu/rocksdb/memtable/inlineskiplist.h,529,"  return (n != nullptr) && (compare_(n->Key(), key) < 0);",_ZN7rocksdb14InlineSkipListIRKNS_11MemTableRep13KeyComparatorEE21RecomputeSpliceLevelsERKNS_5SliceEPNS5_6SpliceEi,ldr x0  [x28  #0x10],0
38.72,169,/home/ubuntu/rocksdb/memtable/inlineskiplist.h,534,"InlineSkipList<Comparator>::FindGreaterOrEqual(",_ZNK7rocksdb14InlineSkipListIRKNS_11MemTableRep13KeyComparatorEE18FindGreaterOrEqualEPKcPPNS5_4NodeE,stp x21  x22  [sp  #0x20],0
15.38,405,/usr/include/c++/11/bits/random.tcc,455,"      if (_M_p >= state_size)",_ZNSt23mersenne_twister_engineImLm64ELm312ELm156ELm31ELm13043109905998158313ELm29ELm6148914691236517205ELm17ELm8202884508482404352ELm37ELm18444473444759240704ELm43ELm6364136223846793005EEclEv,ldr x2  [x0  #0x9c0],0
20.99,288,/home/ubuntu/rocksdb/memtable/memtablerep_bench.cc,322,"    table_->Get(lookup_key, &verify_args, callback);",_ZN7rocksdb19ReadBenchmarkThread7ReadOneEv,ldr x4  [x2  #0x60],0
17.57,333,/usr/include/c++/11/bits/basic_string.h,191,"      { _M_string_length = __length; }",_ZN7rocksdb12_GLOBAL__N_111SkipListRep3GetERKNS_9LookupKeyEPvPFbS5_PKcE,str xzr  [sp  #0x70],0
12.37,461,/home/ubuntu/rocksdb/memtable/inlineskiplist.h,912,"    FindSpliceForLevel<true>(key, splice->prev_[i + 1], splice->next_[i + 1], i,",_ZN7rocksdb14InlineSkipListIRKNS_11MemTableRep13KeyComparatorEE21RecomputeSpliceLevelsERKNS_5SliceEPNS5_6SpliceEi,ldr x23  [x1  x0],0
12.44,449,/home/ubuntu/rocksdb/memtable/inlineskiplist.h,912,"    FindSpliceForLevel<true>(key, splice->prev_[i + 1], splice->next_[i + 1], i,",_ZN7rocksdb14InlineSkipListIRKNS_11MemTableRep13KeyComparatorEE21RecomputeSpliceLevelsERKNS_5SliceEPNS5_6SpliceEi,ldr x25  [x2  x0],0
15.37,347,/usr/include/c++/11/bits/random.tcc,459,"      result_type __z = _M_x[_M_p++];",_ZNSt23mersenne_twister_engineImLm64ELm312ELm156ELm31ELm13043109905998158313ELm29ELm6148914691236517205ELm17ELm8202884508482404352ELm37ELm18444473444759240704ELm43ELm6364136223846793005EEclEv,str x2  [x19  #0x9c0],0
14.45,353,/home/ubuntu/rocksdb/memtable/memtablerep_bench.cc,304,"            ->Equal(Slice(key_ptr, key_length - 8),",_ZN7rocksdb19ReadBenchmarkThread8callbackEPvPKc,ldr x3  [x6  #0x98],0
14.46,344,/home/ubuntu/rocksdb/memtable/memtablerep_bench.cc,322,"    table_->Get(lookup_key, &verify_args, callback);",_ZN7rocksdb19ReadBenchmarkThread7ReadOneEv,ldr x2  [x0],0
14.39,339,/home/ubuntu/rocksdb/memtable/memtablerep_bench.cc,297,"  static bool callback(void* arg, const char* entry) {",_ZN7rocksdb19ReadBenchmarkThread8callbackEPvPKc,ldr x1  [x2],0
32.92,147,/home/ubuntu/rocksdb/memtable/inlineskiplist.h,534,"InlineSkipList<Comparator>::FindGreaterOrEqual(",_ZNK7rocksdb14InlineSkipListIRKNS_11MemTableRep13KeyComparatorEE18FindGreaterOrEqualEPKcPPNS5_4NodeE,stp x19  x20  [sp  #0x10],0
16.11,300,/usr/include/c++/11/bits/char_traits.h,357,"      { __c1 = __c2; }",_ZN7rocksdb12_GLOBAL__N_111SkipListRep3GetERKNS_9LookupKeyEPvPFbS5_PKcE,strb wzr  [sp  #0x78],0
32.86,145,/home/ubuntu/rocksdb/memtable/inlineskiplist.h,534,"InlineSkipList<Comparator>::FindGreaterOrEqual(",_ZNK7rocksdb14InlineSkipListIRKNS_11MemTableRep13KeyComparatorEE18FindGreaterOrEqualEPKcPPNS5_4NodeE,stp x23  x24  [sp  #0x30],0
14.98,318,/home/ubuntu/rocksdb/memtable/inlineskiplist.h,544,"  const DecodedKey key_decoded = compare_.decode_key(key);",_ZNK7rocksdb14InlineSkipListIRKNS_11MemTableRep13KeyComparatorEE18FindGreaterOrEqualEPKcPPNS5_4NodeE,ldr x3  [x3],0
14.43,324,/home/ubuntu/rocksdb/memtable/memtablerep_bench.cc,181,"    switch (mode_) {",_ZN7rocksdb19ReadBenchmarkThread7ReadOneEv,ldr w0  [x20  #8],0
14.79,309,/home/ubuntu/rocksdb/util/coding.h,331,"  uint32_t len = 0;",_ZNK7rocksdb14InlineSkipListIRKNS_11MemTableRep13KeyComparatorEE18FindGreaterOrEqualEPKcPPNS5_4NodeE,str wzr  [sp  #0x68],0
13.71,313,/home/ubuntu/rocksdb/util/random.h,157,"  uint64_t Next() { return generator_(); }",_ZN7rocksdb19ReadBenchmarkThread7ReadOneEv,ldr x0  [x20],0
6.28,653,(null),0,(null),(null),(null),0
6.42,624,(null),0,(null),(null),(null),0
13.16,293,/home/ubuntu/rocksdb/memtable/memtablerep_bench.cc,315,"    LookupKey lookup_key(user_key, *sequence_);",_ZN7rocksdb19ReadBenchmarkThread7ReadOneEv,ldr x2  [x0],0
26.46,142,/home/ubuntu/rocksdb/memtable/inlineskiplist.h,534,"InlineSkipList<Comparator>::FindGreaterOrEqual(",_ZNK7rocksdb14InlineSkipListIRKNS_11MemTableRep13KeyComparatorEE18FindGreaterOrEqualEPKcPPNS5_4NodeE,stp x29  x30  [sp  #-0x80]!,0
17.21,213,/usr/include/c++/11/bits/random.tcc,405,"	  _M_x[__k] = (_M_x[__k + __m] ^ (__y >> 1)",_ZNSt23mersenne_twister_engineImLm64ELm312ELm156ELm31ELm13043109905998158313ELm29ELm6148914691236517205ELm17ELm8202884508482404352ELm37ELm18444473444759240704ELm43ELm6364136223846793005EE11_M_gen_randEv,ldr x2  [x3  #0x4e0],0
11.55,314,/home/ubuntu/rocksdb/memtable/inlineskiplist.h,544,"  const DecodedKey key_decoded = compare_.decode_key(key);",_ZNK7rocksdb14InlineSkipListIRKNS_11MemTableRep13KeyComparatorEE18FindGreaterOrEqualEPKcPPNS5_4NodeE,ldr x3  [x4],0
20.69,175,/usr/include/c++/11/bits/random.tcc,459,"      result_type __z = _M_x[_M_p++];",_ZNSt23mersenne_twister_engineImLm64ELm312ELm156ELm31ELm13043109905998158313ELm29ELm6148914691236517205ELm17ELm8202884508482404352ELm37ELm18444473444759240704ELm43ELm6364136223846793005EEclEv,str x2  [x19  #0x9c0],0
11.09,321,/home/ubuntu/rocksdb/memtable/memtablerep_bench.cc,315,"    LookupKey lookup_key(user_key, *sequence_);",_ZN7rocksdb19ReadBenchmarkThread7ReadOneEv,ldr x0  [x19  #0x28],0
10.92,325,/usr/include/c++/11/bits/basic_string.h,168,"	: allocator_type(std::move(__a)), _M_p(__dat) { }",_ZN7rocksdb12_GLOBAL__N_111SkipListRep3GetERKNS_9LookupKeyEPvPFbS5_PKcE,stp xzr  x22  [sp  #0x60],0
7.28,481,/home/ubuntu/rocksdb/memtable/inlineskiplist.h,912,"    FindSpliceForLevel<true>(key, splice->prev_[i + 1], splice->next_[i + 1], i,",_ZN7rocksdb14InlineSkipListIRKNS_11MemTableRep13KeyComparatorEE21RecomputeSpliceLevelsERKNS_5SliceEPNS5_6SpliceEi,ldp x2  x1  [x1  #8],0
11.64,299,/home/ubuntu/rocksdb/memtable/memtablerep_bench.cc,304,"            ->Equal(Slice(key_ptr, key_length - 8),",_ZN7rocksdb19ReadBenchmarkThread8callbackEPvPKc,ldr x6  [x0],0
4.60,756,/home/ubuntu/rocksdb/memtable/inlineskiplist.h,529,"  return (n != nullptr) && (compare_(n->Key(), key) < 0);",_ZN7rocksdb14InlineSkipListIRKNS_11MemTableRep13KeyComparatorEE21RecomputeSpliceLevelsERKNS_5SliceEPNS5_6SpliceEi,ldr x0  [x28  #0x10],0
10.47,332,/home/ubuntu/rocksdb/memtable/inlineskiplist.h,534,"InlineSkipList<Comparator>::FindGreaterOrEqual(",_ZNK7rocksdb14InlineSkipListIRKNS_11MemTableRep13KeyComparatorEE18FindGreaterOrEqualEPKcPPNS5_4NodeE,stp x25  x26  [sp  #0x40],0
10.87,319,/home/ubuntu/rocksdb/memtable/memtablerep_bench.cc,320,"    verify_args.table = table_;",_ZN7rocksdb19ReadBenchmarkThread7ReadOneEv,ldr x0  [x19  #8],0
20.83,166,/usr/include/c++/11/bits/basic_string.h,191,"      { _M_string_length = __length; }",_ZN7rocksdb12_GLOBAL__N_111SkipListRep3GetERKNS_9LookupKeyEPvPFbS5_PKcE,str xzr  [sp  #0x70],0
10.86,312,/home/ubuntu/rocksdb/util/coding.h,335,"  return Slice(p, len);",_ZNK7rocksdb14InlineSkipListIRKNS_11MemTableRep13KeyComparatorEE18FindGreaterOrEqualEPKcPPNS5_4NodeE,stp x0  x1  [sp  #0x68],0
10.85,312,/home/ubuntu/rocksdb/memtable/memtablerep_bench.cc,327,"  }",_ZN7rocksdb19ReadBenchmarkThread7ReadOneEv,ldr x1  [x0],0
20.29,166,/usr/include/c++/11/bits/char_traits.h,357,"      { __c1 = __c2; }",_ZN7rocksdb12_GLOBAL__N_111SkipListRep3GetERKNS_9LookupKeyEPvPFbS5_PKcE,strb wzr  [sp  #0x78],0
5.40,613,(null),0,(null),(null),(null),0
10.78,306,/home/ubuntu/rocksdb/memtable/inlineskiplist.h,534,"InlineSkipList<Comparator>::FindGreaterOrEqual(",_ZNK7rocksdb14InlineSkipListIRKNS_11MemTableRep13KeyComparatorEE18FindGreaterOrEqualEPKcPPNS5_4NodeE,str x4  [sp  #0x78],0
10.17,314,/home/ubuntu/rocksdb/memtable/skiplistrep.cc,93,"  }",_ZN7rocksdb12_GLOBAL__N_111SkipListRep3GetERKNS_9LookupKeyEPvPFbS5_PKcE,ldr x1  [x0],0
14.64,213,/usr/include/c++/11/bits/random.tcc,412,"			   | (_M_x[__k + 1] & __lower_mask));",_ZNSt23mersenne_twister_engineImLm64ELm312ELm156ELm31ELm13043109905998158313ELm29ELm6148914691236517205ELm17ELm8202884508482404352ELm37ELm18444473444759240704ELm43ELm6364136223846793005EE11_M_gen_randEv,ldr x4  [x1  #0x4e0],0
9.31,333,/home/ubuntu/rocksdb/memtable/inlineskiplist.h,897,"      *out_prev = before;",_ZN7rocksdb14InlineSkipListIRKNS_11MemTableRep13KeyComparatorEE21RecomputeSpliceLevelsERKNS_5SliceEPNS5_6SpliceEi,str x25  [x0  x24],0
16.03,190,/usr/include/c++/11/bits/random.tcc,404,"			   | (_M_x[__k + 1] & __lower_mask));",_ZNSt23mersenne_twister_engineImLm64ELm312ELm156ELm31ELm13043109905998158313ELm29ELm6148914691236517205ELm17ELm8202884508482404352ELm37ELm18444473444759240704ELm43ELm6364136223846793005EE11_M_gen_randEv,ldp x4  x5  [x3],0
9.94,304,/home/ubuntu/rocksdb/memtable/inlineskiplist.h,573,"}",_ZNK7rocksdb14InlineSkipListIRKNS_11MemTableRep13KeyComparatorEE18FindGreaterOrEqualEPKcPPNS5_4NodeE,ldr x1  [x0],0
4.53,666,(null),0,(null),(null),(null),0
9.09,330,/home/ubuntu/rocksdb/memtable/memtablerep_bench.cc,309,"  }",_ZN7rocksdb19ReadBenchmarkThread8callbackEPvPKc,ldr x1  [x0],0
8.60,346,/home/ubuntu/rocksdb/memtable/memtablerep_bench.cc,185,"        return rand_->Next() % num_;",_ZN7rocksdb19ReadBenchmarkThread7ReadOneEv,ldr x3  [x20  #0x10],0
8.70,341,/home/ubuntu/rocksdb/memtable/skiplistrep.cc,85,"  void Get(const LookupKey& k, void* callback_args,",_ZN7rocksdb12_GLOBAL__N_111SkipListRep3GetERKNS_9LookupKeyEPvPFbS5_PKcE,stp x21  x22  [sp  #0x20],0
9.21,320,/home/ubuntu/rocksdb/memtable/memtablerep_bench.cc,375,"    for (unsigned int i = 0; i < num_ops_; ++i) {",_ZNSt6thread11_State_implINS_8_InvokerISt5tupleIJN7rocksdb29ConcurrentReadBenchmarkThreadEEEEEE6_M_runEv,ldr x0  [x20  #0x30],0
10.94,269,/home/ubuntu/rocksdb/memtable/inlineskiplist.h,534,"InlineSkipList<Comparator>::FindGreaterOrEqual(",_ZNK7rocksdb14InlineSkipListIRKNS_11MemTableRep13KeyComparatorEE18FindGreaterOrEqualEPKcPPNS5_4NodeE,str x27  [sp  #0x50],0
8.16,355,/home/ubuntu/rocksdb/db/lookup_key.h,43,"    return Slice(kstart_, static_cast<size_t>(end_ - kstart_ - 8));",_ZN7rocksdb19ReadBenchmarkThread8callbackEPvPKc,ldr x4  [x5  #8],0
9.03,316,/home/ubuntu/rocksdb/memtable/skiplistrep.cc,85,"  void Get(const LookupKey& k, void* callback_args,",_ZN7rocksdb12_GLOBAL__N_111SkipListRep3GetERKNS_9LookupKeyEPvPFbS5_PKcE,stp x23  x24  [sp  #0x30],0
15.78,180,/usr/include/c++/11/bits/random.tcc,405,"	  _M_x[__k] = (_M_x[__k + __m] ^ (__y >> 1)",_ZNSt23mersenne_twister_engineImLm64ELm312ELm156ELm31ELm13043109905998158313ELm29ELm6148914691236517205ELm17ELm8202884508482404352ELm37ELm18444473444759240704ELm43ELm6364136223846793005EE11_M_gen_randEv,str x2  [x3]  #8,0
8.25,335,/home/ubuntu/rocksdb/db/lookup_key.h,43,"    return Slice(kstart_, static_cast<size_t>(end_ - kstart_ - 8));",_ZN7rocksdb19ReadBenchmarkThread8callbackEPvPKc,ldr x1  [x5  #0x10],0
7.69,354,/home/ubuntu/rocksdb/memtable/inlineskiplist.h,384,"  list_ = list;",_ZN7rocksdb12_GLOBAL__N_111SkipListRep3GetERKNS_9LookupKeyEPvPFbS5_PKcE,stp x4  x0  [sp  #0x50],0
8.67,314,(null),0,(null),(null),(null),0
13.08,207,/usr/include/c++/11/bits/random.tcc,413,"	  _M_x[__k] = (_M_x[__k + (__m - __n)] ^ (__y >> 1)",_ZNSt23mersenne_twister_engineImLm64ELm312ELm156ELm31ELm13043109905998158313ELm29ELm6148914691236517205ELm17ELm8202884508482404352ELm37ELm18444473444759240704ELm43ELm6364136223846793005EE11_M_gen_randEv,str x2  [x1  #0x4d8],0
12.07,223,/home/ubuntu/rocksdb/memtable/inlineskiplist.h,912,"    FindSpliceForLevel<true>(key, splice->prev_[i + 1], splice->next_[i + 1], i,",_ZN7rocksdb14InlineSkipListIRKNS_11MemTableRep13KeyComparatorEE21RecomputeSpliceLevelsERKNS_5SliceEPNS5_6SpliceEi,ldr x23  [x1  x0],0
9.45,283,/home/ubuntu/rocksdb/memtable/inlineskiplist.h,898,"      *out_next = next;",_ZN7rocksdb14InlineSkipListIRKNS_11MemTableRep13KeyComparatorEE21RecomputeSpliceLevelsERKNS_5SliceEPNS5_6SpliceEi,str x19  [x0  x24],0
7.89,334,/home/ubuntu/rocksdb/memtable/memtablerep_bench.cc,311,"  void ReadOne() {",_ZN7rocksdb19ReadBenchmarkThread7ReadOneEv,ldr x0  [x1],0
12.49,209,/home/ubuntu/rocksdb/memtable/inlineskiplist.h,912,"    FindSpliceForLevel<true>(key, splice->prev_[i + 1], splice->next_[i + 1], i,",_ZN7rocksdb14InlineSkipListIRKNS_11MemTableRep13KeyComparatorEE21RecomputeSpliceLevelsERKNS_5SliceEPNS5_6SpliceEi,ldr x25  [x2  x0],0
7.97,323,/home/ubuntu/rocksdb/memtable/skiplistrep.cc,85,"  void Get(const LookupKey& k, void* callback_args,",_ZN7rocksdb12_GLOBAL__N_111SkipListRep3GetERKNS_9LookupKeyEPvPFbS5_PKcE,ldr x6  [x5],0
16.11,157,/home/ubuntu/rocksdb/memtable/inlineskiplist.h,534,"InlineSkipList<Comparator>::FindGreaterOrEqual(",_ZNK7rocksdb14InlineSkipListIRKNS_11MemTableRep13KeyComparatorEE18FindGreaterOrEqualEPKcPPNS5_4NodeE,str x27  [sp  #0x50],0
15.27,165,/usr/include/c++/11/bits/random.tcc,455,"      if (_M_p >= state_size)",_ZNSt23mersenne_twister_engineImLm64ELm312ELm156ELm31ELm13043109905998158313ELm29ELm6148914691236517205ELm17ELm8202884508482404352ELm37ELm18444473444759240704ELm43ELm6364136223846793005EEclEv,ldr x2  [x0  #0x9c0],0
14.37,175,/usr/include/c++/11/bits/random.tcc,413,"	  _M_x[__k] = (_M_x[__k + (__m - __n)] ^ (__y >> 1)",_ZNSt23mersenne_twister_engineImLm64ELm312ELm156ELm31ELm13043109905998158313ELm29ELm6148914691236517205ELm17ELm8202884508482404352ELm37ELm18444473444759240704ELm43ELm6364136223846793005EE11_M_gen_randEv,ldur x2  [x1  #-8],0
8.59,287,/home/ubuntu/rocksdb/util/user_comparator_wrapper.h,29,"  const Comparator* user_comparator() const { return user_comparator_; }",_ZN7rocksdb19ReadBenchmarkThread8callbackEPvPKc,ldr x0  [x0  #8],0
17.70,136,/home/ubuntu/rocksdb/memtable/memtablerep_bench.cc,322,"    table_->Get(lookup_key, &verify_args, callback);",_ZN7rocksdb19ReadBenchmarkThread7ReadOneEv,ldr x4  [x2  #0x60],0
12.95,182,/usr/include/c++/11/bits/random.tcc,411,"	  _UIntType __y = ((_M_x[__k] & __upper_mask)",_ZNSt23mersenne_twister_engineImLm64ELm312ELm156ELm31ELm13043109905998158313ELm29ELm6148914691236517205ELm17ELm8202884508482404352ELm37ELm18444473444759240704ELm43ELm6364136223846793005EE11_M_gen_randEv,ldr x3  [x1  #0x4e0],0
7.33,319,/home/ubuntu/rocksdb/memtable/inlineskiplist.h,534,"InlineSkipList<Comparator>::FindGreaterOrEqual(",_ZNK7rocksdb14InlineSkipListIRKNS_11MemTableRep13KeyComparatorEE18FindGreaterOrEqualEPKcPPNS5_4NodeE,ldr x4  [x3],0
15.98,146,/home/ubuntu/rocksdb/util/coding.h,331,"  uint32_t len = 0;",_ZNK7rocksdb14InlineSkipListIRKNS_11MemTableRep13KeyComparatorEE18FindGreaterOrEqualEPKcPPNS5_4NodeE,str wzr  [sp  #0x68],0
14.84,149,/home/ubuntu/rocksdb/memtable/memtablerep_bench.cc,322,"    table_->Get(lookup_key, &verify_args, callback);",_ZN7rocksdb19ReadBenchmarkThread7ReadOneEv,ldr x2  [x0],0
6.98,306,/home/ubuntu/rocksdb/util/coding.h,108,"    uint32_t result = *(reinterpret_cast<const unsigned char*>(p));",_ZNK7rocksdb14InlineSkipListIRKNS_11MemTableRep13KeyComparatorEE18FindGreaterOrEqualEPKcPPNS5_4NodeE,ldrb w1  [x1],0
7.00,297,/home/ubuntu/rocksdb/include/rocksdb/slice.h,36,"  Slice() : data_(""), size_(0) {}",_ZN7rocksdb12_GLOBAL__N_111SkipListRep3GetERKNS_9LookupKeyEPvPFbS5_PKcE,stp x5  xzr  [sp  #0x40],0
7.09,291,/home/ubuntu/rocksdb/memtable/inlineskiplist.h,544,"  const DecodedKey key_decoded = compare_.decode_key(key);",_ZNK7rocksdb14InlineSkipListIRKNS_11MemTableRep13KeyComparatorEE18FindGreaterOrEqualEPKcPPNS5_4NodeE,ldr x4  [x0  #0x10],0
14.38,143,/home/ubuntu/rocksdb/memtable/inlineskiplist.h,534,"InlineSkipList<Comparator>::FindGreaterOrEqual(",_ZNK7rocksdb14InlineSkipListIRKNS_11MemTableRep13KeyComparatorEE18FindGreaterOrEqualEPKcPPNS5_4NodeE,stp x25  x26  [sp  #0x40],0
5.72,358,/home/ubuntu/rocksdb/memtable/memtablerep_bench.cc,327,"  }",_ZN7rocksdb19ReadBenchmarkThread7ReadOneEv,ldr x0  [x0  #0xe38],0
6.44,315,/home/ubuntu/rocksdb/util/comparator.cc,324,"  return &bytewise;",_ZN7rocksdb18BytewiseComparatorEv,ldr x0  [x19  #8],0
14.46,139,/home/ubuntu/rocksdb/memtable/inlineskiplist.h,544,"  const DecodedKey key_decoded = compare_.decode_key(key);",_ZNK7rocksdb14InlineSkipListIRKNS_11MemTableRep13KeyComparatorEE18FindGreaterOrEqualEPKcPPNS5_4NodeE,ldr x3  [x3],0
4.35,462,/home/ubuntu/rocksdb/memtable/inlineskiplist.h,912,"    FindSpliceForLevel<true>(key, splice->prev_[i + 1], splice->next_[i + 1], i,",_ZN7rocksdb14InlineSkipListIRKNS_11MemTableRep13KeyComparatorEE21RecomputeSpliceLevelsERKNS_5SliceEPNS5_6SpliceEi,stp x2  x1  [sp  #0x68],0
13.73,146,/home/ubuntu/rocksdb/memtable/memtablerep_bench.cc,181,"    switch (mode_) {",_ZN7rocksdb19ReadBenchmarkThread7ReadOneEv,ldr w0  [x20  #8],0
4.31,465,/home/ubuntu/rocksdb/memtable/inlineskiplist.h,912,"    FindSpliceForLevel<true>(key, splice->prev_[i + 1], splice->next_[i + 1], i,",_ZN7rocksdb14InlineSkipListIRKNS_11MemTableRep13KeyComparatorEE21RecomputeSpliceLevelsERKNS_5SliceEPNS5_6SpliceEi,ldr x1  [sp  #0x78],0
13.49,148,/home/ubuntu/rocksdb/util/random.h,157,"  uint64_t Next() { return generator_(); }",_ZN7rocksdb19ReadBenchmarkThread7ReadOneEv,ldr x0  [x20],0
6.29,308,/home/ubuntu/rocksdb/util/comparator.cc,323,"  STATIC_AVOID_DESTRUCTION(BytewiseComparatorImpl, bytewise);",_ZN7rocksdb18BytewiseComparatorEv,ldar x1  [x0],0
5.62,343,/home/ubuntu/rocksdb/memtable/inlineskiplist.h,534,"InlineSkipList<Comparator>::FindGreaterOrEqual(",_ZNK7rocksdb14InlineSkipListIRKNS_11MemTableRep13KeyComparatorEE18FindGreaterOrEqualEPKcPPNS5_4NodeE,ldr x3  [x3  #0xba8],0
14.31,134,/home/ubuntu/rocksdb/memtable/memtablerep_bench.cc,304,"            ->Equal(Slice(key_ptr, key_length - 8),",_ZN7rocksdb19ReadBenchmarkThread8callbackEPvPKc,ldr x3  [x6  #0x98],0
5.77,327,/home/ubuntu/rocksdb/memtable/memtablerep_bench.cc,313,"    auto key = key_gen_->Next();",_ZN7rocksdb19ReadBenchmarkThread7ReadOneEv,ldr x20  [x0  #0x10],0
5.31,355,/usr/include/c++/11/bits/random.tcc,450,"    mersenne_twister_engine<_UIntType, __w, __n, __m, __r, __a, __u, __d,",_ZNSt23mersenne_twister_engineImLm64ELm312ELm156ELm31ELm13043109905998158313ELm29ELm6148914691236517205ELm17ELm8202884508482404352ELm37ELm18444473444759240704ELm43ELm6364136223846793005EEclEv,str x19  [sp  #0x10],0
4.69,399,/home/ubuntu/rocksdb/util/random.cc,49,"    ret[i] = static_cast<char>(' ' + Uniform(95));  // ' ' .. '~'",_ZN7rocksdb6Random12RandomStringB5cxx11Ei,strb w2  [x4  x1],0
5.80,322,???,0,???,???,???,0
5.07,368,/home/ubuntu/rocksdb/util/coding.cc,29,"    *(ptr++) = v;",_ZN7rocksdb14EncodeVarint32EPcj,strb w3  [x0]  #1,0
5.44,342,/home/ubuntu/rocksdb/memtable/memtablerep_bench.cc,322,"    table_->Get(lookup_key, &verify_args, callback);",_ZN7rocksdb19ReadBenchmarkThread7ReadOneEv,ldr x3  [x3  #0xfc0],0
4.81,385,/usr/include/c++/11/bits/random.tcc,450,"    mersenne_twister_engine<_UIntType, __w, __n, __m, __r, __a, __u, __d,",_ZNSt23mersenne_twister_engineImLm64ELm312ELm156ELm31ELm13043109905998158313ELm29ELm6148914691236517205ELm17ELm8202884508482404352ELm37ELm18444473444759240704ELm43ELm6364136223846793005EEclEv,stp x29  x30  [sp  #-0x20]!,0
6.27,295,/home/ubuntu/rocksdb/util/comparator.cc,322,"const Comparator* BytewiseComparator() {",_ZN7rocksdb18BytewiseComparatorEv,str x19  [sp  #0x10],0
5.75,321,/home/ubuntu/rocksdb/memtable/memtablerep_bench.cc,185,"        return rand_->Next() % num_;",_ZN7rocksdb19ReadBenchmarkThread7ReadOneEv,ldr x4  [sp  #0x80],0
5.36,343,/home/ubuntu/rocksdb/memtable/memtablerep_bench.cc,327,"  }",_ZN7rocksdb19ReadBenchmarkThread7ReadOneEv,ldp x29  x30  [sp]  #0x180,0
4.58,401,/home/ubuntu/rocksdb/memtable/inlineskiplist.h,898,"      *out_next = next;",_ZN7rocksdb14InlineSkipListIRKNS_11MemTableRep13KeyComparatorEE21RecomputeSpliceLevelsERKNS_5SliceEPNS5_6SpliceEi,ldr x0  [sp  #0x70],0
7.41,247,/home/ubuntu/rocksdb/memtable/inlineskiplist.h,912,"    FindSpliceForLevel<true>(key, splice->prev_[i + 1], splice->next_[i + 1], i,",_ZN7rocksdb14InlineSkipListIRKNS_11MemTableRep13KeyComparatorEE21RecomputeSpliceLevelsERKNS_5SliceEPNS5_6SpliceEi,ldp x2  x1  [x1  #8],0
6.00,301,/home/ubuntu/rocksdb/memtable/inlineskiplist.h,542,"  int level = GetMaxHeight() - 1;",_ZNK7rocksdb14InlineSkipListIRKNS_11MemTableRep13KeyComparatorEE18FindGreaterOrEqualEPKcPPNS5_4NodeE,ldr x2  [x2  #0x970],0
5.62,320,/home/ubuntu/rocksdb/db/dbformat.h,399,"  explicit InternalKeyComparator(const Comparator* c) : user_comparator_(c) {}",_ZN7rocksdb19ReadBenchmarkThread7ReadOneEv,ldr x1  [x1  #0xfb8],0
5.52,324,/home/ubuntu/rocksdb/memtable/skiplistrep.cc,93,"  }",_ZN7rocksdb12_GLOBAL__N_111SkipListRep3GetERKNS_9LookupKeyEPvPFbS5_PKcE,ldr x0  [x0  #0xba8],0
13.70,130,/home/ubuntu/rocksdb/memtable/memtablerep_bench.cc,297,"  static bool callback(void* arg, const char* entry) {",_ZN7rocksdb19ReadBenchmarkThread8callbackEPvPKc,ldr x1  [x2],0
5.27,338,/home/ubuntu/rocksdb/memtable/skiplistrep.cc,93,"  }",_ZN7rocksdb12_GLOBAL__N_111SkipListRep3GetERKNS_9LookupKeyEPvPFbS5_PKcE,ldp x29  x30  [sp]  #0x90,0
4.79,371,/usr/include/c++/11/bits/random.tcc,466,"    }",_ZNSt23mersenne_twister_engineImLm64ELm312ELm156ELm31ELm13043109905998158313ELm29ELm6148914691236517205ELm17ELm8202884508482404352ELm37ELm18444473444759240704ELm43ELm6364136223846793005EEclEv,ldr x19  [sp  #0x10],0
5.71,311,/usr/include/c++/11/bits/atomic_base.h,488,"	return __atomic_load_n(&_M_i, int(__m));",_ZNK7rocksdb14InlineSkipListIRKNS_11MemTableRep13KeyComparatorEE18FindGreaterOrEqualEPKcPPNS5_4NodeE,ldr w20  [x2],0
5.57,319,/usr/aarch64-linux-gnu/include/bits/string_fortified.h,29,"  return __builtin___memcpy_chk (__dest, __src, __len,",_ZN7rocksdb9LookupKeyC2ERKNS_5SliceEmPS2_,str x20  [x1]  #8,0
5.41,328,/home/ubuntu/rocksdb/memtable/inlineskiplist.h,541,"  Node* x = head_;",_ZNK7rocksdb14InlineSkipListIRKNS_11MemTableRep13KeyComparatorEE18FindGreaterOrEqualEPKcPPNS5_4NodeE,ldr x25  [x0  #0x18],0
10.94,162,/home/ubuntu/rocksdb/memtable/inlineskiplist.h,544,"  const DecodedKey key_decoded = compare_.decode_key(key);",_ZNK7rocksdb14InlineSkipListIRKNS_11MemTableRep13KeyComparatorEE18FindGreaterOrEqualEPKcPPNS5_4NodeE,ldr x3  [x4],0
5.19,339,/home/ubuntu/rocksdb/memtable/memtablerep_bench.cc,323,"    if (verify_args.found) {",_ZN7rocksdb19ReadBenchmarkThread7ReadOneEv,ldrb w0  [sp  #0x58],0
6.14,286,???,0,???,???,???,0
5.24,335,/usr/include/c++/11/bits/basic_string.h,191,"      { _M_string_length = __length; }",_ZN7rocksdb19ReadBenchmarkThread7ReadOneEv,stp x21  xzr  [sp  #0x78],0
5.47,320,/home/ubuntu/rocksdb/memtable/memtablerep_bench.cc,309,"  }",_ZN7rocksdb19ReadBenchmarkThread8callbackEPvPKc,ldr x0  [x0  #0xe38],0
11.93,146,/home/ubuntu/rocksdb/util/coding.h,335,"  return Slice(p, len);",_ZNK7rocksdb14InlineSkipListIRKNS_11MemTableRep13KeyComparatorEE18FindGreaterOrEqualEPKcPPNS5_4NodeE,stp x0  x1  [sp  #0x68],0
6.31,272,(null),0,(null),(null),(null),0
14.42,119,/home/ubuntu/rocksdb/memtable/memtablerep_bench.cc,315,"    LookupKey lookup_key(user_key, *sequence_);",_ZN7rocksdb19ReadBenchmarkThread7ReadOneEv,ldr x2  [x0],0
5.02,341,/home/ubuntu/rocksdb/db/dbformat.cc,268,"  end_ = dst;",_ZN7rocksdb9LookupKeyC2ERKNS_5SliceEmPS2_,str x1  [x22  #0x10],0
5.55,308,???,0,???,???,???,0
5.54,308,???,0,???,???,???,0
12.61,135,/usr/include/c++/11/bits/basic_string.h,168,"	: allocator_type(std::move(__a)), _M_p(__dat) { }",_ZN7rocksdb12_GLOBAL__N_111SkipListRep3GetERKNS_9LookupKeyEPvPFbS5_PKcE,stp xzr  x22  [sp  #0x60],0
11.66,146,/home/ubuntu/rocksdb/memtable/memtablerep_bench.cc,304,"            ->Equal(Slice(key_ptr, key_length - 8),",_ZN7rocksdb19ReadBenchmarkThread8callbackEPvPKc,ldr x6  [x0],0
5.41,313,/home/ubuntu/rocksdb/memtable/memtablerep_bench.cc,311,"  void ReadOne() {",_ZN7rocksdb19ReadBenchmarkThread7ReadOneEv,ldr x1  [x1  #0xe38],0
4.93,341,/home/ubuntu/rocksdb/db/dbformat.cc,245,"LookupKey::LookupKey(const Slice& _user_key, SequenceNumber s,",_ZN7rocksdb9LookupKeyC2ERKNS_5SliceEmPS2_,stp x23  x24  [sp  #0x30],0
5.35,314,???,0,???,???,???,0
5.67,296,(null),0,(null),(null),(null),0
5.29,317,/home/ubuntu/rocksdb/memtable/memtablerep_bench.cc,311,"  void ReadOne() {",_ZN7rocksdb19ReadBenchmarkThread7ReadOneEv,stp x23  x24  [sp  #0x30],0
5.53,302,/usr/include/c++/11/bits/char_traits.h,357,"      { __c1 = __c2; }",_ZN7rocksdb19ReadBenchmarkThread7ReadOneEv,strb wzr  [sp  #0x88],0
4.00,416,/home/ubuntu/rocksdb/util/random.h,59,"      seed_ -= M;",_ZN7rocksdb6Random12RandomStringB5cxx11Ei,str w3  [x19],0
5.45,305,???,0,???,???,???,0
4.84,341,/usr/include/c++/11/bits/random.tcc,466,"    }",_ZNSt23mersenne_twister_engineImLm64ELm312ELm156ELm31ELm13043109905998158313ELm29ELm6148914691236517205ELm17ELm8202884508482404352ELm37ELm18444473444759240704ELm43ELm6364136223846793005EEclEv,ldp x29  x30  [sp]  #0x20,0
4.54,362,/home/ubuntu/rocksdb/memtable/skiplistrep.cc,93,"  }",_ZN7rocksdb12_GLOBAL__N_111SkipListRep3GetERKNS_9LookupKeyEPvPFbS5_PKcE,ldp x21  x22  [sp  #0x20],0
4.60,355,/home/ubuntu/rocksdb/memtable/inlineskiplist.h,897,"      *out_prev = before;",_ZN7rocksdb14InlineSkipListIRKNS_11MemTableRep13KeyComparatorEE21RecomputeSpliceLevelsERKNS_5SliceEPNS5_6SpliceEi,ldr x0  [sp  #0x68],0
4.00,408,/home/ubuntu/rocksdb/util/random.cc,49,"    ret[i] = static_cast<char>(' ' + Uniform(95));  // ' ' .. '~'",_ZN7rocksdb6Random12RandomStringB5cxx11Ei,ldr x4  [x20],0
5.37,302,(null),0,(null),(null),(null),0
5.10,318,/home/ubuntu/rocksdb/memtable/memtablerep_bench.cc,297,"  static bool callback(void* arg, const char* entry) {",_ZN7rocksdb19ReadBenchmarkThread8callbackEPvPKc,ldr x2  [x2  #0xe38],0
5.38,301,(null),0,(null),(null),(null),0
6.06,267,(null),0,(null),(null),(null),0
4.69,344,/home/ubuntu/rocksdb/util/user_comparator_wrapper.h,25,"      : user_comparator_(user_cmp) {}",_ZN7rocksdb19ReadBenchmarkThread7ReadOneEv,str x2  [sp  #0x50],0
5.25,307,(null),0,(null),(null),(null),0
10.77,149,/home/ubuntu/rocksdb/memtable/skiplistrep.cc,85,"  void Get(const LookupKey& k, void* callback_args,",_ZN7rocksdb12_GLOBAL__N_111SkipListRep3GetERKNS_9LookupKeyEPvPFbS5_PKcE,stp x21  x22  [sp  #0x20],0
5.23,306,/home/ubuntu/rocksdb/db/lookup_key.h,65,"  if (start_ != space_) delete[] start_;",_ZN7rocksdb19ReadBenchmarkThread7ReadOneEv,ldr x0  [sp  #0x98],0
4.93,323,/home/ubuntu/rocksdb/include/rocksdb/slice.h,278,"          (memcmp(x.data(), y.data(), x.size()) == 0));",_ZNK7rocksdb12_GLOBAL__N_122BytewiseComparatorImpl5EqualERKNS_5SliceES4_,ldr x0  [x3],0
4.79,331,/home/ubuntu/rocksdb/db/lookup_key.h,31,"    return Slice(start_, static_cast<size_t>(end_ - start_));",_ZN7rocksdb12_GLOBAL__N_111SkipListRep3GetERKNS_9LookupKeyEPvPFbS5_PKcE,ldr x1  [x1],0
4.56,347,(null),0,(null),(null),(null),0
4.00,395,/home/ubuntu/rocksdb/util/random.h,51,"    uint64_t product = seed_ * A;",_ZN7rocksdb6Random12RandomStringB5cxx11Ei,ldr w0  [x19],0
4.74,333,/home/ubuntu/rocksdb/memtable/inlineskiplist.h,573,"}",_ZNK7rocksdb14InlineSkipListIRKNS_11MemTableRep13KeyComparatorEE18FindGreaterOrEqualEPKcPPNS5_4NodeE,ldp x19  x20  [sp  #0x10],0
4.75,331,/home/ubuntu/rocksdb/db/dbformat.cc,269,"}",_ZN7rocksdb9LookupKeyC2ERKNS_5SliceEmPS2_,ldr x25  [sp  #0x40],0
4.33,361,/home/ubuntu/rocksdb/memtable/memtablerep_bench.cc,304,"            ->Equal(Slice(key_ptr, key_length - 8),",_ZN7rocksdb19ReadBenchmarkThread8callbackEPvPKc,stp x1  x2  [sp  #0x28],0
10.92,143,/home/ubuntu/rocksdb/memtable/inlineskiplist.h,534,"InlineSkipList<Comparator>::FindGreaterOrEqual(",_ZNK7rocksdb14InlineSkipListIRKNS_11MemTableRep13KeyComparatorEE18FindGreaterOrEqualEPKcPPNS5_4NodeE,str x4  [sp  #0x78],0
4.82,323,/home/ubuntu/rocksdb/memtable/skiplistrep.cc,85,"  void Get(const LookupKey& k, void* callback_args,",_ZN7rocksdb12_GLOBAL__N_111SkipListRep3GetERKNS_9LookupKeyEPvPFbS5_PKcE,str x6  [sp  #0x88],0
5.11,304,/home/ubuntu/rocksdb/memtable/skiplistrep.cc,85,"  void Get(const LookupKey& k, void* callback_args,",_ZN7rocksdb12_GLOBAL__N_111SkipListRep3GetERKNS_9LookupKeyEPvPFbS5_PKcE,stp x19  x20  [sp  #0x10],0
4.55,341,/home/ubuntu/rocksdb/util/user_comparator_wrapper.h,29,"  const Comparator* user_comparator() const { return user_comparator_; }",_ZN7rocksdb19ReadBenchmarkThread8callbackEPvPKc,ldr x0  [x19  #0x18],0
4.67,332,/home/ubuntu/rocksdb/include/rocksdb/slice.h,43,"  Slice(const std::string& s) : data_(s.data()), size_(s.size()) {}",_ZN7rocksdb19ReadBenchmarkThread7ReadOneEv,ldp x4  x1  [sp  #0x78],0
5.05,307,(null),0,(null),(null),(null),0
4.88,317,/home/ubuntu/rocksdb/memtable/memtablerep_bench.cc,327,"  }",_ZN7rocksdb19ReadBenchmarkThread7ReadOneEv,ldr x2  [sp  #0x178],0
4.88,315,/home/ubuntu/rocksdb/memtable/memtablerep_bench.cc,327,"  }",_ZN7rocksdb19ReadBenchmarkThread7ReadOneEv,ldp x19  x20  [sp  #0x10],0
4.95,310,/home/ubuntu/rocksdb/memtable/memtablerep_bench.cc,321,"    verify_args.comparator = &internal_key_comp;",_ZN7rocksdb19ReadBenchmarkThread7ReadOneEv,str x22  [sp  #0x70],0
4.69,327,/home/ubuntu/rocksdb/memtable/skiplistrep.cc,187,"    ~Iterator() override = default;",_ZN7rocksdb12_GLOBAL__N_111SkipListRep3GetERKNS_9LookupKeyEPvPFbS5_PKcE,str x21  [sp  #0x50],0
4.72,325,/home/ubuntu/rocksdb/memtable/skiplistrep.cc,85,"  void Get(const LookupKey& k, void* callback_args,",_ZN7rocksdb12_GLOBAL__N_111SkipListRep3GetERKNS_9LookupKeyEPvPFbS5_PKcE,stp x29  x30  [sp  #-0x90]!,0
10.78,142,/home/ubuntu/rocksdb/memtable/memtablerep_bench.cc,327,"  }",_ZN7rocksdb19ReadBenchmarkThread7ReadOneEv,ldr x1  [x0],0
5.14,297,/home/ubuntu/rocksdb/memtable/memtablerep_bench.cc,327,"  }",_ZN7rocksdb19ReadBenchmarkThread7ReadOneEv,ldp x21  x22  [sp  #0x20],0
4.51,338,/home/ubuntu/rocksdb/memtable/memtablerep_bench.cc,327,"  }",_ZN7rocksdb19ReadBenchmarkThread7ReadOneEv,ldp x23  x24  [sp  #0x30],0
4.82,316,/home/ubuntu/rocksdb/util/comparator.cc,325,"}",_ZN7rocksdb18BytewiseComparatorEv,ldp x29  x30  [sp]  #0x20,0
4.63,329,/home/ubuntu/rocksdb/include/rocksdb/slice.h,61,"  size_t size() const { return size_; }",_ZNK7rocksdb12_GLOBAL__N_122BytewiseComparatorImpl5EqualERKNS_5SliceES4_,ldr x2  [x3  #8],0
4.72,322,/home/ubuntu/rocksdb/memtable/inlineskiplist.h,573,"}",_ZNK7rocksdb14InlineSkipListIRKNS_11MemTableRep13KeyComparatorEE18FindGreaterOrEqualEPKcPPNS5_4NodeE,ldp x25  x26  [sp  #0x40],0
4.76,319,/home/ubuntu/rocksdb/memtable/memtablerep_bench.cc,311,"  void ReadOne() {",_ZN7rocksdb19ReadBenchmarkThread7ReadOneEv,stp x19  x20  [sp  #0x10],0
4.66,325,/home/ubuntu/rocksdb/include/rocksdb/slice.h,43,"  Slice(const std::string& s) : data_(s.data()), size_(s.size()) {}",_ZN7rocksdb19ReadBenchmarkThread7ReadOneEv,str x4  [sp  #0x58],0
4.83,313,/home/ubuntu/rocksdb/memtable/memtablerep_bench.cc,311,"  void ReadOne() {",_ZN7rocksdb19ReadBenchmarkThread7ReadOneEv,str x0  [sp  #0x178],0
5.04,300,/home/ubuntu/rocksdb/memtable/memtablerep_bench.cc,320,"    verify_args.table = table_;",_ZN7rocksdb19ReadBenchmarkThread7ReadOneEv,stp x20  x0  [sp  #0x60],0
23.58,64,/usr/include/c++/11/bits/atomic_base.h,796,"	__atomic_store_n(&_M_p, __p, int(__m));",_ZN7rocksdb14InlineSkipListIRKNS_11MemTableRep13KeyComparatorEE6InsertILb0EEEbPKcPNS5_6SpliceEb,stlr x23  [x1],0
5.27,285,/home/ubuntu/rocksdb/db/dbformat.cc,245,"LookupKey::LookupKey(const Slice& _user_key, SequenceNumber s,",_ZN7rocksdb9LookupKeyC2ERKNS_5SliceEmPS2_,stp x19  x20  [sp  #0x10],0
4.70,318,/home/ubuntu/rocksdb/db/dbformat.cc,269,"}",_ZN7rocksdb9LookupKeyC2ERKNS_5SliceEmPS2_,ldp x29  x30  [sp]  #0x50,0
4.50,331,(null),0,(null),(null),(null),0
4.85,307,/home/ubuntu/rocksdb/include/rocksdb/slice.h,43,"  Slice(const std::string& s) : data_(s.data()), size_(s.size()) {}",_ZN7rocksdb19ReadBenchmarkThread7ReadOneEv,str x1  [sp  #0x60],0
4.43,336,/home/ubuntu/rocksdb/memtable/inlineskiplist.h,453,"  node_ = list_->FindGreaterOrEqual(target, nullptr);",_ZN7rocksdb12_GLOBAL__N_111SkipListRep3GetERKNS_9LookupKeyEPvPFbS5_PKcE,str x0  [sp  #0x60],0
4.95,300,/home/ubuntu/rocksdb/memtable/memtablerep_bench.cc,185,"        return rand_->Next() % num_;",_ZN7rocksdb19ReadBenchmarkThread7ReadOneEv,str x2  [sp  #0x48],0
5.10,291,/home/ubuntu/rocksdb/memtable/memtablerep_bench.cc,305,"                    callback_args->key->user_key())) {",_ZN7rocksdb19ReadBenchmarkThread8callbackEPvPKc,ldr x5  [x19  #8],0
4.53,327,/home/ubuntu/rocksdb/memtable/skiplistrep.cc,93,"  }",_ZN7rocksdb12_GLOBAL__N_111SkipListRep3GetERKNS_9LookupKeyEPvPFbS5_PKcE,ldp x19  x20  [sp  #0x10],0
5.00,296,/home/ubuntu/rocksdb/memtable/skiplistrep.cc,85,"  void Get(const LookupKey& k, void* callback_args,",_ZN7rocksdb12_GLOBAL__N_111SkipListRep3GetERKNS_9LookupKeyEPvPFbS5_PKcE,ldr x5  [x4  #0xba8],0
4.60,322,/home/ubuntu/rocksdb/memtable/memtablerep_bench.cc,318,"    verify_args.found = false;",_ZN7rocksdb19ReadBenchmarkThread7ReadOneEv,strb wzr  [sp  #0x58],0
16.80,88,/usr/include/c++/11/bits/random.tcc,405,"	  _M_x[__k] = (_M_x[__k + __m] ^ (__y >> 1)",_ZNSt23mersenne_twister_engineImLm64ELm312ELm156ELm31ELm13043109905998158313ELm29ELm6148914691236517205ELm17ELm8202884508482404352ELm37ELm18444473444759240704ELm43ELm6364136223846793005EE11_M_gen_randEv,ldr x2  [x3  #0x4e0],0
4.58,322,(null),0,(null),(null),(null),0
9.80,149,/home/ubuntu/rocksdb/memtable/memtablerep_bench.cc,309,"  }",_ZN7rocksdb19ReadBenchmarkThread8callbackEPvPKc,ldr x1  [x0],0
4.67,312,/home/ubuntu/rocksdb/db/dbformat.cc,269,"}",_ZN7rocksdb9LookupKeyC2ERKNS_5SliceEmPS2_,ldp x21  x22  [sp  #0x20],0
4.76,306,/home/ubuntu/rocksdb/util/comparator.cc,325,"}",_ZN7rocksdb18BytewiseComparatorEv,ldr x19  [sp  #0x10],0
4.69,310,(null),0,(null),(null),(null),0
4.58,317,/home/ubuntu/rocksdb/memtable/memtablerep_bench.cc,297,"  static bool callback(void* arg, const char* entry) {",_ZN7rocksdb19ReadBenchmarkThread8callbackEPvPKc,str x19  [sp  #0x10],0
4.70,307,(null),0,(null),(null),(null),0
4.88,295,/home/ubuntu/rocksdb/memtable/memtablerep_bench.cc,309,"  }",_ZN7rocksdb19ReadBenchmarkThread8callbackEPvPKc,ldr x2  [sp  #0x48],0
4.52,318,/home/ubuntu/rocksdb/memtable/memtablerep_bench.cc,297,"  static bool callback(void* arg, const char* entry) {",_ZN7rocksdb19ReadBenchmarkThread8callbackEPvPKc,str x1  [sp  #0x48],0
4.42,325,/home/ubuntu/rocksdb/memtable/skiplistrep.cc,93,"  }",_ZN7rocksdb12_GLOBAL__N_111SkipListRep3GetERKNS_9LookupKeyEPvPFbS5_PKcE,ldr x2  [sp  #0x88],0
4.29,335,/home/ubuntu/rocksdb/db/dbformat.cc,245,"LookupKey::LookupKey(const Slice& _user_key, SequenceNumber s,",_ZN7rocksdb9LookupKeyC2ERKNS_5SliceEmPS2_,stp x29  x30  [sp  #-0x50]!,0
4.30,332,/home/ubuntu/rocksdb/memtable/memtablerep_bench.cc,309,"  }",_ZN7rocksdb19ReadBenchmarkThread8callbackEPvPKc,ldp x29  x30  [sp]  #0x50,0
9.88,144,/home/ubuntu/rocksdb/memtable/memtablerep_bench.cc,185,"        return rand_->Next() % num_;",_ZN7rocksdb19ReadBenchmarkThread7ReadOneEv,ldr x3  [x20  #0x10],0
4.31,329,/home/ubuntu/rocksdb/db/dbformat.cc,269,"}",_ZN7rocksdb9LookupKeyC2ERKNS_5SliceEmPS2_,ldp x23  x24  [sp  #0x30],0
4.33,325,/home/ubuntu/rocksdb/memtable/inlineskiplist.h,573,"}",_ZNK7rocksdb14InlineSkipListIRKNS_11MemTableRep13KeyComparatorEE18FindGreaterOrEqualEPKcPPNS5_4NodeE,ldp x29  x30  [sp]  #0x80,0
4.96,283,/home/ubuntu/rocksdb/util/comparator.cc,322,"const Comparator* BytewiseComparator() {",_ZN7rocksdb18BytewiseComparatorEv,stp x29  x30  [sp  #-0x20]!,0
4.09,342,/home/ubuntu/rocksdb/db/dbformat.cc,256,"  start_ = dst;",_ZN7rocksdb9LookupKeyC2ERKNS_5SliceEmPS2_,str x0  [x22],0
14.71,95,/usr/include/c++/11/bits/random.tcc,412,"			   | (_M_x[__k + 1] & __lower_mask));",_ZNSt23mersenne_twister_engineImLm64ELm312ELm156ELm31ELm13043109905998158313ELm29ELm6148914691236517205ELm17ELm8202884508482404352ELm37ELm18444473444759240704ELm43ELm6364136223846793005EE11_M_gen_randEv,ldr x4  [x1  #0x4e0],0
8.89,157,/home/ubuntu/rocksdb/memtable/inlineskiplist.h,897,"      *out_prev = before;",_ZN7rocksdb14InlineSkipListIRKNS_11MemTableRep13KeyComparatorEE21RecomputeSpliceLevelsERKNS_5SliceEPNS5_6SpliceEi,str x25  [x0  x24],0
9.82,142,/home/ubuntu/rocksdb/memtable/inlineskiplist.h,898,"      *out_next = next;",_ZN7rocksdb14InlineSkipListIRKNS_11MemTableRep13KeyComparatorEE21RecomputeSpliceLevelsERKNS_5SliceEPNS5_6SpliceEi,str x19  [x0  x24],0
10.45,133,/home/ubuntu/rocksdb/memtable/skiplistrep.cc,93,"  }",_ZN7rocksdb12_GLOBAL__N_111SkipListRep3GetERKNS_9LookupKeyEPvPFbS5_PKcE,ldr x1  [x0],0
4.17,333,/home/ubuntu/rocksdb/memtable/memtablerep_bench.cc,311,"  void ReadOne() {",_ZN7rocksdb19ReadBenchmarkThread7ReadOneEv,stp x29  x30  [sp  #-0x180]!,0
14.31,97,/usr/include/c++/11/bits/random.tcc,413,"	  _M_x[__k] = (_M_x[__k + (__m - __n)] ^ (__y >> 1)",_ZNSt23mersenne_twister_engineImLm64ELm312ELm156ELm31ELm13043109905998158313ELm29ELm6148914691236517205ELm17ELm8202884508482404352ELm37ELm18444473444759240704ELm43ELm6364136223846793005EE11_M_gen_randEv,ldur x2  [x1  #-8],0
4.49,309,/home/ubuntu/rocksdb/db/dbformat.cc,245,"LookupKey::LookupKey(const Slice& _user_key, SequenceNumber s,",_ZN7rocksdb9LookupKeyC2ERKNS_5SliceEmPS2_,str x25  [sp  #0x40],0
4.04,343,/home/ubuntu/rocksdb/memtable/inlineskiplist.h,573,"}",_ZNK7rocksdb14InlineSkipListIRKNS_11MemTableRep13KeyComparatorEE18FindGreaterOrEqualEPKcPPNS5_4NodeE,ldp x21  x22  [sp  #0x20],0
4.64,299,/home/ubuntu/rocksdb/memtable/skiplistrep.cc,93,"  }",_ZN7rocksdb12_GLOBAL__N_111SkipListRep3GetERKNS_9LookupKeyEPvPFbS5_PKcE,ldp x23  x24  [sp  #0x30],0
4.30,322,/home/ubuntu/rocksdb/memtable/memtablerep_bench.cc,305,"                    callback_args->key->user_key())) {",_ZN7rocksdb19ReadBenchmarkThread8callbackEPvPKc,str x1  [sp  #0x40],0
4.58,302,/home/ubuntu/rocksdb/include/rocksdb/slice.h,278,"          (memcmp(x.data(), y.data(), x.size()) == 0));",_ZNK7rocksdb12_GLOBAL__N_122BytewiseComparatorImpl5EqualERKNS_5SliceES4_,ldr x1  [x1],0
4.72,292,/home/ubuntu/rocksdb/util/comparator.cc,40,"  bool Equal(const Slice& a, const Slice& b) const override { return a == b; }",_ZNK7rocksdb12_GLOBAL__N_122BytewiseComparatorImpl5EqualERKNS_5SliceES4_,ldp x29  x30  [sp]  #0x10,0
4.24,324,/home/ubuntu/rocksdb/memtable/memtablerep_bench.cc,305,"                    callback_args->key->user_key())) {",_ZN7rocksdb19ReadBenchmarkThread8callbackEPvPKc,ldr x2  [x3  #0xf40],0
4.49,306,/home/ubuntu/rocksdb/db/dbformat.cc,245,"LookupKey::LookupKey(const Slice& _user_key, SequenceNumber s,",_ZN7rocksdb9LookupKeyC2ERKNS_5SliceEmPS2_,stp x21  x22  [sp  #0x20],0
4.07,335,/home/ubuntu/rocksdb/memtable/inlineskiplist.h,573,"}",_ZNK7rocksdb14InlineSkipListIRKNS_11MemTableRep13KeyComparatorEE18FindGreaterOrEqualEPKcPPNS5_4NodeE,ldr x2  [sp  #0x78],0
4.51,302,/home/ubuntu/rocksdb/util/coding.h,108,"    uint32_t result = *(reinterpret_cast<const unsigned char*>(p));",_ZN7rocksdb19ReadBenchmarkThread8callbackEPvPKc,ldrb w2  [x0],0
4.36,312,/home/ubuntu/rocksdb/db/dbformat.h,399,"  explicit InternalKeyComparator(const Comparator* c) : user_comparator_(c) {}",_ZN7rocksdb19ReadBenchmarkThread7ReadOneEv,str x1  [sp  #0x48],0
4.82,282,/usr/include/c++/11/bits/basic_string.h,195,"      { return _M_dataplus._M_p; }",_ZN7rocksdb19ReadBenchmarkThread7ReadOneEv,ldr x0  [sp  #0x78],0
8.82,154,(null),0,(null),(null),(null),0
10.68,127,/home/ubuntu/rocksdb/memtable/memtablerep_bench.cc,320,"    verify_args.table = table_;",_ZN7rocksdb19ReadBenchmarkThread7ReadOneEv,ldr x0  [x19  #8],0
4.52,295,/home/ubuntu/rocksdb/memtable/memtablerep_bench.cc,311,"  void ReadOne() {",_ZN7rocksdb19ReadBenchmarkThread7ReadOneEv,stp x21  x22  [sp  #0x20],0
4.35,306,/home/ubuntu/rocksdb/include/rocksdb/slice.h,277,"  return ((x.size() == y.size()) &&",_ZNK7rocksdb12_GLOBAL__N_122BytewiseComparatorImpl5EqualERKNS_5SliceES4_,ldr x4  [x2  #8],0
4.54,291,/usr/include/c++/11/bits/basic_string.h,195,"      { return _M_dataplus._M_p; }",_ZN7rocksdb12_GLOBAL__N_111SkipListRep3GetERKNS_9LookupKeyEPvPFbS5_PKcE,ldr x0  [sp  #0x68],0
5.00,260,/home/ubuntu/rocksdb/memtable/inlineskiplist.h,573,"}",_ZNK7rocksdb14InlineSkipListIRKNS_11MemTableRep13KeyComparatorEE18FindGreaterOrEqualEPKcPPNS5_4NodeE,ldr x0  [x0  #0xba8],0
4.04,321,/home/ubuntu/rocksdb/memtable/memtablerep_bench.cc,297,"  static bool callback(void* arg, const char* entry) {",_ZN7rocksdb19ReadBenchmarkThread8callbackEPvPKc,stp x29  x30  [sp  #-0x50]!,0
16.18,80,/usr/include/c++/11/bits/random.tcc,404,"			   | (_M_x[__k + 1] & __lower_mask));",_ZNSt23mersenne_twister_engineImLm64ELm312ELm156ELm31ELm13043109905998158313ELm29ELm6148914691236517205ELm17ELm8202884508482404352ELm37ELm18444473444759240704ELm43ELm6364136223846793005EE11_M_gen_randEv,ldp x4  x5  [x3],0
9.66,134,/home/ubuntu/rocksdb/memtable/inlineskiplist.h,573,"}",_ZNK7rocksdb14InlineSkipListIRKNS_11MemTableRep13KeyComparatorEE18FindGreaterOrEqualEPKcPPNS5_4NodeE,ldr x1  [x0],0
4.36,296,/home/ubuntu/rocksdb/include/rocksdb/slice.h,61,"  size_t size() const { return size_; }",_ZN7rocksdb9LookupKeyC2ERKNS_5SliceEmPS2_,ldr x23  [x1  #8],0
24.36,53,/usr/include/c++/11/bits/atomic_base.h,820,"	return __atomic_load_n(&_M_p, int(__m));",_ZN7rocksdb14InlineSkipListIRKNS_11MemTableRep13KeyComparatorEE6InsertILb0EEEbPKcPNS5_6SpliceEb,ldar x0  [x1],0
8.86,145,/home/ubuntu/rocksdb/memtable/memtablerep_bench.cc,375,"    for (unsigned int i = 0; i < num_ops_; ++i) {",_ZNSt6thread11_State_implINS_8_InvokerISt5tupleIJN7rocksdb29ConcurrentReadBenchmarkThreadEEEEEE6_M_runEv,ldr x0  [x20  #0x30],0
4.30,298,/home/ubuntu/rocksdb/util/comparator.cc,40,"  bool Equal(const Slice& a, const Slice& b) const override { return a == b; }",_ZNK7rocksdb12_GLOBAL__N_122BytewiseComparatorImpl5EqualERKNS_5SliceES4_,stp x29  x30  [sp  #-0x10]!,0
10.22,123,/home/ubuntu/rocksdb/memtable/memtablerep_bench.cc,315,"    LookupKey lookup_key(user_key, *sequence_);",_ZN7rocksdb19ReadBenchmarkThread7ReadOneEv,ldr x0  [x19  #0x28],0
9.77,128,/home/ubuntu/rocksdb/memtable/inlineskiplist.h,384,"  list_ = list;",_ZN7rocksdb12_GLOBAL__N_111SkipListRep3GetERKNS_9LookupKeyEPvPFbS5_PKcE,stp x4  x0  [sp  #0x50],0
4.19,298,/home/ubuntu/rocksdb/util/coding.h,110,"      *value = result;",_ZN7rocksdb19ReadBenchmarkThread8callbackEPvPKc,str w2  [sp  #0x24],0
8.79,142,/home/ubuntu/rocksdb/memtable/memtablerep_bench.cc,311,"  void ReadOne() {",_ZN7rocksdb19ReadBenchmarkThread7ReadOneEv,ldr x0  [x1],0
8.69,143,/home/ubuntu/rocksdb/util/user_comparator_wrapper.h,29,"  const Comparator* user_comparator() const { return user_comparator_; }",_ZN7rocksdb19ReadBenchmarkThread8callbackEPvPKc,ldr x0  [x0  #8],0
4.50,273,(null),0,(null),(null),(null),0
4.26,288,/usr/aarch64-linux-gnu/include/bits/string_fortified.h,29,"  return __builtin___memcpy_chk (__dest, __src, __len,",_ZN7rocksdb9LookupKeyC2ERKNS_5SliceEmPS2_,ldr x1  [x24],0
12.08,101,(null),0,(null),(null),(null),0
4.05,301,/home/ubuntu/rocksdb/memtable/memtablerep_bench.cc,305,"                    callback_args->key->user_key())) {",_ZN7rocksdb19ReadBenchmarkThread8callbackEPvPKc,str x4  [sp  #0x38],0
4.20,286,/home/ubuntu/rocksdb/db/dbformat.cc,269,"}",_ZN7rocksdb9LookupKeyC2ERKNS_5SliceEmPS2_,ldp x19  x20  [sp  #0x10],0
4.05,295,/home/ubuntu/rocksdb/memtable/inlineskiplist.h,573,"}",_ZNK7rocksdb14InlineSkipListIRKNS_11MemTableRep13KeyComparatorEE18FindGreaterOrEqualEPKcPPNS5_4NodeE,ldr x27  [sp  #0x50],0
4.07,291,/home/ubuntu/rocksdb/memtable/memtablerep_bench.cc,309,"  }",_ZN7rocksdb19ReadBenchmarkThread8callbackEPvPKc,ldr x19  [sp  #0x10],0
4.02,294,/home/ubuntu/rocksdb/db/dbformat.cc,259,"  kstart_ = dst;",_ZN7rocksdb9LookupKeyC2ERKNS_5SliceEmPS2_,str x0  [x22  #8],0
4.05,291,/home/ubuntu/rocksdb/memtable/inlineskiplist.h,573,"}",_ZNK7rocksdb14InlineSkipListIRKNS_11MemTableRep13KeyComparatorEE18FindGreaterOrEqualEPKcPPNS5_4NodeE,ldp x23  x24  [sp  #0x30],0
20.09,57,/home/ubuntu/rocksdb/memtable/inlineskiplist.h,529,"  return (n != nullptr) && (compare_(n->Key(), key) < 0);",_ZN7rocksdb14InlineSkipListIRKNS_11MemTableRep13KeyComparatorEE6InsertILb0EEEbPKcPNS5_6SpliceEb,ldr x3  [x3  #0x10],0
8.23,139,/home/ubuntu/rocksdb/db/lookup_key.h,43,"    return Slice(kstart_, static_cast<size_t>(end_ - kstart_ - 8));",_ZN7rocksdb19ReadBenchmarkThread8callbackEPvPKc,ldr x1  [x5  #0x10],0
13.55,84,/usr/include/c++/11/bits/random.tcc,413,"	  _M_x[__k] = (_M_x[__k + (__m - __n)] ^ (__y >> 1)",_ZNSt23mersenne_twister_engineImLm64ELm312ELm156ELm31ELm13043109905998158313ELm29ELm6148914691236517205ELm17ELm8202884508482404352ELm37ELm18444473444759240704ELm43ELm6364136223846793005EE11_M_gen_randEv,str x2  [x1  #0x4d8],0
8.09,138,/home/ubuntu/rocksdb/db/lookup_key.h,43,"    return Slice(kstart_, static_cast<size_t>(end_ - kstart_ - 8));",_ZN7rocksdb19ReadBenchmarkThread8callbackEPvPKc,ldr x4  [x5  #8],0
23.21,48,/usr/include/c++/11/bits/atomic_base.h,796,"	__atomic_store_n(&_M_p, __p, int(__m));",_ZN7rocksdb14InlineSkipListIRKNS_11MemTableRep13KeyComparatorEE6InsertILb0EEEbPKcPNS5_6SpliceEb,stlr x23  [x1],0
7.07,155,/home/ubuntu/rocksdb/util/comparator.cc,322,"const Comparator* BytewiseComparator() {",_ZN7rocksdb18BytewiseComparatorEv,str x19  [sp  #0x10],0
12.27,89,/usr/include/c++/11/bits/random.tcc,411,"	  _UIntType __y = ((_M_x[__k] & __upper_mask)",_ZNSt23mersenne_twister_engineImLm64ELm312ELm156ELm31ELm13043109905998158313ELm29ELm6148914691236517205ELm17ELm8202884508482404352ELm37ELm18444473444759240704ELm43ELm6364136223846793005EE11_M_gen_randEv,ldr x3  [x1  #0x4e0],0
8.15,134,/home/ubuntu/rocksdb/memtable/skiplistrep.cc,85,"  void Get(const LookupKey& k, void* callback_args,",_ZN7rocksdb12_GLOBAL__N_111SkipListRep3GetERKNS_9LookupKeyEPvPFbS5_PKcE,ldr x6  [x5],0
11.43,94,(null),0,(null),(null),(null),0
12.80,83,/usr/include/c++/11/bits/random.tcc,405,"	  _M_x[__k] = (_M_x[__k + __m] ^ (__y >> 1)",_ZNSt23mersenne_twister_engineImLm64ELm312ELm156ELm31ELm13043109905998158313ELm29ELm6148914691236517205ELm17ELm8202884508482404352ELm37ELm18444473444759240704ELm43ELm6364136223846793005EE11_M_gen_randEv,str x2  [x3]  #8,0
4.38,242,/home/ubuntu/rocksdb/memtable/inlineskiplist.h,912,"    FindSpliceForLevel<true>(key, splice->prev_[i + 1], splice->next_[i + 1], i,",_ZN7rocksdb14InlineSkipListIRKNS_11MemTableRep13KeyComparatorEE21RecomputeSpliceLevelsERKNS_5SliceEPNS5_6SpliceEi,stp x2  x1  [sp  #0x68],0
16.22,65,/usr/include/c++/11/bits/atomic_base.h,796,"	__atomic_store_n(&_M_p, __p, int(__m));",_ZN7rocksdb14InlineSkipListIRKNS_11MemTableRep13KeyComparatorEE6InsertILb0EEEbPKcPNS5_6SpliceEb,ldr x0  [x1  x19],0
10.92,95,(null),0,(null),(null),(null),0
7.36,140,/home/ubuntu/rocksdb/memtable/skiplistrep.cc,85,"  void Get(const LookupKey& k, void* callback_args,",_ZN7rocksdb12_GLOBAL__N_111SkipListRep3GetERKNS_9LookupKeyEPvPFbS5_PKcE,stp x23  x24  [sp  #0x30],0
13.91,74,/home/ubuntu/rocksdb/memtable/inlineskiplist.h,1093,"      splice->prev_[i] = x;",_ZN7rocksdb14InlineSkipListIRKNS_11MemTableRep13KeyComparatorEE6InsertILb0EEEbPKcPNS5_6SpliceEb,str x23  [x1  x0  lsl #3],0
11.05,92,(null),0,(null),(null),(null),0
20.67,49,(null),0,(null),(null),(null),0
17.56,57,/home/ubuntu/rocksdb/memtable/inlineskiplist.h,1077,"      if (UNLIKELY(i == 0 && splice->prev_[i] != head_ &&",_ZN7rocksdb14InlineSkipListIRKNS_11MemTableRep13KeyComparatorEE6InsertILb0EEEbPKcPNS5_6SpliceEb,ldr x1  [x1],0
7.04,139,/home/ubuntu/rocksdb/memtable/inlineskiplist.h,544,"  const DecodedKey key_decoded = compare_.decode_key(key);",_ZNK7rocksdb14InlineSkipListIRKNS_11MemTableRep13KeyComparatorEE18FindGreaterOrEqualEPKcPPNS5_4NodeE,ldr x4  [x0  #0x10],0
4.40,220,/home/ubuntu/rocksdb/memtable/inlineskiplist.h,912,"    FindSpliceForLevel<true>(key, splice->prev_[i + 1], splice->next_[i + 1], i,",_ZN7rocksdb14InlineSkipListIRKNS_11MemTableRep13KeyComparatorEE21RecomputeSpliceLevelsERKNS_5SliceEPNS5_6SpliceEi,ldr x1  [sp  #0x78],0
15.72,61,/home/ubuntu/rocksdb/memtable/memtablerep_bench.cc,255,"    *bytes_written_ += encoded_len;",_ZN7rocksdb19FillBenchmarkThread7FillOneEv,str x1  [x2],0
5.79,160,/home/ubuntu/rocksdb/include/rocksdb/slice.h,36,"  Slice() : data_(""), size_(0) {}",_ZN7rocksdb12_GLOBAL__N_111SkipListRep3GetERKNS_9LookupKeyEPvPFbS5_PKcE,stp x5  xzr  [sp  #0x40],0
18.36,50,/usr/include/c++/11/bits/atomic_base.h,488,"	return __atomic_load_n(&_M_i, int(__m));",_ZNSt6thread11_State_implINS_8_InvokerISt5tupleIJN7rocksdb29ConcurrentFillBenchmarkThreadEEEEEE6_M_runEv,ldar w2  [x0],0
6.78,135,/home/ubuntu/rocksdb/util/coding.h,108,"    uint32_t result = *(reinterpret_cast<const unsigned char*>(p));",_ZNK7rocksdb14InlineSkipListIRKNS_11MemTableRep13KeyComparatorEE18FindGreaterOrEqualEPKcPPNS5_4NodeE,ldrb w1  [x1],0
5.43,167,???,0,???,???,???,0
6.13,145,/home/ubuntu/rocksdb/util/comparator.cc,323,"  STATIC_AVOID_DESTRUCTION(BytewiseComparatorImpl, bytewise);",_ZN7rocksdb18BytewiseComparatorEv,ldar x1  [x0],0
6.63,134,/home/ubuntu/rocksdb/util/comparator.cc,324,"  return &bytewise;",_ZN7rocksdb18BytewiseComparatorEv,ldr x0  [x19  #8],0
18.79,47,/home/ubuntu/rocksdb/memtable/memtablerep_bench.cc,254,"    table_->Insert(handle);",_ZN7rocksdb19FillBenchmarkThread7FillOneEv,ldr x2  [x2  #8],0
5.47,159,???,0,???,???,???,0
5.55,156,/home/ubuntu/rocksdb/memtable/memtablerep_bench.cc,313,"    auto key = key_gen_->Next();",_ZN7rocksdb19ReadBenchmarkThread7ReadOneEv,ldr x20  [x0  #0x10],0
19.11,45,/home/ubuntu/rocksdb/memtable/memtablerep_bench.cc,242,"    KeyHandle handle = table_->Allocate(encoded_len, &buf);",_ZN7rocksdb19FillBenchmarkThread7FillOneEv,ldr x3  [x3],0
5.61,153,/usr/include/c++/11/bits/char_traits.h,357,"      { __c1 = __c2; }",_ZN7rocksdb19ReadBenchmarkThread7ReadOneEv,strb wzr  [sp  #0x88],0
4.90,175,/usr/include/c++/11/bits/random.tcc,450,"    mersenne_twister_engine<_UIntType, __w, __n, __m, __r, __a, __u, __d,",_ZNSt23mersenne_twister_engineImLm64ELm312ELm156ELm31ELm13043109905998158313ELm29ELm6148914691236517205ELm17ELm8202884508482404352ELm37ELm18444473444759240704ELm43ELm6364136223846793005EEclEv,stp x29  x30  [sp  #-0x20]!,0
18.61,46,(null),0,(null),(null),(null),0
17.12,50,/home/ubuntu/rocksdb/memtable/inlineskiplist.h,342,"    (&next_[0] - n)->store(x, std::memory_order_release);",_ZN7rocksdb14InlineSkipListIRKNS_11MemTableRep13KeyComparatorEE6InsertILb0EEEbPKcPNS5_6SpliceEb,ldr x1  [x1  x19],0
5.14,166,/home/ubuntu/rocksdb/memtable/memtablerep_bench.cc,305,"                    callback_args->key->user_key())) {",_ZN7rocksdb19ReadBenchmarkThread8callbackEPvPKc,ldr x5  [x19  #8],0
5.64,151,/home/ubuntu/rocksdb/memtable/memtablerep_bench.cc,327,"  }",_ZN7rocksdb19ReadBenchmarkThread7ReadOneEv,ldr x0  [x0  #0xe38],0
6.55,128,/home/ubuntu/rocksdb/memtable/inlineskiplist.h,534,"InlineSkipList<Comparator>::FindGreaterOrEqual(",_ZNK7rocksdb14InlineSkipListIRKNS_11MemTableRep13KeyComparatorEE18FindGreaterOrEqualEPKcPPNS5_4NodeE,ldr x4  [x3],0
6.02,139,???,0,???,???,???,0
5.81,144,/usr/include/c++/11/bits/atomic_base.h,488,"	return __atomic_load_n(&_M_i, int(__m));",_ZNK7rocksdb14InlineSkipListIRKNS_11MemTableRep13KeyComparatorEE18FindGreaterOrEqualEPKcPPNS5_4NodeE,ldr w20  [x2],0
15.60,53,/home/ubuntu/rocksdb/memtable/memtablerep_bench.cc,255,"    *bytes_written_ += encoded_len;",_ZN7rocksdb19FillBenchmarkThread7FillOneEv,ldr x1  [x2],0
4.56,181,/home/ubuntu/rocksdb/memtable/inlineskiplist.h,898,"      *out_next = next;",_ZN7rocksdb14InlineSkipListIRKNS_11MemTableRep13KeyComparatorEE21RecomputeSpliceLevelsERKNS_5SliceEPNS5_6SpliceEi,ldr x0  [sp  #0x70],0
5.35,154,/home/ubuntu/rocksdb/memtable/memtablerep_bench.cc,311,"  void ReadOne() {",_ZN7rocksdb19ReadBenchmarkThread7ReadOneEv,stp x23  x24  [sp  #0x30],0
5.64,146,(null),0,(null),(null),(null),0
5.38,151,/usr/include/c++/11/bits/random.tcc,450,"    mersenne_twister_engine<_UIntType, __w, __n, __m, __r, __a, __u, __d,",_ZNSt23mersenne_twister_engineImLm64ELm312ELm156ELm31ELm13043109905998158313ELm29ELm6148914691236517205ELm17ELm8202884508482404352ELm37ELm18444473444759240704ELm43ELm6364136223846793005EEclEv,str x19  [sp  #0x10],0
5.80,140,???,0,???,???,???,0
5.41,149,???,0,???,???,???,0
5.36,150,/usr/include/c++/11/bits/basic_string.h,191,"      { _M_string_length = __length; }",_ZN7rocksdb19ReadBenchmarkThread7ReadOneEv,stp x21  xzr  [sp  #0x78],0
14.47,55,/home/ubuntu/rocksdb/memtable/memtablerep_bench.cc,241,"        FLAGS_item_size + VarintLength(internal_key_size) + internal_key_size;",_ZN7rocksdb19FillBenchmarkThread7FillOneEv,ldr w21  [x4],0
5.31,150,(null),0,(null),(null),(null),0
4.58,173,/home/ubuntu/rocksdb/memtable/memtablerep_bench.cc,297,"  static bool callback(void* arg, const char* entry) {",_ZN7rocksdb19ReadBenchmarkThread8callbackEPvPKc,str x1  [sp  #0x48],0
5.21,151,/home/ubuntu/rocksdb/memtable/skiplistrep.cc,93,"  }",_ZN7rocksdb12_GLOBAL__N_111SkipListRep3GetERKNS_9LookupKeyEPvPFbS5_PKcE,ldp x29  x30  [sp]  #0x90,0
4.98,158,(null),0,(null),(null),(null),0
11.92,66,/usr/include/c++/11/bits/atomic_base.h,796,"	__atomic_store_n(&_M_p, __p, int(__m));",_ZN7rocksdb14InlineSkipListIRKNS_11MemTableRep13KeyComparatorEE6InsertILb0EEEbPKcPNS5_6SpliceEb,str x0  [x2],0
6.19,127,/home/ubuntu/rocksdb/memtable/inlineskiplist.h,542,"  int level = GetMaxHeight() - 1;",_ZNK7rocksdb14InlineSkipListIRKNS_11MemTableRep13KeyComparatorEE18FindGreaterOrEqualEPKcPPNS5_4NodeE,ldr x2  [x2  #0x970],0
5.61,140,/home/ubuntu/rocksdb/memtable/skiplistrep.cc,93,"  }",_ZN7rocksdb12_GLOBAL__N_111SkipListRep3GetERKNS_9LookupKeyEPvPFbS5_PKcE,ldr x0  [x0  #0xba8],0
5.02,156,/home/ubuntu/rocksdb/memtable/memtablerep_bench.cc,321,"    verify_args.comparator = &internal_key_comp;",_ZN7rocksdb19ReadBenchmarkThread7ReadOneEv,str x22  [sp  #0x70],0
5.25,149,/home/ubuntu/rocksdb/memtable/inlineskiplist.h,541,"  Node* x = head_;",_ZNK7rocksdb14InlineSkipListIRKNS_11MemTableRep13KeyComparatorEE18FindGreaterOrEqualEPKcPPNS5_4NodeE,ldr x25  [x0  #0x18],0
5.46,143,/home/ubuntu/rocksdb/memtable/memtablerep_bench.cc,311,"  void ReadOne() {",_ZN7rocksdb19ReadBenchmarkThread7ReadOneEv,ldr x1  [x1  #0xe38],0
4.89,159,/home/ubuntu/rocksdb/memtable/memtablerep_bench.cc,309,"  }",_ZN7rocksdb19ReadBenchmarkThread8callbackEPvPKc,ldr x2  [sp  #0x48],0
5.38,144,/home/ubuntu/rocksdb/memtable/memtablerep_bench.cc,322,"    table_->Get(lookup_key, &verify_args, callback);",_ZN7rocksdb19ReadBenchmarkThread7ReadOneEv,ldr x3  [x3  #0xfc0],0
5.56,139,???,0,???,???,???,0
5.21,148,/usr/aarch64-linux-gnu/include/bits/string_fortified.h,29,"  return __builtin___memcpy_chk (__dest, __src, __len,",_ZN7rocksdb9LookupKeyC2ERKNS_5SliceEmPS2_,str x20  [x1]  #8,0
4.81,160,/usr/include/c++/11/bits/random.tcc,466,"    }",_ZNSt23mersenne_twister_engineImLm64ELm312ELm156ELm31ELm13043109905998158313ELm29ELm6148914691236517205ELm17ELm8202884508482404352ELm37ELm18444473444759240704ELm43ELm6364136223846793005EEclEv,ldr x19  [sp  #0x10],0
18.66,41,/home/ubuntu/rocksdb/memtable/inlineskiplist.h,922,"  const DecodedKey key_decoded = compare_.decode_key(key);",_ZN7rocksdb14InlineSkipListIRKNS_11MemTableRep13KeyComparatorEE6InsertILb0EEEbPKcPNS5_6SpliceEb,ldr x2  [x5],0
12.13,63,/home/ubuntu/rocksdb/util/random.cc,27,"  auto rv = tls_instance;",_ZN7rocksdb6Random14GetTLSInstanceEv,ldr x0  [x19  #8],0
12.70,60,/home/ubuntu/rocksdb/memtable/inlineskiplist.h,922,"  const DecodedKey key_decoded = compare_.decode_key(key);",_ZN7rocksdb14InlineSkipListIRKNS_11MemTableRep13KeyComparatorEE6InsertILb0EEEbPKcPNS5_6SpliceEb,ldr x5  [x0],0
5.08,150,/home/ubuntu/rocksdb/util/coding.cc,29,"    *(ptr++) = v;",_ZN7rocksdb14EncodeVarint32EPcj,strb w3  [x0]  #1,0
4.48,170,/home/ubuntu/rocksdb/memtable/inlineskiplist.h,897,"      *out_prev = before;",_ZN7rocksdb14InlineSkipListIRKNS_11MemTableRep13KeyComparatorEE21RecomputeSpliceLevelsERKNS_5SliceEPNS5_6SpliceEi,ldr x0  [sp  #0x68],0
4.52,168,/home/ubuntu/rocksdb/memtable/memtablerep_bench.cc,297,"  static bool callback(void* arg, const char* entry) {",_ZN7rocksdb19ReadBenchmarkThread8callbackEPvPKc,str x19  [sp  #0x10],0
5.61,135,/home/ubuntu/rocksdb/memtable/memtablerep_bench.cc,309,"  }",_ZN7rocksdb19ReadBenchmarkThread8callbackEPvPKc,ldr x0  [x0  #0xe38],0
4.71,160,/usr/include/c++/11/bits/basic_string.h,195,"      { return _M_dataplus._M_p; }",_ZN7rocksdb12_GLOBAL__N_111SkipListRep3GetERKNS_9LookupKeyEPvPFbS5_PKcE,ldr x0  [sp  #0x68],0
5.27,142,/home/ubuntu/rocksdb/memtable/memtablerep_bench.cc,327,"  }",_ZN7rocksdb19ReadBenchmarkThread7ReadOneEv,ldp x21  x22  [sp  #0x20],0
4.98,150,/home/ubuntu/rocksdb/memtable/skiplistrep.cc,85,"  void Get(const LookupKey& k, void* callback_args,",_ZN7rocksdb12_GLOBAL__N_111SkipListRep3GetERKNS_9LookupKeyEPvPFbS5_PKcE,stp x19  x20  [sp  #0x10],0
18.10,41,/home/ubuntu/rocksdb/memtable/memtablerep_bench.cc,256,"  }",_ZN7rocksdb19FillBenchmarkThread7FillOneEv,ldr x1  [x0],0
16.49,45,/home/ubuntu/rocksdb/memtable/inlineskiplist.h,1077,"      if (UNLIKELY(i == 0 && splice->prev_[i] != head_ &&",_ZN7rocksdb14InlineSkipListIRKNS_11MemTableRep13KeyComparatorEE6InsertILb0EEEbPKcPNS5_6SpliceEb,ldr x3  [x3  #0x10],0
4.84,153,/home/ubuntu/rocksdb/db/dbformat.cc,269,"}",_ZN7rocksdb9LookupKeyC2ERKNS_5SliceEmPS2_,ldp x21  x22  [sp  #0x20],0
15.74,47,/home/ubuntu/rocksdb/memtable/inlineskiplist.h,989,"      } else if (splice->prev_[recompute_height] != head_ &&",_ZN7rocksdb14InlineSkipListIRKNS_11MemTableRep13KeyComparatorEE6InsertILb0EEEbPKcPNS5_6SpliceEb,ldr x1  [x1  x19  lsl #3],0
5.50,134,/home/ubuntu/rocksdb/memtable/inlineskiplist.h,534,"InlineSkipList<Comparator>::FindGreaterOrEqual(",_ZNK7rocksdb14InlineSkipListIRKNS_11MemTableRep13KeyComparatorEE18FindGreaterOrEqualEPKcPPNS5_4NodeE,ldr x3  [x3  #0xba8],0
13.35,55,/home/ubuntu/rocksdb/memtable/memtablerep_bench.cc,280,"    while ((*threads_done_).load() < (FLAGS_num_threads - 1)) {",_ZNSt6thread11_State_implINS_8_InvokerISt5tupleIJN7rocksdb29ConcurrentFillBenchmarkThreadEEEEEE6_M_runEv,ldr w1  [x20],0
4.61,158,/home/ubuntu/rocksdb/include/rocksdb/slice.h,278,"          (memcmp(x.data(), y.data(), x.size()) == 0));",_ZNK7rocksdb12_GLOBAL__N_122BytewiseComparatorImpl5EqualERKNS_5SliceES4_,ldr x1  [x1],0
5.28,137,/home/ubuntu/rocksdb/db/lookup_key.h,65,"  if (start_ != space_) delete[] start_;",_ZN7rocksdb19ReadBenchmarkThread7ReadOneEv,ldr x0  [sp  #0x98],0
4.81,150,/usr/include/c++/11/bits/random.tcc,466,"    }",_ZNSt23mersenne_twister_engineImLm64ELm312ELm156ELm31ELm13043109905998158313ELm29ELm6148914691236517205ELm17ELm8202884508482404352ELm37ELm18444473444759240704ELm43ELm6364136223846793005EEclEv,ldp x29  x30  [sp]  #0x20,0
4.74,152,/home/ubuntu/rocksdb/include/rocksdb/slice.h,43,"  Slice(const std::string& s) : data_(s.data()), size_(s.size()) {}",_ZN7rocksdb19ReadBenchmarkThread7ReadOneEv,str x1  [sp  #0x60],0
4.54,158,/home/ubuntu/rocksdb/include/rocksdb/slice.h,43,"  Slice(const std::string& s) : data_(s.data()), size_(s.size()) {}",_ZN7rocksdb19ReadBenchmarkThread7ReadOneEv,ldp x4  x1  [sp  #0x78],0
5.05,142,/home/ubuntu/rocksdb/memtable/memtablerep_bench.cc,297,"  static bool callback(void* arg, const char* entry) {",_ZN7rocksdb19ReadBenchmarkThread8callbackEPvPKc,ldr x2  [x2  #0xe38],0
4.71,152,/home/ubuntu/rocksdb/memtable/memtablerep_bench.cc,311,"  void ReadOne() {",_ZN7rocksdb19ReadBenchmarkThread7ReadOneEv,stp x19  x20  [sp  #0x10],0
15.91,45,/home/ubuntu/rocksdb/memtable/inlineskiplist.h,978,"          splice->next_[recompute_height]) {",_ZN7rocksdb14InlineSkipListIRKNS_11MemTableRep13KeyComparatorEE6InsertILb0EEEbPKcPNS5_6SpliceEb,ldr x4  [x1  x19  lsl #3],0
4.67,153,/home/ubuntu/rocksdb/db/dbformat.cc,268,"  end_ = dst;",_ZN7rocksdb9LookupKeyC2ERKNS_5SliceEmPS2_,str x1  [x22  #0x10],0
4.61,155,/home/ubuntu/rocksdb/util/user_comparator_wrapper.h,25,"      : user_comparator_(user_cmp) {}",_ZN7rocksdb19ReadBenchmarkThread7ReadOneEv,str x2  [sp  #0x50],0
5.64,126,/home/ubuntu/rocksdb/memtable/memtablerep_bench.cc,185,"        return rand_->Next() % num_;",_ZN7rocksdb19ReadBenchmarkThread7ReadOneEv,ldr x4  [sp  #0x80],0
5.08,140,/home/ubuntu/rocksdb/memtable/skiplistrep.cc,85,"  void Get(const LookupKey& k, void* callback_args,",_ZN7rocksdb12_GLOBAL__N_111SkipListRep3GetERKNS_9LookupKeyEPvPFbS5_PKcE,stp x29  x30  [sp  #-0x90]!,0
5.07,140,/home/ubuntu/rocksdb/memtable/memtablerep_bench.cc,320,"    verify_args.table = table_;",_ZN7rocksdb19ReadBenchmarkThread7ReadOneEv,stp x20  x0  [sp  #0x60],0
4.53,156,/home/ubuntu/rocksdb/memtable/memtablerep_bench.cc,311,"  void ReadOne() {",_ZN7rocksdb19ReadBenchmarkThread7ReadOneEv,stp x21  x22  [sp  #0x20],0
4.90,144,/home/ubuntu/rocksdb/util/comparator.cc,325,"}",_ZN7rocksdb18BytewiseComparatorEv,ldp x29  x30  [sp]  #0x20,0
4.50,157,/home/ubuntu/rocksdb/db/dbformat.cc,245,"LookupKey::LookupKey(const Slice& _user_key, SequenceNumber s,",_ZN7rocksdb9LookupKeyC2ERKNS_5SliceEmPS2_,str x25  [sp  #0x40],0
702.00,1,(null),0,(null),(null),(null),0
4.70,149,/home/ubuntu/rocksdb/util/comparator.cc,40,"  bool Equal(const Slice& a, const Slice& b) const override { return a == b; }",_ZNK7rocksdb12_GLOBAL__N_122BytewiseComparatorImpl5EqualERKNS_5SliceES4_,ldp x29  x30  [sp]  #0x10,0
5.34,131,/home/ubuntu/rocksdb/db/dbformat.cc,245,"LookupKey::LookupKey(const Slice& _user_key, SequenceNumber s,",_ZN7rocksdb9LookupKeyC2ERKNS_5SliceEmPS2_,stp x19  x20  [sp  #0x10],0
12.26,57,/home/ubuntu/rocksdb/memtable/memtablerep_bench.cc,248,"    EncodeFixed64(p, ++(*sequence_));",_ZN7rocksdb19FillBenchmarkThread7FillOneEv,str x3  [x0],0
4.34,161,/home/ubuntu/rocksdb/include/rocksdb/slice.h,61,"  size_t size() const { return size_; }",_ZN7rocksdb9LookupKeyC2ERKNS_5SliceEmPS2_,ldr x23  [x1  #8],0
4.81,145,/home/ubuntu/rocksdb/db/lookup_key.h,31,"    return Slice(start_, static_cast<size_t>(end_ - start_));",_ZN7rocksdb12_GLOBAL__N_111SkipListRep3GetERKNS_9LookupKeyEPvPFbS5_PKcE,ldr x1  [x1],0
4.85,144,/home/ubuntu/rocksdb/memtable/memtablerep_bench.cc,311,"  void ReadOne() {",_ZN7rocksdb19ReadBenchmarkThread7ReadOneEv,str x0  [sp  #0x178],0
4.94,140,/home/ubuntu/rocksdb/db/dbformat.cc,245,"LookupKey::LookupKey(const Slice& _user_key, SequenceNumber s,",_ZN7rocksdb9LookupKeyC2ERKNS_5SliceEmPS2_,stp x23  x24  [sp  #0x30],0
10.80,64,/home/ubuntu/rocksdb/memtable/inlineskiplist.h,1088,"      splice->prev_[i]->SetNext(i, x);",_ZN7rocksdb14InlineSkipListIRKNS_11MemTableRep13KeyComparatorEE6InsertILb0EEEbPKcPNS5_6SpliceEb,ldr x1  [x21  #8],0
5.35,129,/home/ubuntu/rocksdb/db/dbformat.h,399,"  explicit InternalKeyComparator(const Comparator* c) : user_comparator_(c) {}",_ZN7rocksdb19ReadBenchmarkThread7ReadOneEv,ldr x1  [x1  #0xfb8],0
5.29,130,/home/ubuntu/rocksdb/memtable/memtablerep_bench.cc,327,"  }",_ZN7rocksdb19ReadBenchmarkThread7ReadOneEv,ldp x29  x30  [sp]  #0x180,0
4.29,160,/home/ubuntu/rocksdb/memtable/memtablerep_bench.cc,305,"                    callback_args->key->user_key())) {",_ZN7rocksdb19ReadBenchmarkThread8callbackEPvPKc,ldr x2  [x3  #0xf40],0
5.03,136,(null),0,(null),(null),(null),0
4.57,149,/home/ubuntu/rocksdb/memtable/memtablerep_bench.cc,318,"    verify_args.found = false;",_ZN7rocksdb19ReadBenchmarkThread7ReadOneEv,strb wzr  [sp  #0x58],0
4.72,144,/home/ubuntu/rocksdb/memtable/memtablerep_bench.cc,327,"  }",_ZN7rocksdb19ReadBenchmarkThread7ReadOneEv,ldp x23  x24  [sp  #0x30],0
4.83,140,/home/ubuntu/rocksdb/memtable/memtablerep_bench.cc,327,"  }",_ZN7rocksdb19ReadBenchmarkThread7ReadOneEv,ldr x2  [sp  #0x178],0
14.08,48,/home/ubuntu/rocksdb/memtable/inlineskiplist.h,1072,"      if (UNLIKELY(i == 0 && splice->next_[i] != nullptr &&",_ZN7rocksdb14InlineSkipListIRKNS_11MemTableRep13KeyComparatorEE6InsertILb0EEEbPKcPNS5_6SpliceEb,ldr x3  [x3  #0x10],0
5.07,133,/home/ubuntu/rocksdb/util/comparator.cc,322,"const Comparator* BytewiseComparator() {",_ZN7rocksdb18BytewiseComparatorEv,stp x29  x30  [sp  #-0x20]!,0
4.74,142,/home/ubuntu/rocksdb/db/dbformat.cc,269,"}",_ZN7rocksdb9LookupKeyC2ERKNS_5SliceEmPS2_,ldp x29  x30  [sp]  #0x50,0
12.44,54,/home/ubuntu/rocksdb/memtable/inlineskiplist.h,1115,"}",_ZN7rocksdb14InlineSkipListIRKNS_11MemTableRep13KeyComparatorEE6InsertILb0EEEbPKcPNS5_6SpliceEb,ldr x2  [x1],0
9.26,72,/home/ubuntu/rocksdb/memtable/inlineskiplist.h,897,"      *out_prev = before;",_ZN7rocksdb14InlineSkipListIRKNS_11MemTableRep13KeyComparatorEE21RecomputeSpliceLevelsERKNS_5SliceEPNS5_6SpliceEi,str x25  [x0  x24],0
4.44,150,/home/ubuntu/rocksdb/util/coding.h,108,"    uint32_t result = *(reinterpret_cast<const unsigned char*>(p));",_ZN7rocksdb19ReadBenchmarkThread8callbackEPvPKc,ldrb w2  [x0],0
4.68,142,/usr/include/c++/11/bits/basic_string.h,195,"      { return _M_dataplus._M_p; }",_ZN7rocksdb19ReadBenchmarkThread7ReadOneEv,ldr x0  [sp  #0x78],0
4.70,141,/home/ubuntu/rocksdb/util/user_comparator_wrapper.h,29,"  const Comparator* user_comparator() const { return user_comparator_; }",_ZN7rocksdb19ReadBenchmarkThread8callbackEPvPKc,ldr x0  [x19  #0x18],0
4.78,138,(null),0,(null),(null),(null),0
4.29,153,/home/ubuntu/rocksdb/memtable/memtablerep_bench.cc,311,"  void ReadOne() {",_ZN7rocksdb19ReadBenchmarkThread7ReadOneEv,stp x29  x30  [sp  #-0x180]!,0
4.35,151,/home/ubuntu/rocksdb/util/comparator.cc,40,"  bool Equal(const Slice& a, const Slice& b) const override { return a == b; }",_ZNK7rocksdb12_GLOBAL__N_122BytewiseComparatorImpl5EqualERKNS_5SliceES4_,stp x29  x30  [sp  #-0x10]!,0
5.02,131,/home/ubuntu/rocksdb/memtable/memtablerep_bench.cc,185,"        return rand_->Next() % num_;",_ZN7rocksdb19ReadBenchmarkThread7ReadOneEv,str x2  [sp  #0x48],0
4.72,139,/home/ubuntu/rocksdb/memtable/skiplistrep.cc,85,"  void Get(const LookupKey& k, void* callback_args,",_ZN7rocksdb12_GLOBAL__N_111SkipListRep3GetERKNS_9LookupKeyEPvPFbS5_PKcE,str x6  [sp  #0x88],0
4.46,147,(null),0,(null),(null),(null),0
15.57,42,/home/ubuntu/rocksdb/memtable/inlineskiplist.h,529,"  return (n != nullptr) && (compare_(n->Key(), key) < 0);",_ZN7rocksdb14InlineSkipListIRKNS_11MemTableRep13KeyComparatorEE6InsertILb0EEEbPKcPNS5_6SpliceEb,ldr x3  [x0],0
4.21,155,/usr/aarch64-linux-gnu/include/bits/string_fortified.h,29,"  return __builtin___memcpy_chk (__dest, __src, __len,",_ZN7rocksdb9LookupKeyC2ERKNS_5SliceEmPS2_,ldr x1  [x24],0
4.66,140,/home/ubuntu/rocksdb/include/rocksdb/slice.h,43,"  Slice(const std::string& s) : data_(s.data()), size_(s.size()) {}",_ZN7rocksdb19ReadBenchmarkThread7ReadOneEv,str x4  [sp  #0x58],0
4.14,157,/home/ubuntu/rocksdb/memtable/inlineskiplist.h,573,"}",_ZNK7rocksdb14InlineSkipListIRKNS_11MemTableRep13KeyComparatorEE18FindGreaterOrEqualEPKcPPNS5_4NodeE,ldr x2  [sp  #0x78],0
5.10,127,/home/ubuntu/rocksdb/memtable/memtablerep_bench.cc,323,"    if (verify_args.found) {",_ZN7rocksdb19ReadBenchmarkThread7ReadOneEv,ldrb w0  [sp  #0x58],0
13.77,47,/home/ubuntu/rocksdb/memtable/memtablerep_bench.cc,237,"  void FillOne() {",_ZN7rocksdb19FillBenchmarkThread7FillOneEv,ldr x5  [x1],0
4.74,136,/home/ubuntu/rocksdb/memtable/memtablerep_bench.cc,327,"  }",_ZN7rocksdb19ReadBenchmarkThread7ReadOneEv,ldp x19  x20  [sp  #0x10],0
4.26,151,/home/ubuntu/rocksdb/db/dbformat.cc,245,"LookupKey::LookupKey(const Slice& _user_key, SequenceNumber s,",_ZN7rocksdb9LookupKeyC2ERKNS_5SliceEmPS2_,stp x29  x30  [sp  #-0x50]!,0
4.46,144,/home/ubuntu/rocksdb/include/rocksdb/slice.h,277,"  return ((x.size() == y.size()) &&",_ZNK7rocksdb12_GLOBAL__N_122BytewiseComparatorImpl5EqualERKNS_5SliceES4_,ldr x4  [x2  #8],0
4.39,146,/home/ubuntu/rocksdb/memtable/skiplistrep.cc,93,"  }",_ZN7rocksdb12_GLOBAL__N_111SkipListRep3GetERKNS_9LookupKeyEPvPFbS5_PKcE,ldp x21  x22  [sp  #0x20],0
4.78,134,(null),0,(null),(null),(null),0
4.51,142,/home/ubuntu/rocksdb/db/dbformat.cc,245,"LookupKey::LookupKey(const Slice& _user_key, SequenceNumber s,",_ZN7rocksdb9LookupKeyC2ERKNS_5SliceEmPS2_,stp x21  x22  [sp  #0x20],0
25.40,25,/usr/include/c++/11/bits/atomic_base.h,820,"	return __atomic_load_n(&_M_p, int(__m));",_ZN7rocksdb14InlineSkipListIRKNS_11MemTableRep13KeyComparatorEE6InsertILb0EEEbPKcPNS5_6SpliceEb,ldar x0  [x1],0
4.53,140,/home/ubuntu/rocksdb/memtable/skiplistrep.cc,93,"  }",_ZN7rocksdb12_GLOBAL__N_111SkipListRep3GetERKNS_9LookupKeyEPvPFbS5_PKcE,ldp x19  x20  [sp  #0x10],0
4.53,140,/home/ubuntu/rocksdb/memtable/skiplistrep.cc,187,"    ~Iterator() override = default;",_ZN7rocksdb12_GLOBAL__N_111SkipListRep3GetERKNS_9LookupKeyEPvPFbS5_PKcE,str x21  [sp  #0x50],0
9.31,68,/home/ubuntu/rocksdb/memtable/inlineskiplist.h,898,"      *out_next = next;",_ZN7rocksdb14InlineSkipListIRKNS_11MemTableRep13KeyComparatorEE21RecomputeSpliceLevelsERKNS_5SliceEPNS5_6SpliceEi,str x23  [x0  x24],0
15.34,41,/home/ubuntu/rocksdb/memtable/inlineskiplist.h,335,"    return ((&next_[0] - n)->load(std::memory_order_acquire));",_ZN7rocksdb14InlineSkipListIRKNS_11MemTableRep13KeyComparatorEE6InsertILb0EEEbPKcPNS5_6SpliceEb,ldr x1  [x0  x19  lsl #3],0
4.63,135,/home/ubuntu/rocksdb/util/comparator.cc,325,"}",_ZN7rocksdb18BytewiseComparatorEv,ldr x19  [sp  #0x10],0
4.56,137,(null),0,(null),(null),(null),0
4.93,126,/home/ubuntu/rocksdb/include/rocksdb/slice.h,278,"          (memcmp(x.data(), y.data(), x.size()) == 0));",_ZNK7rocksdb12_GLOBAL__N_122BytewiseComparatorImpl5EqualERKNS_5SliceES4_,ldr x0  [x3],0
4.16,148,/home/ubuntu/rocksdb/db/dbformat.cc,269,"}",_ZN7rocksdb9LookupKeyC2ERKNS_5SliceEmPS2_,ldp x19  x20  [sp  #0x10],0
19.22,32,/home/ubuntu/rocksdb/memtable/inlineskiplist.h,922,"  const DecodedKey key_decoded = compare_.decode_key(key);",_ZN7rocksdb14InlineSkipListIRKNS_11MemTableRep13KeyComparatorEE6InsertILb0EEEbPKcPNS5_6SpliceEb,ldr x2  [x5],0
13.95,44,/home/ubuntu/rocksdb/memtable/inlineskiplist.h,919,"bool InlineSkipList<Comparator>::Insert(const char* key, Splice* splice,",_ZN7rocksdb14InlineSkipListIRKNS_11MemTableRep13KeyComparatorEE6InsertILb0EEEbPKcPNS5_6SpliceEb,ldr x6  [x5],0
13.04,47,/home/ubuntu/rocksdb/memtable/inlineskiplist.h,1072,"      if (UNLIKELY(i == 0 && splice->next_[i] != nullptr &&",_ZN7rocksdb14InlineSkipListIRKNS_11MemTableRep13KeyComparatorEE6InsertILb0EEEbPKcPNS5_6SpliceEb,ldr x1  [x1],0
4.05,151,/home/ubuntu/rocksdb/memtable/inlineskiplist.h,573,"}",_ZNK7rocksdb14InlineSkipListIRKNS_11MemTableRep13KeyComparatorEE18FindGreaterOrEqualEPKcPPNS5_4NodeE,ldr x27  [sp  #0x50],0
14.23,43,/home/ubuntu/rocksdb/memtable/memtablerep_bench.cc,242,"    KeyHandle handle = table_->Allocate(encoded_len, &buf);",_ZN7rocksdb19FillBenchmarkThread7FillOneEv,ldr x3  [x0],0
4.59,133,(null),0,(null),(null),(null),0
4.41,138,/home/ubuntu/rocksdb/db/dbformat.h,399,"  explicit InternalKeyComparator(const Comparator* c) : user_comparator_(c) {}",_ZN7rocksdb19ReadBenchmarkThread7ReadOneEv,str x1  [sp  #0x48],0
4.11,148,/home/ubuntu/rocksdb/memtable/memtablerep_bench.cc,305,"                    callback_args->key->user_key())) {",_ZN7rocksdb19ReadBenchmarkThread8callbackEPvPKc,str x4  [sp  #0x38],0
10.84,56,/home/ubuntu/rocksdb/util/random.cc,23,"Random* Random::GetTLSInstance() {",_ZN7rocksdb6Random14GetTLSInstanceEv,ldr x2  [x1],0
4.40,136,/home/ubuntu/rocksdb/db/dbformat.cc,269,"}",_ZN7rocksdb9LookupKeyC2ERKNS_5SliceEmPS2_,ldp x23  x24  [sp  #0x30],0
12.98,46,/usr/include/c++/11/bits/atomic_base.h,488,"	return __atomic_load_n(&_M_i, int(__m));",_ZNSt6thread11_State_implINS_8_InvokerISt5tupleIJN7rocksdb29ConcurrentFillBenchmarkThreadEEEEEE6_M_runEv,ldr x0  [x19  #0x68],0
10.64,56,/home/ubuntu/rocksdb/memtable/inlineskiplist.h,911,"  for (int i = recompute_level - 1; i >= 0; --i) {",_ZN7rocksdb14InlineSkipListIRKNS_11MemTableRep13KeyComparatorEE21RecomputeSpliceLevelsERKNS_5SliceEPNS5_6SpliceEi,stp x25  x26  [sp  #0x40],0
4.60,129,/home/ubuntu/rocksdb/memtable/skiplistrep.cc,93,"  }",_ZN7rocksdb12_GLOBAL__N_111SkipListRep3GetERKNS_9LookupKeyEPvPFbS5_PKcE,ldp x23  x24  [sp  #0x30],0
4.29,137,/home/ubuntu/rocksdb/memtable/memtablerep_bench.cc,309,"  }",_ZN7rocksdb19ReadBenchmarkThread8callbackEPvPKc,ldp x29  x30  [sp]  #0x50,0
5.07,115,/home/ubuntu/rocksdb/memtable/skiplistrep.cc,85,"  void Get(const LookupKey& k, void* callback_args,",_ZN7rocksdb12_GLOBAL__N_111SkipListRep3GetERKNS_9LookupKeyEPvPFbS5_PKcE,ldr x5  [x4  #0xba8],0
4.43,131,/home/ubuntu/rocksdb/memtable/skiplistrep.cc,93,"  }",_ZN7rocksdb12_GLOBAL__N_111SkipListRep3GetERKNS_9LookupKeyEPvPFbS5_PKcE,ldr x2  [sp  #0x88],0
12.08,48,/home/ubuntu/rocksdb/memtable/inlineskiplist.h,799,"  char* raw = allocator_->AllocateAligned(prefix + sizeof(Node) + key_size);",_ZN7rocksdb12_GLOBAL__N_111SkipListRep8AllocateEmPPc,ldr x4  [x4  #0x18],0
11.82,49,/home/ubuntu/rocksdb/memtable/memtablerep_bench.cc,254,"    table_->Insert(handle);",_ZN7rocksdb19FillBenchmarkThread7FillOneEv,ldr x2  [x0],0
11.29,51,(null),0,(null),(null),(null),0
4.06,142,/home/ubuntu/rocksdb/memtable/inlineskiplist.h,573,"}",_ZNK7rocksdb14InlineSkipListIRKNS_11MemTableRep13KeyComparatorEE18FindGreaterOrEqualEPKcPPNS5_4NodeE,ldp x21  x22  [sp  #0x20],0
32.00,18,/usr/include/c++/11/bits/atomic_base.h,488,"	return __atomic_load_n(&_M_i, int(__m));",_ZNSt6thread11_State_implINS_8_InvokerISt5tupleIJN7rocksdb29ConcurrentFillBenchmarkThreadEEEEEE6_M_runEv,ldar w2  [x0],0
11.29,51,/home/ubuntu/rocksdb/memtable/inlineskiplist.h,1077,"      if (UNLIKELY(i == 0 && splice->prev_[i] != head_ &&",_ZN7rocksdb14InlineSkipListIRKNS_11MemTableRep13KeyComparatorEE6InsertILb0EEEbPKcPNS5_6SpliceEb,ldr x1  [x21  #8],0
4.02,141,/home/ubuntu/rocksdb/memtable/memtablerep_bench.cc,297,"  static bool callback(void* arg, const char* entry) {",_ZN7rocksdb19ReadBenchmarkThread8callbackEPvPKc,stp x29  x30  [sp  #-0x50]!,0
4.04,140,/home/ubuntu/rocksdb/memtable/inlineskiplist.h,573,"}",_ZNK7rocksdb14InlineSkipListIRKNS_11MemTableRep13KeyComparatorEE18FindGreaterOrEqualEPKcPPNS5_4NodeE,ldp x23  x24  [sp  #0x30],0
4.44,126,/home/ubuntu/rocksdb/memtable/inlineskiplist.h,453,"  node_ = list_->FindGreaterOrEqual(target, nullptr);",_ZN7rocksdb12_GLOBAL__N_111SkipListRep3GetERKNS_9LookupKeyEPvPFbS5_PKcE,str x0  [sp  #0x60],0
4.07,137,/home/ubuntu/rocksdb/memtable/memtablerep_bench.cc,309,"  }",_ZN7rocksdb19ReadBenchmarkThread8callbackEPvPKc,ldr x19  [sp  #0x10],0
12.38,45,/home/ubuntu/rocksdb/memtable/memtablerep_bench.cc,248,"    EncodeFixed64(p, ++(*sequence_));",_ZN7rocksdb19FillBenchmarkThread7FillOneEv,ldr x3  [x0],0
4.74,117,/home/ubuntu/rocksdb/db/dbformat.cc,269,"}",_ZN7rocksdb9LookupKeyC2ERKNS_5SliceEmPS2_,ldr x25  [sp  #0x40],0
9.22,60,/home/ubuntu/rocksdb/memtable/skiplistrep.cc,36,"    *buf = skip_list_.AllocateKey(len);",_ZN7rocksdb12_GLOBAL__N_111SkipListRep8AllocateEmPPc,str x0  [x20],0
4.76,116,/home/ubuntu/rocksdb/memtable/inlineskiplist.h,573,"}",_ZNK7rocksdb14InlineSkipListIRKNS_11MemTableRep13KeyComparatorEE18FindGreaterOrEqualEPKcPPNS5_4NodeE,ldp x19  x20  [sp  #0x10],0
4.26,129,/home/ubuntu/rocksdb/memtable/inlineskiplist.h,573,"}",_ZNK7rocksdb14InlineSkipListIRKNS_11MemTableRep13KeyComparatorEE18FindGreaterOrEqualEPKcPPNS5_4NodeE,ldp x29  x30  [sp]  #0x80,0
4.73,116,/home/ubuntu/rocksdb/memtable/inlineskiplist.h,573,"}",_ZNK7rocksdb14InlineSkipListIRKNS_11MemTableRep13KeyComparatorEE18FindGreaterOrEqualEPKcPPNS5_4NodeE,ldp x25  x26  [sp  #0x40],0
4.18,131,/home/ubuntu/rocksdb/util/coding.h,110,"      *value = result;",_ZN7rocksdb19ReadBenchmarkThread8callbackEPvPKc,str w2  [sp  #0x24],0
10.11,54,/home/ubuntu/rocksdb/memtable/inlineskiplist.h,939,"  if (splice->height_ < max_height) {",_ZN7rocksdb14InlineSkipListIRKNS_11MemTableRep13KeyComparatorEE6InsertILb0EEEbPKcPNS5_6SpliceEb,ldr w0  [x21],0
4.07,134,/home/ubuntu/rocksdb/db/dbformat.cc,256,"  start_ = dst;",_ZN7rocksdb9LookupKeyC2ERKNS_5SliceEmPS2_,str x0  [x22],0
10.60,50,/home/ubuntu/rocksdb/memtable/inlineskiplist.h,1077,"      if (UNLIKELY(i == 0 && splice->prev_[i] != head_ &&",_ZN7rocksdb14InlineSkipListIRKNS_11MemTableRep13KeyComparatorEE6InsertILb0EEEbPKcPNS5_6SpliceEb,ldr x3  [x0],0
5.03,105,/home/ubuntu/rocksdb/memtable/inlineskiplist.h,573,"}",_ZNK7rocksdb14InlineSkipListIRKNS_11MemTableRep13KeyComparatorEE18FindGreaterOrEqualEPKcPPNS5_4NodeE,ldr x0  [x0  #0xba8],0
11.64,45,(null),0,(null),(null),(null),0
4.23,123,/home/ubuntu/rocksdb/memtable/memtablerep_bench.cc,305,"                    callback_args->key->user_key())) {",_ZN7rocksdb19ReadBenchmarkThread8callbackEPvPKc,str x1  [sp  #0x40],0
4.03,127,/home/ubuntu/rocksdb/db/dbformat.cc,259,"  kstart_ = dst;",_ZN7rocksdb9LookupKeyC2ERKNS_5SliceEmPS2_,str x0  [x22  #8],0
9.81,52,/home/ubuntu/rocksdb/memtable/inlineskiplist.h,977,"      if (splice->prev_[recompute_height]->Next(recompute_height) !=",_ZN7rocksdb14InlineSkipListIRKNS_11MemTableRep13KeyComparatorEE6InsertILb0EEEbPKcPNS5_6SpliceEb,ldr x0  [x21  #8],0
4.63,110,/home/ubuntu/rocksdb/include/rocksdb/slice.h,61,"  size_t size() const { return size_; }",_ZNK7rocksdb12_GLOBAL__N_122BytewiseComparatorImpl5EqualERKNS_5SliceES4_,ldr x2  [x3  #8],0
9.79,52,/home/ubuntu/rocksdb/memtable/inlineskiplist.h,978,"          splice->next_[recompute_height]) {",_ZN7rocksdb14InlineSkipListIRKNS_11MemTableRep13KeyComparatorEE6InsertILb0EEEbPKcPNS5_6SpliceEb,ldr x1  [x21  #0x10],0
4.31,118,/home/ubuntu/rocksdb/memtable/memtablerep_bench.cc,304,"            ->Equal(Slice(key_ptr, key_length - 8),",_ZN7rocksdb19ReadBenchmarkThread8callbackEPvPKc,stp x1  x2  [sp  #0x28],0
12.68,40,/home/ubuntu/rocksdb/memtable/inlineskiplist.h,1087,"      x->NoBarrier_SetNext(i, splice->next_[i]);",_ZN7rocksdb14InlineSkipListIRKNS_11MemTableRep13KeyComparatorEE6InsertILb0EEEbPKcPNS5_6SpliceEb,ldr x1  [x21  #0x10],0
9.88,51,/usr/include/c++/11/bits/atomic_base.h,488,"	return __atomic_load_n(&_M_i, int(__m));",_ZN7rocksdb14InlineSkipListIRKNS_11MemTableRep13KeyComparatorEE6InsertILb0EEEbPKcPNS5_6SpliceEb,ldr w24  [x22],0
11.45,44,/home/ubuntu/rocksdb/memtable/memtablerep_bench.cc,242,"    KeyHandle handle = table_->Allocate(encoded_len, &buf);",_ZN7rocksdb19FillBenchmarkThread7FillOneEv,ldr x0  [x0  #8],0
9.24,54,/home/ubuntu/rocksdb/util/coding.h,335,"  return Slice(p, len);",_ZN7rocksdb14InlineSkipListIRKNS_11MemTableRep13KeyComparatorEE6InsertILb0EEEbPKcPNS5_6SpliceEb,stp x0  x1  [sp  #0x68],0
4.65,107,/home/ubuntu/rocksdb/memtable/inlineskiplist.h,898,"      *out_next = next;",_ZN7rocksdb14InlineSkipListIRKNS_11MemTableRep13KeyComparatorEE21RecomputeSpliceLevelsERKNS_5SliceEPNS5_6SpliceEi,ldr x0  [sp  #0x70],0
14.88,33,/home/ubuntu/rocksdb/memtable/inlineskiplist.h,342,"    (&next_[0] - n)->store(x, std::memory_order_release);",_ZN7rocksdb14InlineSkipListIRKNS_11MemTableRep13KeyComparatorEE6InsertILb0EEEbPKcPNS5_6SpliceEb,ldr x1  [x1  x19],0
10.04,48,/home/ubuntu/rocksdb/memtable/inlineskiplist.h,1093,"      splice->prev_[i] = x;",_ZN7rocksdb14InlineSkipListIRKNS_11MemTableRep13KeyComparatorEE6InsertILb0EEEbPKcPNS5_6SpliceEb,ldr x1  [x21  #8],0
15.00,32,/home/ubuntu/rocksdb/memtable/inlineskiplist.h,1093,"      splice->prev_[i] = x;",_ZN7rocksdb14InlineSkipListIRKNS_11MemTableRep13KeyComparatorEE6InsertILb0EEEbPKcPNS5_6SpliceEb,str x23  [x1  x0  lsl #3],0
7.90,60,/home/ubuntu/rocksdb/memtable/inlineskiplist.h,1072,"      if (UNLIKELY(i == 0 && splice->next_[i] != nullptr &&",_ZN7rocksdb14InlineSkipListIRKNS_11MemTableRep13KeyComparatorEE6InsertILb0EEEbPKcPNS5_6SpliceEb,ldr x1  [x21  #0x10],0
10.22,46,/home/ubuntu/rocksdb/memtable/inlineskiplist.h,840,"  return Insert<false>(key, seq_splice_, false);",_ZN7rocksdb12_GLOBAL__N_111SkipListRep6InsertEPv,ldr x2  [x0  #0x38],0
11.70,40,(null),0,(null),(null),(null),0
9.35,49,/home/ubuntu/rocksdb/util/coding.h,331,"  uint32_t len = 0;",_ZN7rocksdb14InlineSkipListIRKNS_11MemTableRep13KeyComparatorEE6InsertILb0EEEbPKcPNS5_6SpliceEb,str wzr  [sp  #0x68],0
10.39,44,/home/ubuntu/rocksdb/memtable/inlineskiplist.h,505,"  while (height < kMaxHeight_ && height < kMaxPossibleHeight &&",_ZN7rocksdb12_GLOBAL__N_111SkipListRep8AllocateEmPPc,ldr w3  [x0],0
17.58,26,/home/ubuntu/rocksdb/memtable/inlineskiplist.h,1077,"      if (UNLIKELY(i == 0 && splice->prev_[i] != head_ &&",_ZN7rocksdb14InlineSkipListIRKNS_11MemTableRep13KeyComparatorEE6InsertILb0EEEbPKcPNS5_6SpliceEb,ldr x1  [x1],0
9.24,49,/home/ubuntu/rocksdb/memtable/inlineskiplist.h,922,"  const DecodedKey key_decoded = compare_.decode_key(key);",_ZN7rocksdb14InlineSkipListIRKNS_11MemTableRep13KeyComparatorEE6InsertILb0EEEbPKcPNS5_6SpliceEb,ldr x4  [x4  #0x970],0
9.22,49,/home/ubuntu/rocksdb/memory/arena.cc,109,"                             Logger* logger) {",_ZN7rocksdb5Arena15AllocateAlignedEmmPNS_6LoggerE,ldr x6  [x4],0
10.69,42,/home/ubuntu/rocksdb/util/random.cc,34,"}",_ZN7rocksdb6Random14GetTLSInstanceEv,ldr x2  [x1],0
20.18,22,/home/ubuntu/rocksdb/memtable/inlineskiplist.h,529,"  return (n != nullptr) && (compare_(n->Key(), key) < 0);",_ZN7rocksdb14InlineSkipListIRKNS_11MemTableRep13KeyComparatorEE6InsertILb0EEEbPKcPNS5_6SpliceEb,ldr x3  [x3  #0x10],0
17.60,25,/home/ubuntu/rocksdb/memtable/memtablerep_bench.cc,325,"      ++*read_hits_;",_ZN7rocksdb19ReadBenchmarkThread7ReadOneEv,ldr x0  [x1],0
15.68,28,/home/ubuntu/rocksdb/memtable/inlineskiplist.h,335,"    return ((&next_[0] - n)->load(std::memory_order_acquire));",_ZN7rocksdb14InlineSkipListIRKNS_11MemTableRep13KeyComparatorEE6InsertILb0EEEbPKcPNS5_6SpliceEb,ldr x1  [x0  x19  lsl #3],0
8.06,54,/home/ubuntu/rocksdb/memtable/memtablerep_bench.cc,152,"    if (pos_ + len > data_.size()) {",_ZN7rocksdb19FillBenchmarkThread7FillOneEv,ldr w0  [x5  #0x20],0
10.07,43,/home/ubuntu/rocksdb/memtable/memtablerep_bench.cc,181,"    switch (mode_) {",_ZN7rocksdb19FillBenchmarkThread7FillOneEv,ldr w0  [x24  #8],0
9.58,45,/home/ubuntu/rocksdb/util/random.h,157,"  uint64_t Next() { return generator_(); }",_ZN7rocksdb19FillBenchmarkThread7FillOneEv,ldr x0  [x24],0
15.29,28,/home/ubuntu/rocksdb/memtable/inlineskiplist.h,989,"      } else if (splice->prev_[recompute_height] != head_ &&",_ZN7rocksdb14InlineSkipListIRKNS_11MemTableRep13KeyComparatorEE6InsertILb0EEEbPKcPNS5_6SpliceEb,ldr x1  [x1  x19  lsl #3],0
9.91,43,/home/ubuntu/rocksdb/memtable/memtablerep_bench.cc,255,"    *bytes_written_ += encoded_len;",_ZN7rocksdb19FillBenchmarkThread7FillOneEv,ldr x2  [x19  #0x18],0
8.61,49,/usr/aarch64-linux-gnu/include/bits/string_fortified.h,29,"  return __builtin___memcpy_chk (__dest, __src, __len,",_ZN7rocksdb19FillBenchmarkThread7FillOneEv,str x0  [x20],0
8.25,51,/home/ubuntu/rocksdb/memtable/inlineskiplist.h,919,"bool InlineSkipList<Comparator>::Insert(const char* key, Splice* splice,",_ZN7rocksdb14InlineSkipListIRKNS_11MemTableRep13KeyComparatorEE6InsertILb0EEEbPKcPNS5_6SpliceEb,stp x23  x24  [sp  #0x30],0
16.15,26,/usr/include/c++/11/bits/atomic_base.h,796,"	__atomic_store_n(&_M_p, __p, int(__m));",_ZN7rocksdb14InlineSkipListIRKNS_11MemTableRep13KeyComparatorEE6InsertILb0EEEbPKcPNS5_6SpliceEb,ldr x0  [x1  x19],0
16.68,25,/home/ubuntu/rocksdb/memtable/inlineskiplist.h,911,"  for (int i = recompute_level - 1; i >= 0; --i) {",_ZN7rocksdb14InlineSkipListIRKNS_11MemTableRep13KeyComparatorEE21RecomputeSpliceLevelsERKNS_5SliceEPNS5_6SpliceEi,stp x19  x20  [sp  #0x10],0
18.95,22,/home/ubuntu/rocksdb/memtable/inlineskiplist.h,978,"          splice->next_[recompute_height]) {",_ZN7rocksdb14InlineSkipListIRKNS_11MemTableRep13KeyComparatorEE6InsertILb0EEEbPKcPNS5_6SpliceEb,ldr x4  [x1  x19  lsl #3],0
6.80,61,/home/ubuntu/rocksdb/util/random.cc,34,"}",_ZN7rocksdb6Random14GetTLSInstanceEv,ldr x19  [sp  #0x10],0
9.00,46,/home/ubuntu/rocksdb/memtable/inlineskiplist.h,922,"  const DecodedKey key_decoded = compare_.decode_key(key);",_ZN7rocksdb14InlineSkipListIRKNS_11MemTableRep13KeyComparatorEE6InsertILb0EEEbPKcPNS5_6SpliceEb,ldr x0  [x0  #0x10],0
7.90,52,/home/ubuntu/rocksdb/memtable/memtablerep_bench.cc,248,"    EncodeFixed64(p, ++(*sequence_));",_ZN7rocksdb19FillBenchmarkThread7FillOneEv,ldr x0  [x19  #0x28],0
10.07,40,/home/ubuntu/rocksdb/memtable/inlineskiplist.h,1072,"      if (UNLIKELY(i == 0 && splice->next_[i] != nullptr &&",_ZN7rocksdb14InlineSkipListIRKNS_11MemTableRep13KeyComparatorEE6InsertILb0EEEbPKcPNS5_6SpliceEb,ldr x3  [x0],0
9.16,44,/home/ubuntu/rocksdb/memtable/inlineskiplist.h,897,"      *out_prev = before;",_ZN7rocksdb14InlineSkipListIRKNS_11MemTableRep13KeyComparatorEE21RecomputeSpliceLevelsERKNS_5SliceEPNS5_6SpliceEi,str x25  [x0  x24],0
6.90,58,/home/ubuntu/rocksdb/memtable/memtablerep_bench.cc,238,"    char* buf = nullptr;",_ZN7rocksdb19FillBenchmarkThread7FillOneEv,str xzr  [sp  #0x40],0
16.58,24,/home/ubuntu/rocksdb/memtable/memtablerep_bench.cc,324,"      *bytes_read_ += VarintLength(16) + 16 + FLAGS_item_size;",_ZN7rocksdb19ReadBenchmarkThread7ReadOneEv,ldr x3  [x2],0
10.47,38,/home/ubuntu/rocksdb/memtable/inlineskiplist.h,989,"      } else if (splice->prev_[recompute_height] != head_ &&",_ZN7rocksdb14InlineSkipListIRKNS_11MemTableRep13KeyComparatorEE6InsertILb0EEEbPKcPNS5_6SpliceEb,ldr x1  [x21  #8],0
10.15,39,/home/ubuntu/rocksdb/util/coding.h,108,"    uint32_t result = *(reinterpret_cast<const unsigned char*>(p));",_ZN7rocksdb14InlineSkipListIRKNS_11MemTableRep13KeyComparatorEE6InsertILb0EEEbPKcPNS5_6SpliceEb,ldrb w0  [x1],0
4.39,89,/home/ubuntu/rocksdb/memtable/inlineskiplist.h,897,"      *out_prev = before;",_ZN7rocksdb14InlineSkipListIRKNS_11MemTableRep13KeyComparatorEE21RecomputeSpliceLevelsERKNS_5SliceEPNS5_6SpliceEi,ldr x0  [sp  #0x68],0
8.02,48,/home/ubuntu/rocksdb/memtable/memtablerep_bench.cc,155,"    pos_ += len;",_ZN7rocksdb19FillBenchmarkThread7FillOneEv,str w7  [x5  #0x20],0
16.74,23,/home/ubuntu/rocksdb/memtable/memtablerep_bench.cc,255,"    *bytes_written_ += encoded_len;",_ZN7rocksdb19FillBenchmarkThread7FillOneEv,str x1  [x2],0
8.35,46,/home/ubuntu/rocksdb/memtable/inlineskiplist.h,989,"      } else if (splice->prev_[recompute_height] != head_ &&",_ZN7rocksdb14InlineSkipListIRKNS_11MemTableRep13KeyComparatorEE6InsertILb0EEEbPKcPNS5_6SpliceEb,ldr x0  [x26  #0x18],0
9.60,40,/home/ubuntu/rocksdb/memory/arena.cc,143,"}",_ZN7rocksdb5Arena15AllocateAlignedEmmPNS_6LoggerE,ldr x2  [x1],0
8.73,44,/home/ubuntu/rocksdb/memtable/inlineskiplist.h,919,"bool InlineSkipList<Comparator>::Insert(const char* key, Splice* splice,",_ZN7rocksdb14InlineSkipListIRKNS_11MemTableRep13KeyComparatorEE6InsertILb0EEEbPKcPNS5_6SpliceEb,str x6  [sp  #0x78],0
8.15,47,/home/ubuntu/rocksdb/memtable/memtablerep_bench.cc,250,"    Slice bytes = generator_.Generate(FLAGS_item_size);",_ZN7rocksdb19FillBenchmarkThread7FillOneEv,ldr w2  [x22],0
7.60,50,/home/ubuntu/rocksdb/memtable/inlineskiplist.h,939,"  if (splice->height_ < max_height) {",_ZN7rocksdb14InlineSkipListIRKNS_11MemTableRep13KeyComparatorEE6InsertILb0EEEbPKcPNS5_6SpliceEb,stp x27  x28  [sp  #0x50],0
7.39,51,/home/ubuntu/rocksdb/memtable/inlineskiplist.h,799,"  char* raw = allocator_->AllocateAligned(prefix + sizeof(Node) + key_size);",_ZN7rocksdb12_GLOBAL__N_111SkipListRep8AllocateEmPPc,ldr x4  [x0],0
5.78,64,/home/ubuntu/rocksdb/memtable/memtablerep_bench.cc,253,"    assert(p == buf + encoded_len);",_ZN7rocksdb19FillBenchmarkThread7FillOneEv,ldr x0  [sp  #0x40],0
8.60,43,/home/ubuntu/rocksdb/memtable/inlineskiplist.h,529,"  return (n != nullptr) && (compare_(n->Key(), key) < 0);",_ZN7rocksdb14InlineSkipListIRKNS_11MemTableRep13KeyComparatorEE6InsertILb0EEEbPKcPNS5_6SpliceEb,ldr x0  [x26  #0x10],0
14.64,25,/usr/include/c++/11/bits/atomic_base.h,796,"	__atomic_store_n(&_M_p, __p, int(__m));",_ZN7rocksdb14InlineSkipListIRKNS_11MemTableRep13KeyComparatorEE6InsertILb0EEEbPKcPNS5_6SpliceEb,str x0  [x2],0
7.28,50,/home/ubuntu/rocksdb/util/random.cc,27,"  auto rv = tls_instance;",_ZN7rocksdb6Random14GetTLSInstanceEv,ldr x2  [x0  #0xa48],0
12.55,29,/home/ubuntu/rocksdb/memtable/inlineskiplist.h,1115,"}",_ZN7rocksdb14InlineSkipListIRKNS_11MemTableRep13KeyComparatorEE6InsertILb0EEEbPKcPNS5_6SpliceEb,ldr x2  [x1],0
8.25,44,/home/ubuntu/rocksdb/util/random.cc,34,"}",_ZN7rocksdb6Random14GetTLSInstanceEv,ldr x3  [sp  #0x28],0
7.48,48,(null),0,(null),(null),(null),0
6.61,54,/home/ubuntu/rocksdb/util/random.cc,34,"}",_ZN7rocksdb6Random14GetTLSInstanceEv,ldr x1  [x1  #0xba8],0
7.10,50,/usr/include/c++/11/bits/basic_string.h,921,"      { return _M_string_length; }",_ZN7rocksdb19FillBenchmarkThread7FillOneEv,ldr x3  [x5  #8],0
5.80,61,/home/ubuntu/rocksdb/memtable/memtablerep_bench.cc,256,"  }",_ZN7rocksdb19FillBenchmarkThread7FillOneEv,ldr x0  [x0  #0xe38],0
7.31,48,/home/ubuntu/rocksdb/memtable/skiplistrep.cc,35,"  KeyHandle Allocate(const size_t len, char** buf) override {",_ZN7rocksdb12_GLOBAL__N_111SkipListRep8AllocateEmPPc,str x23  [sp  #0x30],0
17.40,20,/home/ubuntu/rocksdb/memtable/memtablerep_bench.cc,255,"    *bytes_written_ += encoded_len;",_ZN7rocksdb19FillBenchmarkThread7FillOneEv,ldr x1  [x2],0
8.44,41,???,0,???,???,???,0
6.76,51,(null),0,(null),(null),(null),0
5.61,61,/home/ubuntu/rocksdb/memtable/memtablerep_bench.cc,256,"  }",_ZN7rocksdb19FillBenchmarkThread7FillOneEv,ldp x23  x24  [sp  #0x30],0
11.40,30,/home/ubuntu/rocksdb/memtable/inlineskiplist.h,1003,"      } else if (KeyIsAfterNode(key_decoded, splice->next_[recompute_height])) {",_ZN7rocksdb14InlineSkipListIRKNS_11MemTableRep13KeyComparatorEE6InsertILb0EEEbPKcPNS5_6SpliceEb,ldr x4  [x0  x19  lsl #3],0
5.59,61,/home/ubuntu/rocksdb/memtable/memtablerep_bench.cc,237,"  void FillOne() {",_ZN7rocksdb19FillBenchmarkThread7FillOneEv,stp x29  x30  [sp  #-0x50]!,0
6.54,52,/home/ubuntu/rocksdb/util/random.cc,23,"Random* Random::GetTLSInstance() {",_ZN7rocksdb6Random14GetTLSInstanceEv,ldr x1  [x1  #0xba8],0
8.50,40,/home/ubuntu/rocksdb/memtable/inlineskiplist.h,919,"bool InlineSkipList<Comparator>::Insert(const char* key, Splice* splice,",_ZN7rocksdb14InlineSkipListIRKNS_11MemTableRep13KeyComparatorEE6InsertILb0EEEbPKcPNS5_6SpliceEb,stp x21  x22  [sp  #0x20],0
5.33,63,/home/ubuntu/rocksdb/memtable/inlineskiplist.h,906,"void InlineSkipList<Comparator>::RecomputeSpliceLevels(const DecodedKey& key,",_ZN7rocksdb14InlineSkipListIRKNS_11MemTableRep13KeyComparatorEE21RecomputeSpliceLevelsERKNS_5SliceEPNS5_6SpliceEi,stp x21  x22  [sp  #0x20],0
5.78,58,/home/ubuntu/rocksdb/memtable/memtablerep_bench.cc,237,"  void FillOne() {",_ZN7rocksdb19FillBenchmarkThread7FillOneEv,stp x23  x24  [sp  #0x30],0
15.18,22,src/hotline/fname_map.c,221,(null),va_to_file_offset,ldr x2  [x4  #8],0
9.28,36,/usr/aarch64-linux-gnu/include/bits/string_fortified.h,29,"  return __builtin___memcpy_chk (__dest, __src, __len,",_ZN7rocksdb12_GLOBAL__N_111SkipListRep8AllocateEmPPc,str w21  [x2  x19],0
7.09,47,/home/ubuntu/rocksdb/memtable/memtablerep_bench.cc,241,"        FLAGS_item_size + VarintLength(internal_key_size) + internal_key_size;",_ZN7rocksdb19FillBenchmarkThread7FillOneEv,ldr x4  [x22  #0xe90],0
12.33,27,/home/ubuntu/rocksdb/memtable/inlineskiplist.h,529,"  return (n != nullptr) && (compare_(n->Key(), key) < 0);",_ZN7rocksdb14InlineSkipListIRKNS_11MemTableRep13KeyComparatorEE6InsertILb0EEEbPKcPNS5_6SpliceEb,ldr x3  [x3  #0x10],0
7.06,47,/home/ubuntu/rocksdb/memtable/inlineskiplist.h,919,"bool InlineSkipList<Comparator>::Insert(const char* key, Splice* splice,",_ZN7rocksdb14InlineSkipListIRKNS_11MemTableRep13KeyComparatorEE6InsertILb0EEEbPKcPNS5_6SpliceEb,stp x25  x26  [sp  #0x40],0
6.92,48,/home/ubuntu/rocksdb/util/random.cc,23,"Random* Random::GetTLSInstance() {",_ZN7rocksdb6Random14GetTLSInstanceEv,str x19  [sp  #0x10],0
6.02,55,/home/ubuntu/rocksdb/memory/arena.cc,110,"  if (MemMapping::kHugePageSupported && hugetlb_size_ > 0 &&",_ZN7rocksdb5Arena15AllocateAlignedEmmPNS_6LoggerE,ldr x5  [x0  #0x8d8],0
7.45,44,/home/ubuntu/rocksdb/memtable/inlineskiplist.h,919,"bool InlineSkipList<Comparator>::Insert(const char* key, Splice* splice,",_ZN7rocksdb14InlineSkipListIRKNS_11MemTableRep13KeyComparatorEE6InsertILb0EEEbPKcPNS5_6SpliceEb,ldr x5  [x5  #0xba8],0
6.79,48,/home/ubuntu/rocksdb/memtable/memtablerep_bench.cc,185,"        return rand_->Next() % num_;",_ZN7rocksdb19FillBenchmarkThread7FillOneEv,ldr x2  [x24  #0x10],0
8.07,40,/home/ubuntu/rocksdb/util/coding.h,335,"  return Slice(p, len);",_ZN7rocksdb14InlineSkipListIRKNS_11MemTableRep13KeyComparatorEE6InsertILb0EEEbPKcPNS5_6SpliceEb,ldur w25  [x19  #-8],0
5.43,58,/home/ubuntu/rocksdb/memory/arena.cc,109,"                             Logger* logger) {",_ZN7rocksdb5Arena15AllocateAlignedEmmPNS_6LoggerE,stp x19  x20  [sp  #0x10],0
12.48,25,/home/ubuntu/rocksdb/memtable/memtablerep_bench.cc,254,"    table_->Insert(handle);",_ZN7rocksdb19FillBenchmarkThread7FillOneEv,ldr x2  [x0],0
8.56,36,/home/ubuntu/rocksdb/memtable/inlineskiplist.h,898,"      *out_next = next;",_ZN7rocksdb14InlineSkipListIRKNS_11MemTableRep13KeyComparatorEE21RecomputeSpliceLevelsERKNS_5SliceEPNS5_6SpliceEi,str x23  [x0  x24],0
5.77,53,/home/ubuntu/rocksdb/util/random.cc,23,"Random* Random::GetTLSInstance() {",_ZN7rocksdb6Random14GetTLSInstanceEv,stp x29  x30  [sp  #-0x30]!,0
11.73,26,/home/ubuntu/rocksdb/db/dbformat.h,1117,"        DecodeFixed64(bkey.data() + bkey.size() - kNumInternalBytes) >> 8;",_ZNK7rocksdb8MemTable13KeyComparatorclEPKcRKNS_5SliceE,ldur x0  [x0  #-8],0
13.26,23,/usr/include/c++/11/bits/atomic_base.h,488,"	return __atomic_load_n(&_M_i, int(__m));",_ZNSt6thread11_State_implINS_8_InvokerISt5tupleIJN7rocksdb29ConcurrentFillBenchmarkThreadEEEEEE6_M_runEv,ldr x0  [x19  #0x68],0
6.25,48,???,0,???,???,???,0
5.64,53,/home/ubuntu/rocksdb/memtable/memtablerep_bench.cc,243,"    assert(buf != nullptr);",_ZN7rocksdb19FillBenchmarkThread7FillOneEv,ldr x1  [sp  #0x40],0
9.97,30,/home/ubuntu/rocksdb/memtable/inlineskiplist.h,1088,"      splice->prev_[i]->SetNext(i, x);",_ZN7rocksdb14InlineSkipListIRKNS_11MemTableRep13KeyComparatorEE6InsertILb0EEEbPKcPNS5_6SpliceEb,ldr x1  [x21  #8],0
13.00,23,/home/ubuntu/rocksdb/memtable/inlineskiplist.h,1077,"      if (UNLIKELY(i == 0 && splice->prev_[i] != head_ &&",_ZN7rocksdb14InlineSkipListIRKNS_11MemTableRep13KeyComparatorEE6InsertILb0EEEbPKcPNS5_6SpliceEb,ldr x1  [x21  #8],0
10.57,28,/home/ubuntu/rocksdb/memtable/inlineskiplist.h,840,"  return Insert<false>(key, seq_splice_, false);",_ZN7rocksdb12_GLOBAL__N_111SkipListRep6InsertEPv,ldr x2  [x0  #0x38],0
6.04,49,/home/ubuntu/rocksdb/memtable/inlineskiplist.h,919,"bool InlineSkipList<Comparator>::Insert(const char* key, Splice* splice,",_ZN7rocksdb14InlineSkipListIRKNS_11MemTableRep13KeyComparatorEE6InsertILb0EEEbPKcPNS5_6SpliceEb,stp x29  x30  [sp  #-0x80]!,0
5.78,51,/home/ubuntu/rocksdb/memtable/memtablerep_bench.cc,254,"    table_->Insert(handle);",_ZN7rocksdb19FillBenchmarkThread7FillOneEv,ldr x0  [x19  #8],0
12.83,23,/home/ubuntu/rocksdb/memtable/memtablerep_bench.cc,241,"        FLAGS_item_size + VarintLength(internal_key_size) + internal_key_size;",_ZN7rocksdb19FillBenchmarkThread7FillOneEv,ldr w21  [x4],0
5.44,54,/home/ubuntu/rocksdb/memory/arena.cc,133,"  if (needed <= alloc_bytes_remaining_) {",_ZN7rocksdb5Arena15AllocateAlignedEmmPNS_6LoggerE,ldr x2  [x19  #0x8d0],0
5.14,57,/home/ubuntu/rocksdb/memtable/inlineskiplist.h,1077,"      if (UNLIKELY(i == 0 && splice->prev_[i] != head_ &&",_ZN7rocksdb14InlineSkipListIRKNS_11MemTableRep13KeyComparatorEE6InsertILb0EEEbPKcPNS5_6SpliceEb,ldr x0  [x26  #0x10],0
5.53,53,/home/ubuntu/rocksdb/memtable/memtablerep_bench.cc,245,"    auto key = key_gen_->Next();",_ZN7rocksdb19FillBenchmarkThread7FillOneEv,ldr x24  [x19  #0x10],0
6.81,43,/home/ubuntu/rocksdb/memtable/memtablerep_bench.cc,156,"    return Slice(data_.data() + pos_ - len, len);",_ZN7rocksdb19FillBenchmarkThread7FillOneEv,ldr x3  [x19  #0x40],0
5.86,50,(null),0,(null),(null),(null),0
19.47,15,/home/ubuntu/rocksdb/memtable/memtablerep_bench.cc,254,"    table_->Insert(handle);",_ZN7rocksdb19FillBenchmarkThread7FillOneEv,ldr x2  [x2  #8],0
14.60,20,/home/ubuntu/rocksdb/memtable/memtablerep_bench.cc,324,"      *bytes_read_ += VarintLength(16) + 16 + FLAGS_item_size;",_ZN7rocksdb19ReadBenchmarkThread7ReadOneEv,str x0  [x2],0
6.28,46,/home/ubuntu/rocksdb/memtable/inlineskiplist.h,1115,"}",_ZN7rocksdb14InlineSkipListIRKNS_11MemTableRep13KeyComparatorEE6InsertILb0EEEbPKcPNS5_6SpliceEb,ldr x1  [x1  #0xba8],0
6.40,45,???,0,???,???,???,0
5.59,51,/home/ubuntu/rocksdb/memtable/inlineskiplist.h,1072,"      if (UNLIKELY(i == 0 && splice->next_[i] != nullptr &&",_ZN7rocksdb14InlineSkipListIRKNS_11MemTableRep13KeyComparatorEE6InsertILb0EEEbPKcPNS5_6SpliceEb,ldr x0  [x26  #0x10],0
5.16,55,/home/ubuntu/rocksdb/memtable/inlineskiplist.h,1021,"    RecomputeSpliceLevels(key_decoded, splice, recompute_height);",_ZN7rocksdb14InlineSkipListIRKNS_11MemTableRep13KeyComparatorEE6InsertILb0EEEbPKcPNS5_6SpliceEb,ldp x27  x28  [sp  #0x50],0
5.46,52,/home/ubuntu/rocksdb/memtable/inlineskiplist.h,911,"  for (int i = recompute_level - 1; i >= 0; --i) {",_ZN7rocksdb14InlineSkipListIRKNS_11MemTableRep13KeyComparatorEE21RecomputeSpliceLevelsERKNS_5SliceEPNS5_6SpliceEi,stp x19  x20  [sp  #0x10],0
4.88,58,/home/ubuntu/rocksdb/memory/arena.cc,136,"    alloc_bytes_remaining_ -= needed;",_ZN7rocksdb5Arena15AllocateAlignedEmmPNS_6LoggerE,str x2  [x19  #0x8d0],0
5.78,49,/home/ubuntu/rocksdb/memtable/skiplistrep.cc,35,"  KeyHandle Allocate(const size_t len, char** buf) override {",_ZN7rocksdb12_GLOBAL__N_111SkipListRep8AllocateEmPPc,stp x29  x30  [sp  #-0x40]!,0
17.62,16,/home/ubuntu/rocksdb/memtable/memtablerep_bench.cc,324,"      *bytes_read_ += VarintLength(16) + 16 + FLAGS_item_size;",_ZN7rocksdb19ReadBenchmarkThread7ReadOneEv,str x0  [x2],0
14.79,19,/home/ubuntu/rocksdb/memtable/inlineskiplist.h,1072,"      if (UNLIKELY(i == 0 && splice->next_[i] != nullptr &&",_ZN7rocksdb14InlineSkipListIRKNS_11MemTableRep13KeyComparatorEE6InsertILb0EEEbPKcPNS5_6SpliceEb,ldr x3  [x3  #0x10],0
5.49,51,/home/ubuntu/rocksdb/memtable/inlineskiplist.h,911,"  for (int i = recompute_level - 1; i >= 0; --i) {",_ZN7rocksdb14InlineSkipListIRKNS_11MemTableRep13KeyComparatorEE21RecomputeSpliceLevelsERKNS_5SliceEPNS5_6SpliceEi,stp x23  x24  [sp  #0x30],0
5.17,54,(null),0,(null),(null),(null),0
4.93,56,/home/ubuntu/rocksdb/memtable/skiplistrep.cc,38,"  }",_ZN7rocksdb12_GLOBAL__N_111SkipListRep8AllocateEmPPc,ldp x21  x22  [sp  #0x20],0
11.04,25,/home/ubuntu/rocksdb/memtable/inlineskiplist.h,1072,"      if (UNLIKELY(i == 0 && splice->next_[i] != nullptr &&",_ZN7rocksdb14InlineSkipListIRKNS_11MemTableRep13KeyComparatorEE6InsertILb0EEEbPKcPNS5_6SpliceEb,ldr x3  [x0],0
68.75,4,(null),0,(null),(null),(null),0
4.81,57,/home/ubuntu/rocksdb/memtable/inlineskiplist.h,911,"  for (int i = recompute_level - 1; i >= 0; --i) {",_ZN7rocksdb14InlineSkipListIRKNS_11MemTableRep13KeyComparatorEE21RecomputeSpliceLevelsERKNS_5SliceEPNS5_6SpliceEi,ldp x27  x28  [sp  #0x50],0
13.65,20,/home/ubuntu/rocksdb/memtable/inlineskiplist.h,1087,"      x->NoBarrier_SetNext(i, splice->next_[i]);",_ZN7rocksdb14InlineSkipListIRKNS_11MemTableRep13KeyComparatorEE6InsertILb0EEEbPKcPNS5_6SpliceEb,ldr x1  [x21  #0x10],0
8.27,33,/home/ubuntu/rocksdb/memtable/inlineskiplist.h,919,"bool InlineSkipList<Comparator>::Insert(const char* key, Splice* splice,",_ZN7rocksdb14InlineSkipListIRKNS_11MemTableRep13KeyComparatorEE6InsertILb0EEEbPKcPNS5_6SpliceEb,stp x23  x24  [sp  #0x30],0
11.83,23,/home/ubuntu/rocksdb/memtable/memtablerep_bench.cc,280,"    while ((*threads_done_).load() < (FLAGS_num_threads - 1)) {",_ZNSt6thread11_State_implINS_8_InvokerISt5tupleIJN7rocksdb29ConcurrentFillBenchmarkThreadEEEEEE6_M_runEv,ldr w1  [x20],0
12.76,21,/home/ubuntu/rocksdb/memtable/inlineskiplist.h,1072,"      if (UNLIKELY(i == 0 && splice->next_[i] != nullptr &&",_ZN7rocksdb14InlineSkipListIRKNS_11MemTableRep13KeyComparatorEE6InsertILb0EEEbPKcPNS5_6SpliceEb,ldr x1  [x1],0
6.23,43,/home/ubuntu/rocksdb/memtable/memtablerep_bench.cc,237,"  void FillOne() {",_ZN7rocksdb19FillBenchmarkThread7FillOneEv,stp x21  x22  [sp  #0x20],0
17.87,15,/home/ubuntu/rocksdb/memtable/memtablerep_bench.cc,256,"  }",_ZN7rocksdb19FillBenchmarkThread7FillOneEv,ldr x1  [x0],0
6.70,40,/home/ubuntu/rocksdb/memtable/memtablerep_bench.cc,237,"  void FillOne() {",_ZN7rocksdb19FillBenchmarkThread7FillOneEv,str x5  [sp  #0x48],0
7.44,36,/home/ubuntu/rocksdb/memtable/skiplistrep.cc,35,"  KeyHandle Allocate(const size_t len, char** buf) override {",_ZN7rocksdb12_GLOBAL__N_111SkipListRep8AllocateEmPPc,stp x21  x22  [sp  #0x20],0
5.68,47,/home/ubuntu/rocksdb/memory/arena.cc,109,"                             Logger* logger) {",_ZN7rocksdb5Arena15AllocateAlignedEmmPNS_6LoggerE,ldr x4  [x4  #0xba8],0
5.66,47,/home/ubuntu/rocksdb/util/random.cc,34,"}",_ZN7rocksdb6Random14GetTLSInstanceEv,ldp x29  x30  [sp]  #0x30,0
17.73,15,/home/ubuntu/rocksdb/memtable/memtablerep_bench.cc,242,"    KeyHandle handle = table_->Allocate(encoded_len, &buf);",_ZN7rocksdb19FillBenchmarkThread7FillOneEv,ldr x3  [x3],0
11.57,23,/home/ubuntu/rocksdb/util/random.cc,27,"  auto rv = tls_instance;",_ZN7rocksdb6Random14GetTLSInstanceEv,ldr x0  [x19  #8],0
6.00,44,/home/ubuntu/rocksdb/memtable/inlineskiplist.h,911,"  for (int i = recompute_level - 1; i >= 0; --i) {",_ZN7rocksdb14InlineSkipListIRKNS_11MemTableRep13KeyComparatorEE21RecomputeSpliceLevelsERKNS_5SliceEPNS5_6SpliceEi,stp x27  x28  [sp  #0x50],0
12.48,21,/home/ubuntu/rocksdb/memtable/inlineskiplist.h,922,"  const DecodedKey key_decoded = compare_.decode_key(key);",_ZN7rocksdb14InlineSkipListIRKNS_11MemTableRep13KeyComparatorEE6InsertILb0EEEbPKcPNS5_6SpliceEb,ldr x5  [x0],0
7.94,33,/home/ubuntu/rocksdb/memtable/inlineskiplist.h,919,"bool InlineSkipList<Comparator>::Insert(const char* key, Splice* splice,",_ZN7rocksdb14InlineSkipListIRKNS_11MemTableRep13KeyComparatorEE6InsertILb0EEEbPKcPNS5_6SpliceEb,stp x19  x20  [sp  #0x10],0
5.22,50,/home/ubuntu/rocksdb/memtable/inlineskiplist.h,1115,"}",_ZN7rocksdb14InlineSkipListIRKNS_11MemTableRep13KeyComparatorEE6InsertILb0EEEbPKcPNS5_6SpliceEb,ldp x21  x22  [sp  #0x20],0
8.67,30,/home/ubuntu/rocksdb/util/coding.h,335,"  return Slice(p, len);",_ZN7rocksdb14InlineSkipListIRKNS_11MemTableRep13KeyComparatorEE6InsertILb0EEEbPKcPNS5_6SpliceEb,stp x0  x1  [sp  #0x68],0
5.51,47,/home/ubuntu/rocksdb/memtable/inlineskiplist.h,506,"         rnd->Next() < kScaledInverseBranching_) {",_ZN7rocksdb12_GLOBAL__N_111SkipListRep8AllocateEmPPc,ldr w2  [x23  #0x14],0
8.09,32,/home/ubuntu/rocksdb/memtable/inlineskiplist.h,1072,"      if (UNLIKELY(i == 0 && splice->next_[i] != nullptr &&",_ZN7rocksdb14InlineSkipListIRKNS_11MemTableRep13KeyComparatorEE6InsertILb0EEEbPKcPNS5_6SpliceEb,ldr x1  [x21  #0x10],0
6.82,38,/home/ubuntu/rocksdb/memtable/inlineskiplist.h,792,"  auto prefix = sizeof(std::atomic<Node*>) * (height - 1);",_ZN7rocksdb12_GLOBAL__N_111SkipListRep8AllocateEmPPc,str w3  [x0],0
5.27,49,/home/ubuntu/rocksdb/memory/arena.cc,129,"      reinterpret_cast<uintptr_t>(aligned_alloc_ptr_) & (kAlignUnit - 1);",_ZN7rocksdb5Arena15AllocateAlignedEmmPNS_6LoggerE,ldr x0  [x19  #0x8c8],0
4.96,52,/home/ubuntu/rocksdb/memtable/inlineskiplist.h,505,"  while (height < kMaxHeight_ && height < kMaxPossibleHeight &&",_ZN7rocksdb12_GLOBAL__N_111SkipListRep8AllocateEmPPc,ldrh w7  [x23  #0x10],0
5.35,48,/home/ubuntu/rocksdb/memtable/memtablerep_bench.cc,256,"  }",_ZN7rocksdb19FillBenchmarkThread7FillOneEv,ldp x19  x20  [sp  #0x10],0
16.06,16,/home/ubuntu/rocksdb/memtable/memtablerep_bench.cc,325,"      ++*read_hits_;",_ZN7rocksdb19ReadBenchmarkThread7ReadOneEv,str x0  [x1],0
5.02,51,/home/ubuntu/rocksdb/memtable/inlineskiplist.h,1077,"      if (UNLIKELY(i == 0 && splice->prev_[i] != head_ &&",_ZN7rocksdb14InlineSkipListIRKNS_11MemTableRep13KeyComparatorEE6InsertILb0EEEbPKcPNS5_6SpliceEb,ldr x0  [x26  #0x18],0
9.81,26,/home/ubuntu/rocksdb/memtable/memtablerep_bench.cc,181,"    switch (mode_) {",_ZN7rocksdb19FillBenchmarkThread7FillOneEv,ldr w0  [x24  #8],0
4.67,54,/home/ubuntu/rocksdb/memtable/inlineskiplist.h,1115,"}",_ZN7rocksdb14InlineSkipListIRKNS_11MemTableRep13KeyComparatorEE6InsertILb0EEEbPKcPNS5_6SpliceEb,ldp x19  x20  [sp  #0x10],0
5.48,46,/home/ubuntu/rocksdb/memtable/inlineskiplist.h,1115,"}",_ZN7rocksdb14InlineSkipListIRKNS_11MemTableRep13KeyComparatorEE6InsertILb0EEEbPKcPNS5_6SpliceEb,ldp x25  x26  [sp  #0x40],0
6.00,42,/home/ubuntu/rocksdb/memtable/skiplistrep.cc,38,"  }",_ZN7rocksdb12_GLOBAL__N_111SkipListRep8AllocateEmPPc,ldp x29  x30  [sp]  #0x40,0
9.65,26,/home/ubuntu/rocksdb/memtable/inlineskiplist.h,977,"      if (splice->prev_[recompute_height]->Next(recompute_height) !=",_ZN7rocksdb14InlineSkipListIRKNS_11MemTableRep13KeyComparatorEE6InsertILb0EEEbPKcPNS5_6SpliceEb,ldr x0  [x21  #8],0
5.56,45,/home/ubuntu/rocksdb/memtable/memtablerep_bench.cc,256,"  }",_ZN7rocksdb19FillBenchmarkThread7FillOneEv,ldp x29  x30  [sp]  #0x50,0
5.00,50,/home/ubuntu/rocksdb/memory/arena.cc,109,"                             Logger* logger) {",_ZN7rocksdb5Arena15AllocateAlignedEmmPNS_6LoggerE,str x6  [sp  #0x58],0
13.11,19,/home/ubuntu/rocksdb/memtable/memtablerep_bench.cc,237,"  void FillOne() {",_ZN7rocksdb19FillBenchmarkThread7FillOneEv,ldr x5  [x1],0
4.35,57,/home/ubuntu/rocksdb/memtable/inlineskiplist.h,792,"  auto prefix = sizeof(std::atomic<Node*>) * (height - 1);",_ZN7rocksdb12_GLOBAL__N_111SkipListRep8AllocateEmPPc,ldr x0  [x23  #0x18],0
10.65,23,/home/ubuntu/rocksdb/memtable/memtablerep_bench.cc,248,"    EncodeFixed64(p, ++(*sequence_));",_ZN7rocksdb19FillBenchmarkThread7FillOneEv,ldr x3  [x0],0
10.65,23,/home/ubuntu/rocksdb/memtable/memtablerep_bench.cc,242,"    KeyHandle handle = table_->Allocate(encoded_len, &buf);",_ZN7rocksdb19FillBenchmarkThread7FillOneEv,ldr x0  [x0  #8],0
5.55,44,???,0,???,???,???,0
10.95,22,/home/ubuntu/rocksdb/memtable/inlineskiplist.h,799,"  char* raw = allocator_->AllocateAligned(prefix + sizeof(Node) + key_size);",_ZN7rocksdb12_GLOBAL__N_111SkipListRep8AllocateEmPPc,ldr x4  [x4  #0x18],0
11.43,21,/home/ubuntu/rocksdb/memtable/memtablerep_bench.cc,324,"      *bytes_read_ += VarintLength(16) + 16 + FLAGS_item_size;",_ZN7rocksdb19ReadBenchmarkThread7ReadOneEv,ldr w0  [x0],0
4.74,50,/home/ubuntu/rocksdb/memtable/inlineskiplist.h,1115,"}",_ZN7rocksdb14InlineSkipListIRKNS_11MemTableRep13KeyComparatorEE6InsertILb0EEEbPKcPNS5_6SpliceEb,ldr x3  [sp  #0x78],0
4.92,48,/home/ubuntu/rocksdb/memtable/inlineskiplist.h,1115,"}",_ZN7rocksdb14InlineSkipListIRKNS_11MemTableRep13KeyComparatorEE6InsertILb0EEEbPKcPNS5_6SpliceEb,ldp x23  x24  [sp  #0x30],0
9.04,26,/home/ubuntu/rocksdb/util/random.h,157,"  uint64_t Next() { return generator_(); }",_ZN7rocksdb19FillBenchmarkThread7FillOneEv,ldr x0  [x24],0
18.08,13,/home/ubuntu/rocksdb/memtable/memtablerep_bench.cc,325,"      ++*read_hits_;",_ZN7rocksdb19ReadBenchmarkThread7ReadOneEv,str x0  [x1],0
5.07,46,/home/ubuntu/rocksdb/memory/arena.cc,135,"    aligned_alloc_ptr_ += needed;",_ZN7rocksdb5Arena15AllocateAlignedEmmPNS_6LoggerE,str x1  [x19  #0x8c8],0
5.40,43,/home/ubuntu/rocksdb/memtable/skiplistrep.cc,38,"  }",_ZN7rocksdb12_GLOBAL__N_111SkipListRep8AllocateEmPPc,ldr x23  [sp  #0x30],0
12.21,19,/home/ubuntu/rocksdb/memtable/inlineskiplist.h,529,"  return (n != nullptr) && (compare_(n->Key(), key) < 0);",_ZN7rocksdb14InlineSkipListIRKNS_11MemTableRep13KeyComparatorEE6InsertILb0EEEbPKcPNS5_6SpliceEb,ldr x3  [x3  #0x10],0
4.53,51,/home/ubuntu/rocksdb/memtable/inlineskiplist.h,915,"}",_ZN7rocksdb14InlineSkipListIRKNS_11MemTableRep13KeyComparatorEE21RecomputeSpliceLevelsERKNS_5SliceEPNS5_6SpliceEi,ldp x21  x22  [sp  #0x20],0
5.25,44,/home/ubuntu/rocksdb/memory/arena.cc,143,"}",_ZN7rocksdb5Arena15AllocateAlignedEmmPNS_6LoggerE,ldp x19  x20  [sp  #0x10],0
5.30,43,/home/ubuntu/rocksdb/memtable/inlineskiplist.h,1115,"}",_ZN7rocksdb14InlineSkipListIRKNS_11MemTableRep13KeyComparatorEE6InsertILb0EEEbPKcPNS5_6SpliceEb,ldp x29  x30  [sp]  #0x80,0
5.40,42,/home/ubuntu/rocksdb/memtable/memtablerep_bench.cc,256,"  }",_ZN7rocksdb19FillBenchmarkThread7FillOneEv,ldp x21  x22  [sp  #0x20],0
5.97,38,???,0,???,???,???,0
5.38,42,/home/ubuntu/rocksdb/memtable/memtablerep_bench.cc,237,"  void FillOne() {",_ZN7rocksdb19FillBenchmarkThread7FillOneEv,ldr x1  [x1  #0xe38],0
4.60,48,/home/ubuntu/rocksdb/memtable/memtablerep_bench.cc,250,"    Slice bytes = generator_.Generate(FLAGS_item_size);",_ZN7rocksdb19FillBenchmarkThread7FillOneEv,ldr x22  [x22  #0xe90],0
11.53,19,/home/ubuntu/rocksdb/memtable/inlineskiplist.h,1077,"      if (UNLIKELY(i == 0 && splice->prev_[i] != head_ &&",_ZN7rocksdb14InlineSkipListIRKNS_11MemTableRep13KeyComparatorEE6InsertILb0EEEbPKcPNS5_6SpliceEb,ldr x3  [x0],0
5.45,40,/home/ubuntu/rocksdb/memory/arena.cc,143,"}",_ZN7rocksdb5Arena15AllocateAlignedEmmPNS_6LoggerE,ldp x29  x30  [sp]  #0x60,0
9.48,23,/usr/include/c++/11/bits/atomic_base.h,488,"	return __atomic_load_n(&_M_i, int(__m));",_ZN7rocksdb14InlineSkipListIRKNS_11MemTableRep13KeyComparatorEE6InsertILb0EEEbPKcPNS5_6SpliceEb,ldr w24  [x22],0
12.11,18,/home/ubuntu/rocksdb/db/dbformat.h,1117,"        DecodeFixed64(bkey.data() + bkey.size() - kNumInternalBytes) >> 8;",_ZNK7rocksdb8MemTable13KeyComparatorclEPKcRKNS_5SliceE,ldur x0  [x0  #-8],0
6.23,35,/usr/aarch64-linux-gnu/include/bits/string_fortified.h,29,"  return __builtin___memcpy_chk (__dest, __src, __len,",_ZN7rocksdb19FillBenchmarkThread7FillOneEv,str x3  [x20  #8],0
16.77,13,/home/ubuntu/rocksdb/memtable/inlineskiplist.h,1077,"      if (UNLIKELY(i == 0 && splice->prev_[i] != head_ &&",_ZN7rocksdb14InlineSkipListIRKNS_11MemTableRep13KeyComparatorEE6InsertILb0EEEbPKcPNS5_6SpliceEb,ldr x3  [x3  #0x10],0
4.08,53,/home/ubuntu/rocksdb/memtable/inlineskiplist.h,911,"  for (int i = recompute_level - 1; i >= 0; --i) {",_ZN7rocksdb14InlineSkipListIRKNS_11MemTableRep13KeyComparatorEE21RecomputeSpliceLevelsERKNS_5SliceEPNS5_6SpliceEi,ldp x19  x20  [sp  #0x10],0
8.31,26,???,0,???,???,???,0
5.54,39,/home/ubuntu/rocksdb/memtable/skiplistrep.cc,35,"  KeyHandle Allocate(const size_t len, char** buf) override {",_ZN7rocksdb12_GLOBAL__N_111SkipListRep8AllocateEmPPc,stp x19  x20  [sp  #0x10],0
5.97,36,/home/ubuntu/rocksdb/memtable/memtablerep_bench.cc,237,"  void FillOne() {",_ZN7rocksdb19FillBenchmarkThread7FillOneEv,stp x19  x20  [sp  #0x10],0
11.16,19,/home/ubuntu/rocksdb/util/random.cc,34,"}",_ZN7rocksdb6Random14GetTLSInstanceEv,ldr x2  [x1],0
6.81,31,/home/ubuntu/rocksdb/util/random.cc,34,"}",_ZN7rocksdb6Random14GetTLSInstanceEv,ldr x1  [x1  #0xba8],0
5.25,40,/home/ubuntu/rocksdb/memory/arena.cc,143,"}",_ZN7rocksdb5Arena15AllocateAlignedEmmPNS_6LoggerE,ldr x1  [x1  #0xba8],0
13.06,16,/home/ubuntu/rocksdb/memtable/inlineskiplist.h,919,"bool InlineSkipList<Comparator>::Insert(const char* key, Splice* splice,",_ZN7rocksdb14InlineSkipListIRKNS_11MemTableRep13KeyComparatorEE6InsertILb0EEEbPKcPNS5_6SpliceEb,ldr x6  [x5],0
13.93,15,/home/ubuntu/rocksdb/memtable/memtablerep_bench.cc,242,"    KeyHandle handle = table_->Allocate(encoded_len, &buf);",_ZN7rocksdb19FillBenchmarkThread7FillOneEv,ldr x3  [x0],0
8.04,26,/home/ubuntu/rocksdb/memtable/inlineskiplist.h,919,"bool InlineSkipList<Comparator>::Insert(const char* key, Splice* splice,",_ZN7rocksdb14InlineSkipListIRKNS_11MemTableRep13KeyComparatorEE6InsertILb0EEEbPKcPNS5_6SpliceEb,stp x19  x20  [sp  #0x10],0
4.70,44,/home/ubuntu/rocksdb/memtable/inlineskiplist.h,915,"}",_ZN7rocksdb14InlineSkipListIRKNS_11MemTableRep13KeyComparatorEE21RecomputeSpliceLevelsERKNS_5SliceEPNS5_6SpliceEi,ldp x29  x30  [sp]  #0x80,0
206.00,1,(null),0,(null),(null),(null),0
10.74,19,/home/ubuntu/rocksdb/memtable/inlineskiplist.h,505,"  while (height < kMaxHeight_ && height < kMaxPossibleHeight &&",_ZN7rocksdb12_GLOBAL__N_111SkipListRep8AllocateEmPPc,ldr w3  [x0],0
5.34,38,/home/ubuntu/rocksdb/memtable/memtablerep_bench.cc,256,"  }",_ZN7rocksdb19FillBenchmarkThread7FillOneEv,ldr x2  [sp  #0x48],0
4.83,42,/home/ubuntu/rocksdb/util/random.cc,23,"Random* Random::GetTLSInstance() {",_ZN7rocksdb6Random14GetTLSInstanceEv,str x2  [sp  #0x28],0
4.21,48,/home/ubuntu/rocksdb/memtable/inlineskiplist.h,911,"  for (int i = recompute_level - 1; i >= 0; --i) {",_ZN7rocksdb14InlineSkipListIRKNS_11MemTableRep13KeyComparatorEE21RecomputeSpliceLevelsERKNS_5SliceEPNS5_6SpliceEi,ldp x25  x26  [sp  #0x40],0
10.05,20,/home/ubuntu/rocksdb/memtable/inlineskiplist.h,978,"          splice->next_[recompute_height]) {",_ZN7rocksdb14InlineSkipListIRKNS_11MemTableRep13KeyComparatorEE6InsertILb0EEEbPKcPNS5_6SpliceEb,ldr x1  [x21  #0x10],0
8.00,25,/home/ubuntu/rocksdb/memtable/inlineskiplist.h,919,"bool InlineSkipList<Comparator>::Insert(const char* key, Splice* splice,",_ZN7rocksdb14InlineSkipListIRKNS_11MemTableRep13KeyComparatorEE6InsertILb0EEEbPKcPNS5_6SpliceEb,str x6  [sp  #0x78],0
15.23,13,src/hotline/fname_map.c,221,(null),va_to_file_offset,ldr x5  [x4],0
4.28,46,/home/ubuntu/rocksdb/memory/arena.cc,109,"                             Logger* logger) {",_ZN7rocksdb5Arena15AllocateAlignedEmmPNS_6LoggerE,stp x29  x30  [sp  #-0x60]!,0
9.33,21,/home/ubuntu/rocksdb/memtable/inlineskiplist.h,529,"  return (n != nullptr) && (compare_(n->Key(), key) < 0);",_ZN7rocksdb14InlineSkipListIRKNS_11MemTableRep13KeyComparatorEE6InsertILb0EEEbPKcPNS5_6SpliceEb,ldr x0  [x26  #0x10],0
4.26,46,/home/ubuntu/rocksdb/memtable/inlineskiplist.h,906,"void InlineSkipList<Comparator>::RecomputeSpliceLevels(const DecodedKey& key,",_ZN7rocksdb14InlineSkipListIRKNS_11MemTableRep13KeyComparatorEE21RecomputeSpliceLevelsERKNS_5SliceEPNS5_6SpliceEi,stp x29  x30  [sp  #-0x80]!,0
17.55,11,/home/ubuntu/rocksdb/memtable/memtablerep_bench.cc,324,"      *bytes_read_ += VarintLength(16) + 16 + FLAGS_item_size;",_ZN7rocksdb19ReadBenchmarkThread7ReadOneEv,ldr x3  [x2],0
14.85,13,(null),0,(null),(null),(null),0
8.39,23,/home/ubuntu/rocksdb/memtable/memtablerep_bench.cc,250,"    Slice bytes = generator_.Generate(FLAGS_item_size);",_ZN7rocksdb19FillBenchmarkThread7FillOneEv,ldr w2  [x22],0
9.60,20,/home/ubuntu/rocksdb/memtable/inlineskiplist.h,939,"  if (splice->height_ < max_height) {",_ZN7rocksdb14InlineSkipListIRKNS_11MemTableRep13KeyComparatorEE6InsertILb0EEEbPKcPNS5_6SpliceEb,ldr w0  [x21],0
6.96,27,(null),0,(null),(null),(null),0
11.00,17,/home/ubuntu/rocksdb/memtable/memtablerep_bench.cc,248,"    EncodeFixed64(p, ++(*sequence_));",_ZN7rocksdb19FillBenchmarkThread7FillOneEv,str x3  [x0],0
8.41,22,/home/ubuntu/rocksdb/util/coding.h,331,"  uint32_t len = 0;",_ZN7rocksdb14InlineSkipListIRKNS_11MemTableRep13KeyComparatorEE6InsertILb0EEEbPKcPNS5_6SpliceEb,str wzr  [sp  #0x68],0
4.69,39,/home/ubuntu/rocksdb/memtable/inlineskiplist.h,906,"void InlineSkipList<Comparator>::RecomputeSpliceLevels(const DecodedKey& key,",_ZN7rocksdb14InlineSkipListIRKNS_11MemTableRep13KeyComparatorEE21RecomputeSpliceLevelsERKNS_5SliceEPNS5_6SpliceEi,str x2  [sp  #0x78],0
7.96,23,/home/ubuntu/rocksdb/memtable/inlineskiplist.h,919,"bool InlineSkipList<Comparator>::Insert(const char* key, Splice* splice,",_ZN7rocksdb14InlineSkipListIRKNS_11MemTableRep13KeyComparatorEE6InsertILb0EEEbPKcPNS5_6SpliceEb,stp x21  x22  [sp  #0x20],0
8.27,22,/home/ubuntu/rocksdb/util/random.cc,34,"}",_ZN7rocksdb6Random14GetTLSInstanceEv,ldr x3  [sp  #0x28],0
8.67,21,/home/ubuntu/rocksdb/memtable/inlineskiplist.h,922,"  const DecodedKey key_decoded = compare_.decode_key(key);",_ZN7rocksdb14InlineSkipListIRKNS_11MemTableRep13KeyComparatorEE6InsertILb0EEEbPKcPNS5_6SpliceEb,ldr x0  [x0  #0x10],0
14.00,13,/home/ubuntu/rocksdb/memtable/inlineskiplist.h,529,"  return (n != nullptr) && (compare_(n->Key(), key) < 0);",_ZN7rocksdb14InlineSkipListIRKNS_11MemTableRep13KeyComparatorEE6InsertILb0EEEbPKcPNS5_6SpliceEb,ldr x3  [x0],0
5.03,36,/home/ubuntu/rocksdb/memtable/skiplistrep.cc,38,"  }",_ZN7rocksdb12_GLOBAL__N_111SkipListRep8AllocateEmPPc,ldp x19  x20  [sp  #0x10],0
7.24,25,/home/ubuntu/rocksdb/memtable/inlineskiplist.h,919,"bool InlineSkipList<Comparator>::Insert(const char* key, Splice* splice,",_ZN7rocksdb14InlineSkipListIRKNS_11MemTableRep13KeyComparatorEE6InsertILb0EEEbPKcPNS5_6SpliceEb,stp x25  x26  [sp  #0x40],0
11.25,16,/home/ubuntu/rocksdb/memtable/memtablerep_bench.cc,255,"    *bytes_written_ += encoded_len;",_ZN7rocksdb19FillBenchmarkThread7FillOneEv,ldr x2  [x19  #0x18],0
9.47,19,/home/ubuntu/rocksdb/memtable/skiplistrep.cc,36,"    *buf = skip_list_.AllocateKey(len);",_ZN7rocksdb12_GLOBAL__N_111SkipListRep8AllocateEmPPc,str x0  [x20],0
9.94,18,/home/ubuntu/rocksdb/util/coding.h,108,"    uint32_t result = *(reinterpret_cast<const unsigned char*>(p));",_ZN7rocksdb14InlineSkipListIRKNS_11MemTableRep13KeyComparatorEE6InsertILb0EEEbPKcPNS5_6SpliceEb,ldrb w0  [x1],0
59.67,3,(null),0,(null),(null),(null),0
8.75,20,/home/ubuntu/rocksdb/util/coding.h,335,"  return Slice(p, len);",_ZN7rocksdb14InlineSkipListIRKNS_11MemTableRep13KeyComparatorEE6InsertILb0EEEbPKcPNS5_6SpliceEb,ldur w25  [x19  #-8],0
4.65,37,/home/ubuntu/rocksdb/memory/arena.cc,143,"}",_ZN7rocksdb5Arena15AllocateAlignedEmmPNS_6LoggerE,ldr x3  [sp  #0x58],0
7.17,24,/home/ubuntu/rocksdb/memtable/skiplistrep.cc,35,"  KeyHandle Allocate(const size_t len, char** buf) override {",_ZN7rocksdb12_GLOBAL__N_111SkipListRep8AllocateEmPPc,str x23  [sp  #0x30],0
9.33,18,/home/ubuntu/rocksdb/memtable/inlineskiplist.h,1093,"      splice->prev_[i] = x;",_ZN7rocksdb14InlineSkipListIRKNS_11MemTableRep13KeyComparatorEE6InsertILb0EEEbPKcPNS5_6SpliceEb,ldr x1  [x21  #8],0
11.20,15,/usr/aarch64-linux-gnu/include/bits/string_fortified.h,29,"  return __builtin___memcpy_chk (__dest, __src, __len,",_ZN7rocksdb12_GLOBAL__N_111SkipListRep8AllocateEmPPc,str w21  [x2  x19],0
55.33,3,(null),0,(null),(null),(null),0
16.50,10,/home/ubuntu/rocksdb/memtable/memtablerep_bench.cc,325,"      ++*read_hits_;",_ZN7rocksdb19ReadBenchmarkThread7ReadOneEv,ldr x0  [x1],0
4.46,37,/home/ubuntu/rocksdb/memtable/inlineskiplist.h,897,"      *out_prev = before;",_ZN7rocksdb14InlineSkipListIRKNS_11MemTableRep13KeyComparatorEE21RecomputeSpliceLevelsERKNS_5SliceEPNS5_6SpliceEi,ldr x0  [sp  #0x68],0
10.31,16,/home/ubuntu/rocksdb/util/random.cc,23,"Random* Random::GetTLSInstance() {",_ZN7rocksdb6Random14GetTLSInstanceEv,ldr x2  [x1],0
6.56,25,???,0,???,???,???,0
9.11,18,/home/ubuntu/rocksdb/memory/arena.cc,109,"                             Logger* logger) {",_ZN7rocksdb5Arena15AllocateAlignedEmmPNS_6LoggerE,ldr x6  [x4],0
7.76,21,/home/ubuntu/rocksdb/memtable/memtablerep_bench.cc,152,"    if (pos_ + len > data_.size()) {",_ZN7rocksdb19FillBenchmarkThread7FillOneEv,ldr w0  [x5  #0x20],0
7.76,21,/home/ubuntu/rocksdb/memtable/memtablerep_bench.cc,155,"    pos_ += len;",_ZN7rocksdb19FillBenchmarkThread7FillOneEv,str w7  [x5  #0x20],0
27.17,6,(null),0,(null),(null),(null),0
9.00,18,(null),0,(null),(null),(null),0
9.53,17,/home/ubuntu/rocksdb/memtable/inlineskiplist.h,989,"      } else if (splice->prev_[recompute_height] != head_ &&",_ZN7rocksdb14InlineSkipListIRKNS_11MemTableRep13KeyComparatorEE6InsertILb0EEEbPKcPNS5_6SpliceEb,ldr x1  [x21  #8],0
9.47,17,/home/ubuntu/rocksdb/memory/arena.cc,143,"}",_ZN7rocksdb5Arena15AllocateAlignedEmmPNS_6LoggerE,ldr x2  [x1],0
6.67,24,/home/ubuntu/rocksdb/db/dbformat.h,1115,"        DecodeFixed64(akey.data() + akey.size() - kNumInternalBytes) >> 8;",_ZNK7rocksdb8MemTable13KeyComparatorclEPKcRKNS_5SliceE,ldr x1  [x21  x19],0
8.83,18,/home/ubuntu/rocksdb/memtable/inlineskiplist.h,919,"bool InlineSkipList<Comparator>::Insert(const char* key, Splice* splice,",_ZN7rocksdb14InlineSkipListIRKNS_11MemTableRep13KeyComparatorEE6InsertILb0EEEbPKcPNS5_6SpliceEb,ldr x5  [x5  #0xba8],0
8.32,19,/home/ubuntu/rocksdb/memtable/memtablerep_bench.cc,324,"      *bytes_read_ += VarintLength(16) + 16 + FLAGS_item_size;",_ZN7rocksdb19ReadBenchmarkThread7ReadOneEv,ldr x2  [x19  #0x20],0
4.65,34,/home/ubuntu/rocksdb/memtable/inlineskiplist.h,898,"      *out_next = next;",_ZN7rocksdb14InlineSkipListIRKNS_11MemTableRep13KeyComparatorEE21RecomputeSpliceLevelsERKNS_5SliceEPNS5_6SpliceEi,ldr x0  [sp  #0x70],0
7.48,21,/home/ubuntu/rocksdb/memtable/inlineskiplist.h,1003,"      } else if (KeyIsAfterNode(key_decoded, splice->next_[recompute_height])) {",_ZN7rocksdb14InlineSkipListIRKNS_11MemTableRep13KeyComparatorEE6InsertILb0EEEbPKcPNS5_6SpliceEb,ldr x0  [x21  #0x10],0
8.26,19,(null),0,(null),(null),(null),0
6.24,25,/home/ubuntu/rocksdb/memtable/inlineskiplist.h,792,"  auto prefix = sizeof(std::atomic<Node*>) * (height - 1);",_ZN7rocksdb12_GLOBAL__N_111SkipListRep8AllocateEmPPc,str w3  [x0],0
7.38,21,/home/ubuntu/rocksdb/memtable/inlineskiplist.h,799,"  char* raw = allocator_->AllocateAligned(prefix + sizeof(Node) + key_size);",_ZN7rocksdb12_GLOBAL__N_111SkipListRep8AllocateEmPPc,ldr x4  [x0],0
5.13,30,/home/ubuntu/rocksdb/util/random.cc,34,"}",_ZN7rocksdb6Random14GetTLSInstanceEv,ldp x29  x30  [sp]  #0x30,0
5.67,27,/home/ubuntu/rocksdb/memtable/inlineskiplist.h,1115,"}",_ZN7rocksdb14InlineSkipListIRKNS_11MemTableRep13KeyComparatorEE6InsertILb0EEEbPKcPNS5_6SpliceEb,ldr x1  [x1  #0xba8],0
6.95,22,/home/ubuntu/rocksdb/memtable/memtablerep_bench.cc,156,"    return Slice(data_.data() + pos_ - len, len);",_ZN7rocksdb19FillBenchmarkThread7FillOneEv,ldr x3  [x19  #0x40],0
6.08,25,/home/ubuntu/rocksdb/util/random.cc,34,"}",_ZN7rocksdb6Random14GetTLSInstanceEv,ldr x19  [sp  #0x10],0
6.33,24,(null),0,(null),(null),(null),0
11.46,13,/home/ubuntu/rocksdb/memtable/memtablerep_bench.cc,324,"      *bytes_read_ += VarintLength(16) + 16 + FLAGS_item_size;",_ZN7rocksdb19ReadBenchmarkThread7ReadOneEv,ldr w0  [x0],0
4.42,33,/home/ubuntu/rocksdb/memtable/inlineskiplist.h,911,"  for (int i = recompute_level - 1; i >= 0; --i) {",_ZN7rocksdb14InlineSkipListIRKNS_11MemTableRep13KeyComparatorEE21RecomputeSpliceLevelsERKNS_5SliceEPNS5_6SpliceEi,ldp x23  x24  [sp  #0x30],0
9.73,15,src/hotline/fname_map.c,219,(null),va_to_file_offset,ldr x4  [x21  x1  lsl #3],0
5.68,25,/home/ubuntu/rocksdb/memory/arena.cc,129,"      reinterpret_cast<uintptr_t>(aligned_alloc_ptr_) & (kAlignUnit - 1);",_ZN7rocksdb5Arena15AllocateAlignedEmmPNS_6LoggerE,ldr x0  [x19  #0x8c8],0
7.47,19,/home/ubuntu/rocksdb/memtable/inlineskiplist.h,529,"  return (n != nullptr) && (compare_(n->Key(), key) < 0);",_ZN7rocksdb14InlineSkipListIRKNS_11MemTableRep13KeyComparatorEE6InsertILb0EEEbPKcPNS5_6SpliceEb,ldr x3  [x0],0
5.46,26,/usr/aarch64-linux-gnu/include/bits/string_fortified.h,29,"  return __builtin___memcpy_chk (__dest, __src, __len,",_ZN7rocksdb19FillBenchmarkThread7FillOneEv,str x3  [x20  #8],0
7.42,19,/home/ubuntu/rocksdb/memtable/memtablerep_bench.cc,248,"    EncodeFixed64(p, ++(*sequence_));",_ZN7rocksdb19FillBenchmarkThread7FillOneEv,ldr x0  [x19  #0x28],0
5.04,28,(null),0,(null),(null),(null),0
5.88,24,/home/ubuntu/rocksdb/memtable/skiplistrep.cc,35,"  KeyHandle Allocate(const size_t len, char** buf) override {",_ZN7rocksdb12_GLOBAL__N_111SkipListRep8AllocateEmPPc,stp x19  x20  [sp  #0x10],0
4.48,31,/home/ubuntu/rocksdb/memtable/inlineskiplist.h,529,"  return (n != nullptr) && (compare_(n->Key(), key) < 0);",_ZN7rocksdb14InlineSkipListIRKNS_11MemTableRep13KeyComparatorEE6InsertILb0EEEbPKcPNS5_6SpliceEb,ldr x0  [x26  #0x10],0
7.32,19,/home/ubuntu/rocksdb/memtable/inlineskiplist.h,989,"      } else if (splice->prev_[recompute_height] != head_ &&",_ZN7rocksdb14InlineSkipListIRKNS_11MemTableRep13KeyComparatorEE6InsertILb0EEEbPKcPNS5_6SpliceEb,ldr x0  [x26  #0x18],0
6.00,23,/home/ubuntu/rocksdb/memtable/memtablerep_bench.cc,237,"  void FillOne() {",_ZN7rocksdb19FillBenchmarkThread7FillOneEv,stp x23  x24  [sp  #0x30],0
7.26,19,/home/ubuntu/rocksdb/memtable/skiplistrep.cc,35,"  KeyHandle Allocate(const size_t len, char** buf) override {",_ZN7rocksdb12_GLOBAL__N_111SkipListRep8AllocateEmPPc,stp x21  x22  [sp  #0x20],0
5.07,27,/home/ubuntu/rocksdb/memory/arena.cc,143,"}",_ZN7rocksdb5Arena15AllocateAlignedEmmPNS_6LoggerE,ldp x19  x20  [sp  #0x10],0
10.54,13,/home/ubuntu/rocksdb/memtable/inlineskiplist.h,922,"  const DecodedKey key_decoded = compare_.decode_key(key);",_ZN7rocksdb14InlineSkipListIRKNS_11MemTableRep13KeyComparatorEE6InsertILb0EEEbPKcPNS5_6SpliceEb,ldr x4  [x4  #0x970],0
7.16,19,/home/ubuntu/rocksdb/memtable/inlineskiplist.h,939,"  if (splice->height_ < max_height) {",_ZN7rocksdb14InlineSkipListIRKNS_11MemTableRep13KeyComparatorEE6InsertILb0EEEbPKcPNS5_6SpliceEb,stp x27  x28  [sp  #0x50],0
19.14,7,???,0,???,???,???,0
6.65,20,/home/ubuntu/rocksdb/memtable/memtablerep_bench.cc,238,"    char* buf = nullptr;",_ZN7rocksdb19FillBenchmarkThread7FillOneEv,str xzr  [sp  #0x40],0
5.08,26,/home/ubuntu/rocksdb/memory/arena.cc,133,"  if (needed <= alloc_bytes_remaining_) {",_ZN7rocksdb5Arena15AllocateAlignedEmmPNS_6LoggerE,ldr x2  [x19  #0x8d0],0
5.70,23,/home/ubuntu/rocksdb/memtable/memtablerep_bench.cc,256,"  }",_ZN7rocksdb19FillBenchmarkThread7FillOneEv,ldp x29  x30  [sp]  #0x50,0
5.46,24,/home/ubuntu/rocksdb/memtable/inlineskiplist.h,1115,"}",_ZN7rocksdb14InlineSkipListIRKNS_11MemTableRep13KeyComparatorEE6InsertILb0EEEbPKcPNS5_6SpliceEb,ldp x25  x26  [sp  #0x40],0
6.84,19,/home/ubuntu/rocksdb/memtable/memtablerep_bench.cc,325,"      ++*read_hits_;",_ZN7rocksdb19ReadBenchmarkThread7ReadOneEv,ldr x1  [x19  #0x38],0
5.65,23,/home/ubuntu/rocksdb/memtable/memtablerep_bench.cc,185,"        return rand_->Next() % num_;",_ZN7rocksdb19FillBenchmarkThread7FillOneEv,ldr x2  [x24  #0x10],0
6.84,19,/home/ubuntu/rocksdb/util/random.cc,23,"Random* Random::GetTLSInstance() {",_ZN7rocksdb6Random14GetTLSInstanceEv,ldr x1  [x1  #0xba8],0
6.50,20,/home/ubuntu/rocksdb/memtable/skiplistrep.cc,35,"  KeyHandle Allocate(const size_t len, char** buf) override {",_ZN7rocksdb12_GLOBAL__N_111SkipListRep8AllocateEmPPc,stp x29  x30  [sp  #-0x40]!,0
5.86,22,???,0,???,???,???,0
5.86,22,/home/ubuntu/rocksdb/util/random.cc,23,"Random* Random::GetTLSInstance() {",_ZN7rocksdb6Random14GetTLSInstanceEv,stp x29  x30  [sp  #-0x30]!,0
6.10,21,/home/ubuntu/rocksdb/memtable/inlineskiplist.h,911,"  for (int i = recompute_level - 1; i >= 0; --i) {",_ZN7rocksdb14InlineSkipListIRKNS_11MemTableRep13KeyComparatorEE21RecomputeSpliceLevelsERKNS_5SliceEPNS5_6SpliceEi,stp x23  x24  [sp  #0x30],0
7.53,17,/home/ubuntu/rocksdb/memtable/inlineskiplist.h,529,"  return (n != nullptr) && (compare_(n->Key(), key) < 0);",_ZN7rocksdb14InlineSkipListIRKNS_11MemTableRep13KeyComparatorEE6InsertILb0EEEbPKcPNS5_6SpliceEb,ldr x3  [x0],0
7.47,17,/home/ubuntu/rocksdb/memtable/memtablerep_bench.cc,241,"        FLAGS_item_size + VarintLength(internal_key_size) + internal_key_size;",_ZN7rocksdb19FillBenchmarkThread7FillOneEv,ldr x4  [x22  #0xe90],0
5.52,23,/home/ubuntu/rocksdb/memory/arena.cc,109,"                             Logger* logger) {",_ZN7rocksdb5Arena15AllocateAlignedEmmPNS_6LoggerE,ldr x4  [x4  #0xba8],0
6.00,21,/home/ubuntu/rocksdb/memtable/inlineskiplist.h,911,"  for (int i = recompute_level - 1; i >= 0; --i) {",_ZN7rocksdb14InlineSkipListIRKNS_11MemTableRep13KeyComparatorEE21RecomputeSpliceLevelsERKNS_5SliceEPNS5_6SpliceEi,stp x25  x26  [sp  #0x40],0
5.25,24,/home/ubuntu/rocksdb/db/dbformat.h,1117,"        DecodeFixed64(bkey.data() + bkey.size() - kNumInternalBytes) >> 8;",_ZNK7rocksdb8MemTable13KeyComparatorclEPKcRKNS_5SliceE,ldp x0  x2  [x20],0
5.73,22,/home/ubuntu/rocksdb/memtable/memtablerep_bench.cc,237,"  void FillOne() {",_ZN7rocksdb19FillBenchmarkThread7FillOneEv,stp x19  x20  [sp  #0x10],0
5.21,24,/home/ubuntu/rocksdb/memtable/memtablerep_bench.cc,256,"  }",_ZN7rocksdb19FillBenchmarkThread7FillOneEv,ldp x21  x22  [sp  #0x20],0
5.21,24,/home/ubuntu/rocksdb/memtable/inlineskiplist.h,1115,"}",_ZN7rocksdb14InlineSkipListIRKNS_11MemTableRep13KeyComparatorEE6InsertILb0EEEbPKcPNS5_6SpliceEb,ldp x21  x22  [sp  #0x20],0
6.25,20,???,0,???,???,???,0
5.64,22,/home/ubuntu/rocksdb/memtable/inlineskiplist.h,911,"  for (int i = recompute_level - 1; i >= 0; --i) {",_ZN7rocksdb14InlineSkipListIRKNS_11MemTableRep13KeyComparatorEE21RecomputeSpliceLevelsERKNS_5SliceEPNS5_6SpliceEi,stp x27  x28  [sp  #0x50],0
5.86,21,/home/ubuntu/rocksdb/memtable/skiplistrep.cc,38,"  }",_ZN7rocksdb12_GLOBAL__N_111SkipListRep8AllocateEmPPc,ldp x29  x30  [sp]  #0x40,0
4.88,25,/home/ubuntu/rocksdb/memory/arena.cc,143,"}",_ZN7rocksdb5Arena15AllocateAlignedEmmPNS_6LoggerE,ldr x3  [sp  #0x58],0
5.26,23,/home/ubuntu/rocksdb/memtable/memtablerep_bench.cc,245,"    auto key = key_gen_->Next();",_ZN7rocksdb19FillBenchmarkThread7FillOneEv,ldr x24  [x19  #0x10],0
5.45,22,/home/ubuntu/rocksdb/memtable/memtablerep_bench.cc,253,"    assert(p == buf + encoded_len);",_ZN7rocksdb19FillBenchmarkThread7FillOneEv,ldr x0  [sp  #0x40],0
4.92,24,/home/ubuntu/rocksdb/memtable/memtablerep_bench.cc,256,"  }",_ZN7rocksdb19FillBenchmarkThread7FillOneEv,ldp x23  x24  [sp  #0x30],0
5.36,22,/home/ubuntu/rocksdb/memtable/inlineskiplist.h,919,"bool InlineSkipList<Comparator>::Insert(const char* key, Splice* splice,",_ZN7rocksdb14InlineSkipListIRKNS_11MemTableRep13KeyComparatorEE6InsertILb0EEEbPKcPNS5_6SpliceEb,stp x29  x30  [sp  #-0x80]!,0
5.57,21,/home/ubuntu/rocksdb/memory/arena.cc,143,"}",_ZN7rocksdb5Arena15AllocateAlignedEmmPNS_6LoggerE,ldp x29  x30  [sp]  #0x60,0
5.57,21,/home/ubuntu/rocksdb/memtable/inlineskiplist.h,506,"         rnd->Next() < kScaledInverseBranching_) {",_ZN7rocksdb12_GLOBAL__N_111SkipListRep8AllocateEmPPc,ldr w2  [x23  #0x14],0
6.88,17,/usr/include/c++/11/bits/basic_string.h,921,"      { return _M_string_length; }",_ZN7rocksdb19FillBenchmarkThread7FillOneEv,ldr x3  [x5  #8],0
6.50,18,/home/ubuntu/rocksdb/memtable/memtablerep_bench.cc,237,"  void FillOne() {",_ZN7rocksdb19FillBenchmarkThread7FillOneEv,str x5  [sp  #0x48],0
6.11,19,/home/ubuntu/rocksdb/memtable/memtablerep_bench.cc,256,"  }",_ZN7rocksdb19FillBenchmarkThread7FillOneEv,ldr x0  [x0  #0xe38],0
5.80,20,/home/ubuntu/rocksdb/memtable/skiplistrep.cc,38,"  }",_ZN7rocksdb12_GLOBAL__N_111SkipListRep8AllocateEmPPc,ldr x23  [sp  #0x30],0
6.00,19,/home/ubuntu/rocksdb/memory/arena.cc,110,"  if (MemMapping::kHugePageSupported && hugetlb_size_ > 0 &&",_ZN7rocksdb5Arena15AllocateAlignedEmmPNS_6LoggerE,ldr x5  [x0  #0x8d8],0
6.65,17,/home/ubuntu/rocksdb/memtable/memtablerep_bench.cc,325,"      ++*read_hits_;",_ZN7rocksdb19ReadBenchmarkThread7ReadOneEv,ldr x1  [x19  #0x38],0
5.38,21,/home/ubuntu/rocksdb/memtable/inlineskiplist.h,1077,"      if (UNLIKELY(i == 0 && splice->prev_[i] != head_ &&",_ZN7rocksdb14InlineSkipListIRKNS_11MemTableRep13KeyComparatorEE6InsertILb0EEEbPKcPNS5_6SpliceEb,ldr x0  [x26  #0x18],0
5.38,21,/home/ubuntu/rocksdb/memtable/inlineskiplist.h,1072,"      if (UNLIKELY(i == 0 && splice->next_[i] != nullptr &&",_ZN7rocksdb14InlineSkipListIRKNS_11MemTableRep13KeyComparatorEE6InsertILb0EEEbPKcPNS5_6SpliceEb,ldr x0  [x26  #0x10],0
6.65,17,/home/ubuntu/rocksdb/util/random.cc,23,"Random* Random::GetTLSInstance() {",_ZN7rocksdb6Random14GetTLSInstanceEv,str x19  [sp  #0x10],0
5.33,21,???,0,???,???,???,0
4.62,24,/home/ubuntu/rocksdb/memtable/inlineskiplist.h,906,"void InlineSkipList<Comparator>::RecomputeSpliceLevels(const DecodedKey& key,",_ZN7rocksdb14InlineSkipListIRKNS_11MemTableRep13KeyComparatorEE21RecomputeSpliceLevelsERKNS_5SliceEPNS5_6SpliceEi,str x2  [sp  #0x78],0
6.88,16,/home/ubuntu/rocksdb/util/random.cc,27,"  auto rv = tls_instance;",_ZN7rocksdb6Random14GetTLSInstanceEv,ldr x2  [x0  #0xa48],0
55.00,2,(null),0,(null),(null),(null),0
5.19,21,/home/ubuntu/rocksdb/memtable/memtablerep_bench.cc,237,"  void FillOne() {",_ZN7rocksdb19FillBenchmarkThread7FillOneEv,stp x21  x22  [sp  #0x20],0
5.40,20,/home/ubuntu/rocksdb/memtable/memtablerep_bench.cc,243,"    assert(buf != nullptr);",_ZN7rocksdb19FillBenchmarkThread7FillOneEv,ldr x1  [sp  #0x40],0
4.86,22,/home/ubuntu/rocksdb/memtable/memtablerep_bench.cc,237,"  void FillOne() {",_ZN7rocksdb19FillBenchmarkThread7FillOneEv,ldr x1  [x1  #0xe38],0
5.58,19,/home/ubuntu/rocksdb/memtable/inlineskiplist.h,1115,"}",_ZN7rocksdb14InlineSkipListIRKNS_11MemTableRep13KeyComparatorEE6InsertILb0EEEbPKcPNS5_6SpliceEb,ldp x29  x30  [sp]  #0x80,0
34.67,3,src/hotline/fname_map.c,162,(null),get_filename_cached_entry,ldr w3  [x0],0
5.15,20,/home/ubuntu/rocksdb/memtable/inlineskiplist.h,1077,"      if (UNLIKELY(i == 0 && splice->prev_[i] != head_ &&",_ZN7rocksdb14InlineSkipListIRKNS_11MemTableRep13KeyComparatorEE6InsertILb0EEEbPKcPNS5_6SpliceEb,ldr x0  [x26  #0x10],0
5.42,19,/home/ubuntu/rocksdb/memtable/skiplistrep.cc,38,"  }",_ZN7rocksdb12_GLOBAL__N_111SkipListRep8AllocateEmPPc,ldp x21  x22  [sp  #0x20],0
5.67,18,/home/ubuntu/rocksdb/db/dbformat.h,1117,"        DecodeFixed64(bkey.data() + bkey.size() - kNumInternalBytes) >> 8;",_ZNK7rocksdb8MemTable13KeyComparatorclEPKcRKNS_5SliceE,ldp x0  x2  [x20],0
5.37,19,/home/ubuntu/rocksdb/memory/arena.cc,143,"}",_ZN7rocksdb5Arena15AllocateAlignedEmmPNS_6LoggerE,ldr x1  [x1  #0xba8],0
4.50,22,/home/ubuntu/rocksdb/memtable/inlineskiplist.h,911,"  for (int i = recompute_level - 1; i >= 0; --i) {",_ZN7rocksdb14InlineSkipListIRKNS_11MemTableRep13KeyComparatorEE21RecomputeSpliceLevelsERKNS_5SliceEPNS5_6SpliceEi,ldp x23  x24  [sp  #0x30],0
4.26,23,/home/ubuntu/rocksdb/memtable/inlineskiplist.h,906,"void InlineSkipList<Comparator>::RecomputeSpliceLevels(const DecodedKey& key,",_ZN7rocksdb14InlineSkipListIRKNS_11MemTableRep13KeyComparatorEE21RecomputeSpliceLevelsERKNS_5SliceEPNS5_6SpliceEi,stp x29  x30  [sp  #-0x80]!,0
5.76,17,/home/ubuntu/rocksdb/memtable/inlineskiplist.h,906,"void InlineSkipList<Comparator>::RecomputeSpliceLevels(const DecodedKey& key,",_ZN7rocksdb14InlineSkipListIRKNS_11MemTableRep13KeyComparatorEE21RecomputeSpliceLevelsERKNS_5SliceEPNS5_6SpliceEi,stp x21  x22  [sp  #0x20],0
8.17,12,/usr/aarch64-linux-gnu/include/bits/string_fortified.h,29,"  return __builtin___memcpy_chk (__dest, __src, __len,",_ZN7rocksdb19FillBenchmarkThread7FillOneEv,str x0  [x20],0
5.11,19,/home/ubuntu/rocksdb/memtable/inlineskiplist.h,1115,"}",_ZN7rocksdb14InlineSkipListIRKNS_11MemTableRep13KeyComparatorEE6InsertILb0EEEbPKcPNS5_6SpliceEb,ldp x19  x20  [sp  #0x10],0
4.80,20,/home/ubuntu/rocksdb/memtable/inlineskiplist.h,1115,"}",_ZN7rocksdb14InlineSkipListIRKNS_11MemTableRep13KeyComparatorEE6InsertILb0EEEbPKcPNS5_6SpliceEb,ldr x3  [sp  #0x78],0
8.73,11,/home/ubuntu/rocksdb/memtable/inlineskiplist.h,1003,"      } else if (KeyIsAfterNode(key_decoded, splice->next_[recompute_height])) {",_ZN7rocksdb14InlineSkipListIRKNS_11MemTableRep13KeyComparatorEE6InsertILb0EEEbPKcPNS5_6SpliceEb,ldr x0  [x21  #0x10],0
4.32,22,/home/ubuntu/rocksdb/memtable/inlineskiplist.h,911,"  for (int i = recompute_level - 1; i >= 0; --i) {",_ZN7rocksdb14InlineSkipListIRKNS_11MemTableRep13KeyComparatorEE21RecomputeSpliceLevelsERKNS_5SliceEPNS5_6SpliceEi,ldp x25  x26  [sp  #0x40],0
4.75,20,/home/ubuntu/rocksdb/memtable/inlineskiplist.h,911,"  for (int i = recompute_level - 1; i >= 0; --i) {",_ZN7rocksdb14InlineSkipListIRKNS_11MemTableRep13KeyComparatorEE21RecomputeSpliceLevelsERKNS_5SliceEPNS5_6SpliceEi,ldp x27  x28  [sp  #0x50],0
5.22,18,/home/ubuntu/rocksdb/memtable/memtablerep_bench.cc,237,"  void FillOne() {",_ZN7rocksdb19FillBenchmarkThread7FillOneEv,stp x29  x30  [sp  #-0x50]!,0
4.38,21,/home/ubuntu/rocksdb/memtable/inlineskiplist.h,505,"  while (height < kMaxHeight_ && height < kMaxPossibleHeight &&",_ZN7rocksdb12_GLOBAL__N_111SkipListRep8AllocateEmPPc,ldrh w7  [x23  #0x10],0
4.55,20,/home/ubuntu/rocksdb/util/random.cc,23,"Random* Random::GetTLSInstance() {",_ZN7rocksdb6Random14GetTLSInstanceEv,str x2  [sp  #0x28],0
5.50,16,/home/ubuntu/rocksdb/memtable/memtablerep_bench.cc,256,"  }",_ZN7rocksdb19FillBenchmarkThread7FillOneEv,ldr x2  [sp  #0x48],0
4.19,21,/home/ubuntu/rocksdb/memtable/inlineskiplist.h,792,"  auto prefix = sizeof(std::atomic<Node*>) * (height - 1);",_ZN7rocksdb12_GLOBAL__N_111SkipListRep8AllocateEmPPc,ldr x0  [x23  #0x18],0
5.44,16,/home/ubuntu/rocksdb/memory/arena.cc,109,"                             Logger* logger) {",_ZN7rocksdb5Arena15AllocateAlignedEmmPNS_6LoggerE,stp x19  x20  [sp  #0x10],0
29.00,3,src/hotline/hotline.c,212,(null),get_perf_event_timestamp,ldr w1  [x0],0
5.38,16,/home/ubuntu/rocksdb/memtable/memtablerep_bench.cc,256,"  }",_ZN7rocksdb19FillBenchmarkThread7FillOneEv,ldp x19  x20  [sp  #0x10],0
4.53,19,/home/ubuntu/rocksdb/memtable/memtablerep_bench.cc,250,"    Slice bytes = generator_.Generate(FLAGS_item_size);",_ZN7rocksdb19FillBenchmarkThread7FillOneEv,ldr x22  [x22  #0xe90],0
4.72,18,/home/ubuntu/rocksdb/memory/arena.cc,136,"    alloc_bytes_remaining_ -= needed;",_ZN7rocksdb5Arena15AllocateAlignedEmmPNS_6LoggerE,str x2  [x19  #0x8d0],0
4.10,20,/home/ubuntu/rocksdb/memtable/inlineskiplist.h,911,"  for (int i = recompute_level - 1; i >= 0; --i) {",_ZN7rocksdb14InlineSkipListIRKNS_11MemTableRep13KeyComparatorEE21RecomputeSpliceLevelsERKNS_5SliceEPNS5_6SpliceEi,ldp x19  x20  [sp  #0x10],0
9.11,9,/home/ubuntu/rocksdb/db/dbformat.h,1115,"        DecodeFixed64(akey.data() + akey.size() - kNumInternalBytes) >> 8;",_ZNK7rocksdb8MemTable13KeyComparatorclEPKcRKNS_5SliceE,ldr x1  [x21  x19],0
5.79,14,/home/ubuntu/rocksdb/memtable/memtablerep_bench.cc,324,"      *bytes_read_ += VarintLength(16) + 16 + FLAGS_item_size;",_ZN7rocksdb19ReadBenchmarkThread7ReadOneEv,ldr x0  [x0  #0xe90],0
5.64,14,/home/ubuntu/rocksdb/memtable/memtablerep_bench.cc,254,"    table_->Insert(handle);",_ZN7rocksdb19FillBenchmarkThread7FillOneEv,ldr x0  [x19  #8],0
4.88,16,/home/ubuntu/rocksdb/memory/arena.cc,135,"    aligned_alloc_ptr_ += needed;",_ZN7rocksdb5Arena15AllocateAlignedEmmPNS_6LoggerE,str x1  [x19  #0x8c8],0
5.07,15,/home/ubuntu/rocksdb/memtable/inlineskiplist.h,1115,"}",_ZN7rocksdb14InlineSkipListIRKNS_11MemTableRep13KeyComparatorEE6InsertILb0EEEbPKcPNS5_6SpliceEb,ldp x23  x24  [sp  #0x30],0
7.60,10,/home/ubuntu/rocksdb/memtable/memtablerep_bench.cc,324,"      *bytes_read_ += VarintLength(16) + 16 + FLAGS_item_size;",_ZN7rocksdb19ReadBenchmarkThread7ReadOneEv,ldr x2  [x19  #0x20],0
5.77,13,/home/ubuntu/rocksdb/memtable/memtablerep_bench.cc,324,"      *bytes_read_ += VarintLength(16) + 16 + FLAGS_item_size;",_ZN7rocksdb19ReadBenchmarkThread7ReadOneEv,ldr x0  [x0  #0xe90],0
17.75,4,(null),0,(null),(null),(null),0
4.53,15,/home/ubuntu/rocksdb/memtable/memtablerep_bench.cc,306,"      callback_args->found = true;",_ZN7rocksdb19ReadBenchmarkThread8callbackEPvPKc,strb w0  [x19],0
7.44,9,src/hotline/lat_map.c,29,(null),lat_map_compare,ldr x3  [x1  #0x18],0
5.08,13,/home/ubuntu/rocksdb/memtable/skiplistrep.cc,38,"  }",_ZN7rocksdb12_GLOBAL__N_111SkipListRep8AllocateEmPPc,ldp x19  x20  [sp  #0x10],0
5.08,13,/home/ubuntu/rocksdb/memory/arena.cc,109,"                             Logger* logger) {",_ZN7rocksdb5Arena15AllocateAlignedEmmPNS_6LoggerE,str x6  [sp  #0x58],0
66.00,1,(null),0,(null),(null),(null),0
4.33,15,/home/ubuntu/rocksdb/memtable/inlineskiplist.h,915,"}",_ZN7rocksdb14InlineSkipListIRKNS_11MemTableRep13KeyComparatorEE21RecomputeSpliceLevelsERKNS_5SliceEPNS5_6SpliceEi,ldp x21  x22  [sp  #0x20],0
10.83,6,(null),0,(null),(null),(null),0
4.27,15,/home/ubuntu/rocksdb/memory/arena.cc,109,"                             Logger* logger) {",_ZN7rocksdb5Arena15AllocateAlignedEmmPNS_6LoggerE,stp x29  x30  [sp  #-0x60]!,0
16.00,4,src/hotline/bmiss_map.c,30,(null),bmiss_map_compare,ldr x3  [x1  #0x18],0
31.50,2,src/hotline/hotline.c,311,(null),process_aux_buffer_record,ldr w1  [x0  #0x58],0
5.08,12,/home/ubuntu/rocksdb/memtable/inlineskiplist.h,1021,"    RecomputeSpliceLevels(key_decoded, splice, recompute_height);",_ZN7rocksdb14InlineSkipListIRKNS_11MemTableRep13KeyComparatorEE6InsertILb0EEEbPKcPNS5_6SpliceEb,ldp x27  x28  [sp  #0x50],0
4.36,14,/home/ubuntu/rocksdb/memtable/memtablerep_bench.cc,306,"      callback_args->found = true;",_ZN7rocksdb19ReadBenchmarkThread8callbackEPvPKc,strb w0  [x19],0
15.00,4,(null),0,(null),(null),(null),0
19.33,3,(null),0,(null),(null),(null),0
19.33,3,src/hotline/hotline.c,205,(null),tsc_to_perf_time,ldrh w5  [x2  #0x32],0
58.00,1,(null),0,(null),(null),(null),0
4.38,13,/home/ubuntu/rocksdb/memtable/inlineskiplist.h,915,"}",_ZN7rocksdb14InlineSkipListIRKNS_11MemTableRep13KeyComparatorEE21RecomputeSpliceLevelsERKNS_5SliceEPNS5_6SpliceEi,ldp x29  x30  [sp]  #0x80,0
57.00,1,src/hotline/fname_map.c,223,(null),va_to_file_offset,ldr d0  [x4  #0x18],0
18.00,3,src/hotline/hotline.c,200,(null),tsc_to_perf_time,ldr x1  [x2  #0x28],0
4.08,13,src/hotline/btree.c,126,(null),btree_get,ldr x2  [x22  #0x68],0
10.60,5,???,0,???,???,???,0
16.67,3,src/hotline/hotline.c,203,(null),tsc_to_perf_time,ldrh w3  [x2  #0x32],0
12.50,4,(null),0,(null),(null),(null),0
12.25,4,/home/ubuntu/rocksdb/memtable/inlineskiplist.h,1003,"      } else if (KeyIsAfterNode(key_decoded, splice->next_[recompute_height])) {",_ZN7rocksdb14InlineSkipListIRKNS_11MemTableRep13KeyComparatorEE6InsertILb0EEEbPKcPNS5_6SpliceEb,ldr x4  [x0  x19  lsl #3],0
16.00,3,(null),0,(null),(null),(null),0
15.67,3,(null),0,(null),(null),(null),0
47.00,1,???,0,???,_ZN2v88internal4wasm7fuzzing12_GLOBAL__N_113WasmGeneratorILNS2_27WasmModuleGenerationOptionsE1EE14op_with_prefixILNS1_10WasmOpcodeE64881EJLNS1_9ValueKindE5ELS9_5EEEEvPNS3_9DataRangeE,movz w1  #0x1,0
15.33,3,src/hotline/hotline.c,341,(null),process_software_buffer_up_to_ts,ldr x21  [x0  #0x418],0
23.00,2,src/hotline/btree.c,533,(null),btree_set0,ldr x4  [x0  #0x28],0
22.50,2,src/hotline/btree.c,869,(null),btree_oom,ldrb w0  [x0  #0x70],0
4.40,10,src/hotline/lat_map.c,29,(null),lat_map_compare,ldr x4  [x2  #0x18],0
14.67,3,(null),0,(null),(null),(null),0
10.75,4,(null),0,(null),(null),(null),0
10.75,4,(null),0,(null),(null),(null),0
21.50,2,(null),0,(null),(null),(null),0
43.00,1,/usr/include/c++/11/bits/hashtable.h,1833,"      __node_base_ptr __prev_p = _M_buckets[__bkt];",_ZNSt10_HashtableINSt7__cxx1112basic_stringIcSt11char_traitsIcESaIcEEESt4pairIKS5_N7rocksdb9ValueTypeEESaISA_ENSt8__detail10_Select1stESt8equal_toIS5_ESt4hashIS5_ENSC_18_Mod_range_hashingENSC_20_Default_ranged_hashENSC_20_Prime_rehash_policyENSC_17_Hashtable_traitsILb1ELb0ELb1EEEEC1IPKSA_EET_SR_mRKSH_RKSF_RKSB_St17integral_constantIbLb1EE,ldr x28  [x0  x27  lsl #3],0
8.40,5,src/hotline/lat_map.c,22,(null),lat_map_compare,ldr x0  [x1  #8],0
21.00,2,src/hotline/fname_map.c,172,(null),update_filename_cached_entry,ldr x0  [x1  #8],0
40.00,1,???,0,???,_ZN2v84base7ieee7544asinEd,ldr d4  [x0  #0x720],0
9.75,4,(null),0,(null),(null),(null),0
13.00,3,src/hotline/btree.c,75,(null),btree_node_set,ldr x0  [x25  #0x10],0
19.50,2,(null),0,(null),(null),(null),0
19.50,2,(null),0,(null),(null),(null),0
7.60,5,(null),0,(null),(null),(null),0
7.60,5,src/hotline/lat_map.c,22,(null),lat_map_compare,ldr x3  [x2  #8],0
12.33,3,src/hotline/hotline.c,201,(null),tsc_to_perf_time,ldr x1  [x2  #0x50],0
12.33,3,src/hotline/fname_map.c,234,(null),va_to_file_offset,ldr x1  [x0],0
12.33,3,src/hotline/btree.c,197,(null),btree_get,ldurh w25  [x21  #5],0
18.50,2,src/hotline/fname_map.c,172,(null),update_filename_cached_entry,ldr x2  [x1],0
9.00,4,src/hotline/btree.c,452,(null),btree_search,stp x23  x24  [sp  #0x30],0
9.00,4,(null),0,(null),(null),(null),0
17.50,2,(null),0,(null),(null),(null),0
17.50,2,(null),0,(null),(null),(null),0
17.50,2,(null),0,(null),(null),(null),0
35.00,1,(null),0,(null),(null),(null),0
35.00,1,(null),0,(null),(null),(null),0
11.33,3,(null),0,(null),(null),(null),0
17.00,2,(null),0,(null),(null),(null),0
34.00,1,(null),0,(null),(null),(null),0
34.00,1,src/hotline/fname_map.c,176,(null),update_filename_cached_entry,str x0  [x1],0
6.60,5,src/hotline/btree.c,528,(null),btree_node_set,ldp x23  x24  [sp  #0x30],0
4.71,7,src/hotline/btree.c,191,(null),btree_search,ldr x3  [x20  #0x18],0
33.00,1,(null),0,(null),(null),(null),0
10.67,3,(null),0,(null),(null),(null),0
16.00,2,(null),0,(null),(null),(null),0
32.00,1,(null),0,(null),(null),(null),0
32.00,1,/usr/aarch64-linux-gnu/include/bits/string_fortified.h,29,"  return __builtin___memcpy_chk (__dest, __src, __len,",process_aux_buffer_record,ldur w3  [x19  #1],0
32.00,1,src/hotline/hotline.c,350,(null),process_software_buffer_up_to_ts,ldrh w1  [x19  #6],0
7.75,4,(null),0,(null),(null),(null),0
4.43,7,/home/ubuntu/rocksdb/memtable/inlineskiplist.h,529,"  return (n != nullptr) && (compare_(n->Key(), key) < 0);",_ZN7rocksdb14InlineSkipListIRKNS_11MemTableRep13KeyComparatorEE6InsertILb0EEEbPKcPNS5_6SpliceEb,ldr x0  [x26  #0x10],0
4.43,7,src/hotline/btree.c,191,(null),btree_get,ldr x2  [x22  #0x38],0
7.75,4,src/hotline/btree.c,126,(null),btree_search,ldr x1  [x26  #8],0
15.50,2,src/hotline/hotline.c,365,(null),process_software_buffer_up_to_ts,ldrh w0  [x19  #6],0
31.00,1,???,0,???,_Z31concat_adjacent_string_literalsi,mov w1  w0,0
15.50,2,(null),0,(null),(null),(null),0
15.50,2,(null),0,(null),(null),(null),0
15.50,2,(null),0,(null),(null),(null),0
31.00,1,(null),0,(null),(null),(null),0
31.00,1,(null),0,(null),(null),(null),0
31.00,1,(null),0,(null),(null),(null),0
30.00,1,(null),0,(null),(null),(null),0
15.00,2,(null),0,(null),(null),(null),0
7.50,4,(null),0,(null),(null),(null),0
10.00,3,/home/ubuntu/rocksdb/memory/arena.cc,82,"  alloc_bytes_remaining_ = size - bytes;",_ZN7rocksdb5Arena16AllocateFallbackEmb,str x1  [x19  #0x8d0],0
15.00,2,src/hotline/hotline.c,411,(null),process_aux_buffer,str x1  [x0  #0x428],0
15.00,2,src/hotline/btree.c,531,(null),btree_set0,strb wzr  [x0  #0x70],0
9.67,3,(null),0,(null),(null),(null),0
14.50,2,(null),0,(null),(null),(null),0
29.00,1,(null),0,(null),(null),(null),0
29.00,1,(null),0,(null),(null),(null),0
14.50,2,/home/ubuntu/.rustup/toolchains/stable-aarch64-unknown-linux-gnu/lib/rustlib/src/rust/library/core/src/ptr/mod.rs,524,(null),_ZN4core3ptr46drop_in_place$LT$alloc..vec..Vec$LT$u8$GT$$GT$17hca8868a122943a62E,str x8  [sp  #8],0
7.00,4,(null),0,(null),(null),(null),0
14.00,2,/usr/include/c++/11/tuple,301,"      _Tuple_impl(_Tuple_impl&&) = default;",_ZN7rocksdb5Arena16AllocateNewBlockEm,str x20  [x1]  #8,0
28.00,1,src/hotline/hotline.c,398,(null),process_aux_buffer,ldr x0  [x19  #0x38],0
9.00,3,(null),0,(null),(null),(null),0
13.50,2,(null),0,(null),(null),(null),0
13.50,2,(null),0,(null),(null),(null),0
13.00,2,(null),0,(null),(null),(null),0
6.50,4,(null),0,(null),(null),(null),0
8.67,3,(null),0,(null),(null),(null),0
5.20,5,???,0,???,???,???,0
6.50,4,src/hotline/btree.c,492,(null),btree_node_set,stp x21  x22  [sp  #0x20],0
26.00,1,src/hotline/fname_map.c,162,(null),get_filename_cached_entry,ldr x0  [x0],0
26.00,1,(null),0,(null),(null),(null),0
6.25,4,(null),0,(null),(null),(null),0
5.00,5,src/hotline/bmiss_map.c,23,(null),bmiss_map_compare,ldr x3  [x2  #8],0
5.00,5,src/hotline/btree.c,126,(null),btree_get,ldr x1  [x21  #8],0
8.33,3,src/hotline/btree.c,528,(null),btree_node_set,ldr x3  [sp  #0x88],0
12.50,2,(null),0,(null),(null),(null),0
12.50,2,(null),0,(null),(null),(null),0
12.50,2,(null),0,(null),(null),(null),0
12.50,2,(null),0,(null),(null),(null),0
12.50,2,(null),0,(null),(null),(null),0
12.50,2,src/hotline/btree.c,551,(null),btree_set0,ldr x21  [x19  #0x40],0
12.50,2,(null),0,(null),(null),(null),0
25.00,1,(null),0,(null),(null),(null),0
4.00,6,(null),0,(null),(null),(null),0
4.00,6,???,0,???,_ZL22mangled_class_encodingP6a_typeiiiP24a_mangling_control_block,add x20  x20  #0x9a0,0
12.00,2,src/hotline/btree.c,596,(null),btree_get,ldr x21  [x0  #0x40],0
12.00,2,(null),0,(null),(null),(null),0
12.00,2,(null),0,(null),(null),(null),0
12.00,2,(null),0,(null),(null),(null),0
24.00,1,(null),0,(null),(null),(null),0
24.00,1,(null),0,(null),(null),(null),0
24.00,1,(null),0,(null),(null),(null),0
12.00,2,/home/ubuntu/.rustup/toolchains/stable-aarch64-unknown-linux-gnu/lib/rustlib/src/rust/library/alloc/src/raw_vec/mod.rs,754,(null),_ZN5alloc7raw_vec20RawVecInner$LT$A$GT$10deallocate17hc5fd01f479b42647E,str x0  [sp  #0x20],0
24.00,1,(null),0,(null),(null),(null),0
7.67,3,src/hotline/btree.c,542,(null),btree_set0,ldp x25  x26  [sp  #0x40],0
5.75,4,src/hotline/bmiss_map.c,30,(null),bmiss_map_compare,ldr x4  [x2  #0x18],0
23.00,1,src/hotline/hotline.c,201,(null),tsc_to_perf_time,ldr x3  [x2  #0x58],0
11.50,2,(null),0,(null),(null),(null),0
23.00,1,(null),0,(null),(null),(null),0
23.00,1,library/alloc/src/string.rs,2285,(null),_ZN60_$LT$alloc..string..String$u20$as$u20$core..clone..Clone$GT$5clone17hdfc886ea4ed0be6dE,ldr x19  [x0  #0x10],0
23.00,1,???,0,???,???,???,0
5.50,4,(null),0,(null),(null),(null),0
7.33,3,(null),0,(null),(null),(null),0
5.50,4,(null),0,(null),(null),(null),0
11.00,2,(null),0,(null),(null),(null),0
11.00,2,(null),0,(null),(null),(null),0
22.00,1,???,0,???,_ZN4node9constants21DefineCryptoConstantsEN2v85LocalINS1_6ObjectEEE,mov x1  x21,0
22.00,1,(null),0,(null),(null),(null),0
22.00,1,???,0,???,???,???,0
7.00,3,src/hotline/hotline.c,334,(null),process_software_buffer_up_to_ts,ldr x25  [x22  #0x70],0
5.25,4,src/hotline/btree.c,794,(null),btree_get,str x0  [sp  #0x58],0
10.50,2,(null),0,(null),(null),(null),0
10.50,2,src/hotline/hotline.c,248,(null),process_software_buffer_up_to_ts,ldr w2  [x19],0
21.00,1,(null),0,(null),(null),(null),0
21.00,1,(null),0,(null),(null),(null),0
6.67,3,(null),0,(null),(null),(null),0
4.00,5,(null),0,(null),(null),(null),0
10.00,2,(null),0,(null),(null),(null),0
10.00,2,(null),0,(null),(null),(null),0
20.00,1,(null),0,(null),(null),(null),0
6.67,3,/usr/aarch64-linux-gnu/include/bits/string_fortified.h,29,"  return __builtin___memcpy_chk (__dest, __src, __len,",process_aux_buffer_record,stur w1  [sp  #0x23],0
20.00,1,(null),0,(null),(null),(null),0
20.00,1,(null),0,(null),(null),(null),0
4.75,4,(null),0,(null),(null),(null),0
6.33,3,/home/ubuntu/rocksdb/memory/arena.cc,93,"}",_ZN7rocksdb5Arena16AllocateFallbackEmb,ldp x21  x22  [sp  #0x20],0
4.75,4,src/hotline/btree.c,191,(null),btree_search,ldr x2  [x20  #0x38],0
6.33,3,(null),0,(null),(null),(null),0
4.75,4,???,0,???,_ZNSt8_Rb_treeIPKNSt7__cxx1112basic_stringIcSt11char_traitsIcESaIcEEES7_St9_IdentityIS7_EN4msvc12less_str_ptrIcEESaIS7_EE8_M_eraseEPSt13_Rb_tree_nodeIS7_E.isra.0,stp x25  x26  [sp  #0x40],0
6.33,3,(null),0,(null),(null),(null),0
9.50,2,(null),0,(null),(null),(null),0
19.00,1,(null),0,(null),(null),(null),0
19.00,1,src/hotline/hotline.c,205,(null),tsc_to_perf_time,ldr w4  [x2  #0x34],0
19.00,1,/home/ubuntu/rocksdb/memory/arena.cc,163,"  blocks_memory_ += allocated_size;",_ZN7rocksdb5Arena16AllocateNewBlockEm,str x2  [x19  #0x8e0],0
6.00,3,(null),0,(null),(null),(null),0
6.00,3,(null),0,(null),(null),(null),0
4.50,4,(null),0,(null),(null),(null),0
6.00,3,src/hotline/btree.c,460,(null),btree_search,ldp x21  x22  [sp  #0x20],0
4.50,4,src/hotline/btree.c,191,(null),btree_get,ldr x3  [x22  #0x18],0
6.00,3,(null),0,(null),(null),(null),0
9.00,2,(null),0,(null),(null),(null),0
9.00,2,(null),0,(null),(null),(null),0
9.00,2,(null),0,(null),(null),(null),0
4.50,4,(null),0,(null),(null),(null),0
9.00,2,src/hotline/hotline.c,332,(null),process_software_buffer_up_to_ts,ldr x24  [x22  #0x48],0
6.00,3,src/hotline/fname_map.c,206,(null),va_to_file_offset,str x2  [sp  #0x58],0
18.00,1,(null),0,(null),(null),(null),0
18.00,1,(null),0,(null),(null),(null),0
18.00,1,(null),0,(null),(null),(null),0
9.00,2,(null),0,(null),(null),(null),0
18.00,1,(null),0,(null),(null),(null),0
18.00,1,(null),0,(null),(null),(null),0
18.00,1,(null),0,(null),(null),(null),0
9.00,2,src/hotline/lat_map.c,90,(null),parse_and_insert_lat_entry,stp x7  x5  [sp  #0x118],0
18.00,1,src/hotline/fname_map.c,172,(null),update_filename_cached_entry,ldr x0  [x1  #0x18],0
18.00,1,???,0,???,_Z41__static_initialization_and_destruction_0ii.constprop.0,adrp x1  #0x36f5000,0
4.25,4,(null),0,(null),(null),(null),0
5.67,3,(null),0,(null),(null),(null),0
17.00,1,(null),0,(null),(null),(null),0
4.25,4,???,0,???,_ZNSt8_Rb_treeIPKNSt7__cxx1112basic_stringIcSt11char_traitsIcESaIcEEES7_St9_IdentityIS7_EN4msvc12less_str_ptrIcEESaIS7_EE8_M_eraseEPSt13_Rb_tree_nodeIS7_E.isra.0,stp x21  x22  [sp  #0x20],0
8.50,2,src/hotline/lat_map.c,127,(null),parse_and_insert_lat_entry,str x5  [sp  #0x60],0
8.50,2,(null),0,(null),(null),(null),0
17.00,1,(null),0,(null),(null),(null),0
8.50,2,(null),0,(null),(null),(null),0
8.50,2,src/hotline/lat_map.c,127,(null),parse_and_insert_lat_entry,ldrh w5  [x0  #0x2a],0
17.00,1,src/hotline/fname_map.c,162,(null),get_filename_cached_entry,ldr w3  [x0],0
17.00,1,(null),0,(null),(null),(null),0
8.50,2,(null),0,(null),(null),(null),0
17.00,1,/home/ubuntu/.rustup/toolchains/stable-aarch64-unknown-linux-gnu/lib/rustlib/src/rust/library/alloc/src/raw_vec/mod.rs,535,(null),_ZN5alloc7raw_vec20RawVecInner$LT$A$GT$14current_memory17hbf8969f73d2da585E,ldr x8  [x8],0
17.00,1,/home/ubuntu/.rustup/toolchains/stable-aarch64-unknown-linux-gnu/lib/rustlib/src/rust/library/alloc/src/raw_vec/mod.rs,526,(null),_ZN5alloc7raw_vec20RawVecInner$LT$A$GT$14current_memory17hbf8969f73d2da585E,str x2  [sp  #0x30],0
17.00,1,library/alloc/src/string.rs,2284,(null),_ZN60_$LT$alloc..string..String$u20$as$u20$core..clone..Clone$GT$5clone17hdfc886ea4ed0be6dE,str x23  [sp  #0x10],0
5.33,3,(null),0,(null),(null),(null),0
4.00,4,(null),0,(null),(null),(null),0
8.00,2,/usr/include/c++/11/bits/random.tcc,419,"      _M_x[__n - 1] = (_M_x[__m - 1] ^ (__y >> 1)",_ZNSt23mersenne_twister_engineImLm64ELm312ELm156ELm31ELm13043109905998158313ELm29ELm6148914691236517205ELm17ELm8202884508482404352ELm37ELm18444473444759240704ELm43ELm6364136223846793005EE11_M_gen_randEv,ldr x1  [x0  #0x4d8],0
5.33,3,(null),0,(null),(null),(null),0
4.00,4,src/hotline/btree.c,126,(null),btree_search,ldr x2  [x20  #0x68],0
5.33,3,/home/ubuntu/.rustup/toolchains/stable-aarch64-unknown-linux-gnu/lib/rustlib/src/rust/library/core/src/alloc/layout.rs,161,(null),_ZN63_$LT$alloc..alloc..Global$u20$as$u20$core..alloc..Allocator$GT$10deallocate17h0f45ec0612148410E,ldr x2  [sp  #0x10],0
4.00,4,(null),0,(null),(null),(null),0
8.00,2,(null),0,(null),(null),(null),0
16.00,1,(null),0,(null),(null),(null),0
4.00,4,(null),0,(null),(null),(null),0
4.00,4,(null),0,(null),(null),(null),0
16.00,1,(null),0,(null),(null),(null),0
5.33,3,(null),0,(null),(null),(null),0
16.00,1,(null),0,(null),(null),(null),0
8.00,2,(null),0,(null),(null),(null),0
8.00,2,(null),0,(null),(null),(null),0
8.00,2,src/hotline/hotline.c,331,(null),process_software_buffer_up_to_ts,stp x23  x24  [sp  #0x30],0
16.00,1,(null),0,(null),(null),(null),0
5.00,3,(null),0,(null),(null),(null),0
5.00,3,(null),0,(null),(null),(null),0
7.50,2,src/hotline/hotline.c,372,(null),process_software_buffer_up_to_ts,ldp x25  x26  [sp  #0x40],0
5.00,3,(null),0,(null),(null),(null),0
5.00,3,src/hotline/btree.c,796,(null),btree_get,ldp x29  x30  [sp]  #0x60,0
15.00,1,src/hotline/fname_map.c,222,(null),va_to_file_offset,ldr x2  [x4  #0x20],0
7.50,2,src/hotline/btree.c,528,(null),btree_node_set,ldp x19  x20  [sp  #0x10],0
15.00,1,src/hotline/hotline.c,333,(null),process_software_buffer_up_to_ts,ldr x20  [x0  #0x400],0
15.00,1,(null),0,(null),(null),(null),0
15.00,1,(null),0,(null),(null),(null),0
15.00,1,(null),0,(null),(null),(null),0
7.50,2,(null),0,(null),(null),(null),0
15.00,1,(null),0,(null),(null),(null),0
7.50,2,(null),0,(null),(null),(null),0
7.50,2,(null),0,(null),(null),(null),0
15.00,1,(null),0,(null),(null),(null),0
7.50,2,(null),0,(null),(null),(null),0
15.00,1,(null),0,(null),(null),(null),0
7.50,2,src/hotline/lat_map.c,62,(null),parse_and_insert_lat_entry,stp q4  q3  [x2],0
15.00,1,(null),0,(null),(null),(null),0
15.00,1,(null),0,(null),(null),(null),0
15.00,1,???,0,???,_ZN4edge22intellisense_operation25get_auto_complete_membersERPNS_22member_selection_entryERPNS_11scope_entryEPNS_4listIPNS_6symbolEEESB_SB_SB_NS0_16member_list_kindEbRbSD_SD_PSt3mapIS9_jSt4lessIS9_ESaISt4pairIKS9_jEEE,mov x0  x23,0
4.67,3,(null),0,(null),(null),(null),0
4.67,3,(null),0,(null),(null),(null),0
4.67,3,/usr/include/c++/11/bits/random.tcc,459,"      result_type __z = _M_x[_M_p++];",_ZNSt23mersenne_twister_engineImLm64ELm312ELm156ELm31ELm13043109905998158313ELm29ELm6148914691236517205ELm17ELm8202884508482404352ELm37ELm18444473444759240704ELm43ELm6364136223846793005EEclEv,ldr x2  [x19  #0x9c0],0
14.00,1,(null),0,(null),(null),(null),0
7.00,2,src/hotline/bmiss_map.c,108,(null),parse_and_insert_bmiss_entry,ldur q2  [x1  #8],0
14.00,1,(null),0,(null),(null),(null),0
7.00,2,(null),0,(null),(null),(null),0
4.67,3,(null),0,(null),(null),(null),0
4.67,3,(null),0,(null),(null),(null),0
4.67,3,(null),0,(null),(null),(null),0
14.00,1,(null),0,(null),(null),(null),0
14.00,1,(null),0,(null),(null),(null),0
7.00,2,(null),0,(null),(null),(null),0
7.00,2,(null),0,(null),(null),(null),0
7.00,2,src/hotline/lat_map.c,166,(null),parse_and_insert_lat_entry,stp q0  q0  [x19  #0x40],0
14.00,1,(null),0,(null),(null),(null),0
14.00,1,(null),0,(null),(null),(null),0
14.00,1,/home/ubuntu/.rustup/toolchains/stable-aarch64-unknown-linux-gnu/lib/rustlib/src/rust/library/core/src/slice/iter/macros.rs,179,(null),_ZN91_$LT$core..slice..iter..Iter$LT$T$GT$$u20$as$u20$core..iter..traits..iterator..Iterator$GT$4next17h0af11cd34cd7fee9E,str x9  [sp  #0x28],0
14.00,1,/home/ubuntu/.rustup/toolchains/stable-aarch64-unknown-linux-gnu/lib/rustlib/src/rust/library/core/src/ptr/mod.rs,524,(null),_ZN4core3ptr46drop_in_place$LT$alloc..vec..Vec$LT$u8$GT$$GT$17hca8868a122943a62E,str x0  [sp],0
6.50,2,src/hotline/lat_map.c,87,(null),parse_and_insert_lat_entry,ldp x4  x5  [x0],0
4.33,3,(null),0,(null),(null),(null),0
4.33,3,/home/ubuntu/rocksdb/memory/arena.cc,64,"  if (bytes > kBlockSize / 4) {",_ZN7rocksdb5Arena16AllocateFallbackEmb,ldr x22  [x0  #0x810],0
6.50,2,(null),0,(null),(null),(null),0
4.33,3,(null),0,(null),(null),(null),0
6.50,2,/usr/include/c++/11/bits/deque.tcc,167,"	if (this->_M_impl._M_finish._M_cur",_ZN7rocksdb5Arena16AllocateNewBlockEm,ldr x1  [x21  #0x30],0
4.33,3,(null),0,(null),(null),(null),0
6.50,2,(null),0,(null),(null),(null),0
4.33,3,src/hotline/btree.c,460,(null),btree_search,ldp x25  x26  [sp  #0x40],0
13.00,1,???,0,???,???,???,0
6.50,2,(null),0,(null),(null),(null),0
6.50,2,src/hotline/fname_map.c,234,(null),va_to_file_offset,ldp x29  x30  [sp]  #0x60,0
4.33,3,src/hotline/btree.c,453,(null),btree_get,ldr x5  [x22  #0x20],0
6.50,2,/home/ubuntu/rocksdb/memory/arena.cc,168,"}",_ZN7rocksdb5Arena16AllocateNewBlockEm,ldp x29  x30  [sp]  #0x60,0
6.50,2,(null),0,(null),(null),(null),0
4.33,3,(null),0,(null),(null),(null),0
13.00,1,/home/ubuntu/.rustup/toolchains/stable-aarch64-unknown-linux-gnu/lib/rustlib/src/rust/library/core/src/ptr/mod.rs,0,(null),_ZN4core3ptr64drop_in_place$LT$$u5b$aperf..data..kernel_config..Entry$u5d$$GT$17hd505fb9c10d1a228E,ldr x8  [sp  #8],0
13.00,1,(null),0,(null),(null),(null),0
6.50,2,(null),0,(null),(null),(null),0
13.00,1,(null),0,(null),(null),(null),0
13.00,1,(null),0,(null),(null),(null),0
6.50,2,(null),0,(null),(null),(null),0
13.00,1,(null),0,(null),(null),(null),0
6.50,2,(null),0,(null),(null),(null),0
6.50,2,(null),0,(null),(null),(null),0
6.50,2,src/hotline/btree.c,507,(null),btree_node_set,stp x25  x26  [sp  #0x40],0
13.00,1,/usr/include/c++/11/bits/stl_function.h,400,"      { return __x < __y; }",_ZNSt8_Rb_treeIN7rocksdb14CacheEntryRoleESt4pairIKS1_NS0_21CacheEntryRoleOptionsEESt10_Select1stIS5_ESt4lessIS1_ESaIS5_EE16_M_insert_uniqueIS5_EES2_ISt17_Rb_tree_iteratorIS5_EbEOT_,ldr w2  [x19  #0x20],0
13.00,1,(null),0,(null),(null),(null),0
13.00,1,(null),0,(null),(null),(null),0
13.00,1,(null),0,(null),(null),(null),0
13.00,1,/home/ubuntu/.rustup/toolchains/stable-aarch64-unknown-linux-gnu/lib/rustlib/src/rust/library/alloc/src/raw_vec/mod.rs,535,(null),_ZN5alloc7raw_vec20RawVecInner$LT$A$GT$14current_memory17hbf8969f73d2da585E,str x9  [sp  #0x80],0
13.00,1,(null),0,(null),(null),(null),0
12.00,1,(null),0,(null),(null),(null),0
6.00,2,(null),0,(null),(null),(null),0
6.00,2,(null),0,(null),(null),(null),0
4.00,3,src/hotline/btree.c,495,(null),btree_node_set,ldrb w1  [sp  #0x87],0
6.00,2,(null),0,(null),(null),(null),0
12.00,1,(null),0,(null),(null),(null),0
6.00,2,src/hotline/fname_map.c,229,(null),va_to_file_offset,ldp x21  x22  [sp  #0x20],0
6.00,2,(null),0,(null),(null),(null),0
6.00,2,(null),0,(null),(null),(null),0
6.00,2,src/hotline/hotline.c,326,(null),process_aux_buffer_record,ldr x0  [x0  #0xce0],0
6.00,2,/usr/include/c++/11/bits/random.tcc,418,"		       | (_M_x[0] & __lower_mask));",_ZNSt23mersenne_twister_engineImLm64ELm312ELm156ELm31ELm13043109905998158313ELm29ELm6148914691236517205ELm17ELm8202884508482404352ELm37ELm18444473444759240704ELm43ELm6364136223846793005EE11_M_gen_randEv,ldr x4  [x0],0
12.00,1,(null),0,(null),(null),(null),0
12.00,1,(null),0,(null),(null),(null),0
4.00,3,/home/ubuntu/rocksdb/memory/arena.cc,63,"char* Arena::AllocateFallback(size_t bytes, bool aligned) {",_ZN7rocksdb5Arena16AllocateFallbackEmb,stp x29  x30  [sp  #-0x40]!,0
4.00,3,???,0,???,_ZL22mangled_class_encodingP6a_typeiiiP24a_mangling_control_block,ldr x1  [x4],0
6.00,2,(null),0,(null),(null),(null),0
12.00,1,(null),0,(null),(null),(null),0
12.00,1,(null),0,(null),(null),(null),0
12.00,1,(null),0,(null),(null),(null),0
12.00,1,(null),0,(null),(null),(null),0
6.00,2,src/hotline/lat_map.c,82,(null),parse_and_insert_lat_entry,stp q0  q0  [x1  #0x80],0
6.00,2,src/hotline/btree.c,492,(null),btree_node_set,stp x23  x24  [sp  #0x30],0
12.00,1,???,0,???,_ZN4node9inspector12_GLOBAL__N_19WsHandler6OnDataEPSt6vectorIcSaIcEE,add x1  x1  #0x260,0
12.00,1,(null),0,(null),(null),(null),0
12.00,1,(null),0,(null),(null),(null),0
12.00,1,/home/ubuntu/.rustup/toolchains/stable-aarch64-unknown-linux-gnu/lib/rustlib/src/rust/library/core/src/ptr/mod.rs,524,(null),_ZN4core3ptr64drop_in_place$LT$$u5b$aperf..data..kernel_config..Entry$u5d$$GT$17hd505fb9c10d1a228E,str x8  [sp  #0x18],0
12.00,1,/usr/include/c++/11/bits/basic_string.h,219,"      { _M_allocated_capacity = __capacity; }",_ZNSt7__cxx1112basic_stringIcSt11char_traitsIcESaIcEEC2IS3_EEPKcRKS3_.constprop.0,str x1  [x20  #0x10],0
12.00,1,???,0,???,???,???,0
12.00,1,???,0,???,_ZN2v88internal4wasm15WasmFullDecoderINS1_7Decoder15NoValidationTagENS1_12_GLOBAL__N_115LiftoffCompilerELNS1_12DecodingModeE0EE39DecodeNopForTestingUnsupportedInLiftoffEPS8_NS1_10WasmOpcodeE,bl #0x2544f70,0
5.50,2,/usr/include/c++/11/bits/random.tcc,421,"      _M_p = 0;",_ZNSt23mersenne_twister_engineImLm64ELm312ELm156ELm31ELm13043109905998158313ELm29ELm6148914691236517205ELm17ELm8202884508482404352ELm37ELm18444473444759240704ELm43ELm6364136223846793005EE11_M_gen_randEv,str xzr  [x0  #0x9c0],0
5.50,2,(null),0,(null),(null),(null),0
5.50,2,(null),0,(null),(null),(null),0
5.50,2,src/hotline/lat_map.c,62,(null),parse_and_insert_lat_entry,ldp q18  q19  [x10],0
11.00,1,src/hotline/hotline.c,198,(null),tsc_to_perf_time,ldr x2  [x1  #0x40],0
5.50,2,src/hotline/fname_map.c,234,(null),va_to_file_offset,ldr x2  [sp  #0x58],0
5.50,2,(null),0,(null),(null),(null),0
5.50,2,(null),0,(null),(null),(null),0
11.00,1,(null),0,(null),(null),(null),0
5.50,2,src/hotline/bmiss_map.c,41,(null),bmiss_map_compare,ldr w3  [x1  #4],0
5.50,2,/home/ubuntu/rocksdb/memory/arena.cc,168,"}",_ZN7rocksdb5Arena16AllocateNewBlockEm,ldp x19  x20  [sp  #0x10],0
5.50,2,/home/ubuntu/rocksdb/memory/arena.cc,168,"}",_ZN7rocksdb5Arena16AllocateNewBlockEm,ldp x21  x22  [sp  #0x20],0
11.00,1,(null),0,(null),(null),(null),0
11.00,1,src/hotline/fname_map.c,215,(null),va_to_file_offset,ldr x21  [x22  #8],0
11.00,1,(null),0,(null),(null),(null),0
11.00,1,(null),0,(null),(null),(null),0
11.00,1,(null),0,(null),(null),(null),0
11.00,1,(null),0,(null),(null),(null),0
11.00,1,(null),0,(null),(null),(null),0
5.50,2,(null),0,(null),(null),(null),0
5.50,2,(null),0,(null),(null),(null),0
5.50,2,(null),0,(null),(null),(null),0
5.50,2,(null),0,(null),(null),(null),0
5.50,2,(null),0,(null),(null),(null),0
11.00,1,(null),0,(null),(null),(null),0
5.50,2,(null),0,(null),(null),(null),0
11.00,1,(null),0,(null),(null),(null),0
5.50,2,(null),0,(null),(null),(null),0
5.50,2,src/hotline/hotline.c,303,(null),process_aux_buffer_record,stp x19  x20  [sp  #0x10],0
5.50,2,src/hotline/btree.c,452,(null),btree_search,stp x21  x22  [sp  #0x20],0
11.00,1,src/hotline/fname_map.c,209,(null),va_to_file_offset,ldr x0  [x0],0
11.00,1,???,0,???,_ZN2v88internal8compiler10turboshaft26DeadCodeEliminationReducerINS2_12ReducerStackINS2_9AssemblerINS2_12reducer_listIJNS2_30TurboshaftAssemblerOpInterfaceENS2_12GraphVisitorES3_NS2_25StackCheckLoweringReducerENS2_30LoadStoreSimplificationReducerENS2_30DuplicationOptimizationReducerENS2_21ValueNumberingReducerENS2_13TSReducerBaseEEEEEELb1EJS9_SA_SB_SC_SD_EEEE25ReduceInputGraphOperationINS2_8ReturnOpENS2_21UniformReducerAdapterIS3_SG_E24ReduceReturnContinuationEEENS2_7OpIndexESN_RKT_,movn w0  #0,0
11.00,1,(null),0,(null),(null),(null),0
11.00,1,(null),0,(null),(null),(null),0
11.00,1,(null),0,(null),(null),(null),0
11.00,1,(null),0,(null),(null),(null),0
11.00,1,src/hotline/btree.c,493,(null),btree_node_set,strb wzr  [sp  #0x87],0
11.00,1,/home/ubuntu/.rustup/toolchains/stable-aarch64-unknown-linux-gnu/lib/rustlib/src/rust/library/core/src/ub_checks.rs,66,(null),_ZN4core5alloc6layout6Layout25from_size_align_unchecked18precondition_check17h9c887e8b84d39a88E,str x30  [sp  #0x20],0
11.00,1,/home/ubuntu/rocksdb/cache/lru_cache.cc,26,"LRUHandleTable::LRUHandleTable(int max_upper_hash_bits,",_ZN7rocksdb9lru_cache14LRUHandleTableC1EiPNS_15MemoryAllocatorE,str x21  [sp  #0x20],0
10.00,1,(null),0,(null),(null),(null),0
5.00,2,(null),0,(null),(null),(null),0
5.00,2,???,0,???,???,???,0
5.00,2,(null),0,(null),(null),(null),0
5.00,2,src/hotline/btree.c,492,(null),btree_node_set,str x3  [sp  #0x88],0
5.00,2,(null),0,(null),(null),(null),0
5.00,2,(null),0,(null),(null),(null),0
5.00,2,src/hotline/btree.c,796,(null),btree_get,ldr x3  [sp  #0x58],0
10.00,1,(null),0,(null),(null),(null),0
5.00,2,(null),0,(null),(null),(null),0
10.00,1,(null),0,(null),(null),(null),0
5.00,2,(null),0,(null),(null),(null),0
5.00,2,(null),0,(null),(null),(null),0
10.00,1,(null),0,(null),(null),(null),0
10.00,1,/home/ubuntu/.rustup/toolchains/stable-aarch64-unknown-linux-gnu/lib/rustlib/src/rust/library/core/src/iter/adapters/enumerate.rs,81,(null),_ZN110_$LT$core..iter..adapters..enumerate..Enumerate$LT$I$GT$$u20$as$u20$core..iter..traits..iterator..Iterator$GT$4next17hb03ce595b596101aE,str x9  [sp  #0x68],0
5.00,2,/home/ubuntu/rocksdb/memory/arena.cc,139,"    result = AllocateFallback(bytes, true /* aligned */);",_ZN7rocksdb5Arena15AllocateAlignedEmmPNS_6LoggerE,ldr x0  [x0  #0xba8],0
10.00,1,(null),0,(null),(null),(null),0
10.00,1,(null),0,(null),(null),(null),0
10.00,1,(null),0,(null),(null),(null),0
10.00,1,(null),0,(null),(null),(null),0
5.00,2,(null),0,(null),(null),(null),0
5.00,2,(null),0,(null),(null),(null),0
5.00,2,(null),0,(null),(null),(null),0
5.00,2,(null),0,(null),(null),(null),0
5.00,2,(null),0,(null),(null),(null),0
5.00,2,(null),0,(null),(null),(null),0
5.00,2,(null),0,(null),(null),(null),0
5.00,2,src/hotline/hotline.c,369,(null),process_software_buffer_up_to_ts,str x25  [x22  #0x70],0
10.00,1,/home/ubuntu/.rustup/toolchains/stable-aarch64-unknown-linux-gnu/lib/rustlib/src/rust/library/core/src/iter/adapters/enumerate.rs,82,(null),_ZN110_$LT$core..iter..adapters..enumerate..Enumerate$LT$I$GT$$u20$as$u20$core..iter..traits..iterator..Iterator$GT$4next17h6ae4d4bb8211729aE,ldr x8  [x8  #0x10],0
10.00,1,src/hotline/btree.c,794,(null),btree_get,ldr x0  [x2],0
10.00,1,src/hotline/fname_map.c,172,(null),update_filename_cached_entry,ldr x2  [x1  #0x10],0
5.00,2,/home/ubuntu/rocksdb/memory/arena.cc,145,"char* Arena::AllocateNewBlock(size_t block_bytes) {",_ZN7rocksdb5Arena16AllocateNewBlockEm,stp x19  x20  [sp  #0x10],0
10.00,1,(null),0,(null),(null),(null),0
10.00,1,src/hotline/lat_map.c,72,(null),parse_and_insert_lat_entry,stp q0  q0  [x20  #0x20],0
10.00,1,src/hotline/lat_map.c,72,(null),parse_and_insert_lat_entry,stp q0  q0  [x20  #0x60],0
10.00,1,src/hotline/btree.c,452,(null),btree_search,stp x27  x28  [sp  #0x50],0
10.00,1,/home/ubuntu/.rustup/toolchains/stable-aarch64-unknown-linux-gnu/lib/rustlib/src/rust/library/alloc/src/raw_vec/mod.rs,527,(null),_ZN5alloc7raw_vec20RawVecInner$LT$A$GT$14current_memory17hbf8969f73d2da585E,str x8  [sp  #0x68],0
10.00,1,/home/ubuntu/.rustup/toolchains/stable-aarch64-unknown-linux-gnu/lib/rustlib/src/rust/library/core/src/alloc/layout.rs,149,(null),_ZN63_$LT$alloc..alloc..Global$u20$as$u20$core..alloc..Allocator$GT$10deallocate17h0f45ec0612148410E,str x8  [sp  #8],0
10.00,1,???,0,???,_ZNSt8__detail17__regex_algo_implIN9__gnu_cxx17__normal_iteratorIPKcNSt7__cxx1112basic_stringIcSt11char_traitsIcESaIcEEEEESaINS5_9sub_matchISB_EEEcNS5_12regex_traitsIcEELNS_20_RegexExecutorPolicyE0ELb1EEEbT_SI_RNS5_13match_resultsISI_T0_EERKNS5_11basic_regexIT1_T2_EENSt15regex_constants15match_flag_typeE,str xzr  [x0],0
4.50,2,(null),0,(null),(null),(null),0
4.50,2,(null),0,(null),(null),(null),0
4.50,2,(null),0,(null),(null),(null),0
4.50,2,/home/ubuntu/rocksdb/memory/arena.cc,93,"}",_ZN7rocksdb5Arena16AllocateFallbackEmb,ldp x29  x30  [sp]  #0x40,0
9.00,1,???,0,???,_Z31adjust_reserved_memory_for_mmapPcm,b.ls #0xfb4e80,0
9.00,1,/home/ubuntu/.rustup/toolchains/stable-aarch64-unknown-linux-gnu/lib/rustlib/src/rust/library/alloc/src/alloc.rs,0,(null),_ZN63_$LT$alloc..alloc..Global$u20$as$u20$core..alloc..Allocator$GT$10deallocate17h0f45ec0612148410E,ldr x0  [sp],0
4.50,2,(null),0,(null),(null),(null),0
4.50,2,(null),0,(null),(null),(null),0
4.50,2,(null),0,(null),(null),(null),0
4.50,2,(null),0,(null),(null),(null),0
4.50,2,src/hotline/hotline.c,326,(null),process_aux_buffer_record,ldr x2  [sp  #0x48],0
4.50,2,(null),0,(null),(null),(null),0
9.00,1,src/hotline/btree.c,460,(null),btree_search,ldp x19  x20  [sp  #0x10],0
9.00,1,(null),0,(null),(null),(null),0
9.00,1,(null),0,(null),(null),(null),0
4.50,2,(null),0,(null),(null),(null),0
4.50,2,(null),0,(null),(null),(null),0
4.50,2,(null),0,(null),(null),(null),0
4.50,2,(null),0,(null),(null),(null),0
9.00,1,(null),0,(null),(null),(null),0
9.00,1,src/hotline/btree.c,528,(null),btree_node_set,ldr x2  [x1],0
9.00,1,(null),0,(null),(null),(null),0
9.00,1,/usr/include/c++/11/bits/basic_string.h,459,"      { _M_construct(__str._M_data(), __str._M_data() + __str.length()); }",_ZNSt10_HashtableINSt7__cxx1112basic_stringIcSt11char_traitsIcESaIcEEESt4pairIKS5_N7rocksdb14OptionTypeInfoEESaISA_ENSt8__detail10_Select1stESt8equal_toIS5_ESt4hashIS5_ENSC_18_Mod_range_hashingENSC_20_Default_ranged_hashENSC_20_Prime_rehash_policyENSC_17_Hashtable_traitsILb1ELb0ELb1EEEEC2IPKSA_EET_SR_mRKSH_RKSF_RKSB_St17integral_constantIbLb1EE,ldp x1  x2  [x20],0
9.00,1,/usr/include/c++/11/bits/basic_string.h,540,"      }",_ZNSt7__cxx1112basic_stringIcSt11char_traitsIcESaIcEEC2IS3_EEPKcRKS3_.constprop.0,ldr x1  [x0],0
4.50,2,(null),0,(null),(null),(null),0
9.00,1,(null),0,(null),(null),(null),0
9.00,1,(null),0,(null),(null),(null),0
9.00,1,(null),0,(null),(null),(null),0
9.00,1,(null),0,(null),(null),(null),0
4.50,2,(null),0,(null),(null),(null),0
9.00,1,(null),0,(null),(null),(null),0
9.00,1,(null),0,(null),(null),(null),0
9.00,1,(null),0,(null),(null),(null),0
4.50,2,(null),0,(null),(null),(null),0
4.50,2,(null),0,(null),(null),(null),0
4.50,2,(null),0,(null),(null),(null),0
4.50,2,(null),0,(null),(null),(null),0
4.50,2,(null),0,(null),(null),(null),0
4.50,2,(null),0,(null),(null),(null),0
4.50,2,src/hotline/hotline.c,331,(null),process_software_buffer_up_to_ts,stp x29  x30  [sp  #-0x50]!,0
4.50,2,src/hotline/lat_map.c,87,(null),parse_and_insert_lat_entry,stp x4  x5  [sp  #0x100],0
9.00,1,src/hotline/fname_map.c,211,(null),va_to_file_offset,ldr w0  [x22],0
4.50,2,/home/ubuntu/.rustup/toolchains/stable-aarch64-unknown-linux-gnu/lib/rustlib/src/rust/library/alloc/src/raw_vec/mod.rs,755,(null),_ZN5alloc7raw_vec20RawVecInner$LT$A$GT$10deallocate17hc5fd01f479b42647E,str x1  [sp  #0x38],0
4.50,2,/home/ubuntu/rocksdb/memory/arena.cc,63,"char* Arena::AllocateFallback(size_t bytes, bool aligned) {",_ZN7rocksdb5Arena16AllocateFallbackEmb,stp x19  x20  [sp  #0x10],0
9.00,1,/home/ubuntu/rocksdb/memory/arena.cc,139,"    result = AllocateFallback(bytes, true /* aligned */);",_ZN7rocksdb5Arena15AllocateAlignedEmmPNS_6LoggerE,ldr x1  [x0],0
9.00,1,(null),0,(null),(null),(null),0
9.00,1,(null),0,(null),(null),(null),0
9.00,1,(null),0,(null),(null),(null),0
9.00,1,(null),0,(null),(null),(null),0
9.00,1,(null),0,(null),(null),(null),0
9.00,1,(null),0,(null),(null),(null),0
9.00,1,(null),0,(null),(null),(null),0
9.00,1,/home/ubuntu/.rustup/toolchains/stable-aarch64-unknown-linux-gnu/lib/rustlib/src/rust/library/alloc/src/slice.rs,429,(null),_ZN87_$LT$T$u20$as$u20$alloc..slice..$LT$impl$u20$$u5b$T$u5d$$GT$..to_vec_in..ConvertVec$GT$6to_vec17hd6e6d577671e6c0fE,str x8  [sp  #0x2c8],0
9.00,1,src/data/kernel_config.rs,21,(null),_ZN72_$LT$aperf..data..kernel_config..Entry$u20$as$u20$core..clone..Clone$GT$5clone17h02ea93e74aba5c1cE,str x0  [sp  #0x20],0
9.00,1,src/hotline/btree.c,452,(null),btree_search,stp x25  x26  [sp  #0x40],0
9.00,1,src/hotline/fname_map.c,172,(null),update_filename_cached_entry,str x0  [x1  #0x10],0
9.00,1,src/hotline/fname_map.c,206,(null),va_to_file_offset,stp x19  x20  [sp  #0x10],0
9.00,1,/home/ubuntu/.rustup/toolchains/stable-aarch64-unknown-linux-gnu/lib/rustlib/src/rust/library/core/src/str/pattern.rs,1458,(null),_ZN4core3str7pattern14TwoWaySearcher4next17hf961b09983fff97cE,str x8  [sp  #0x80],0
9.00,1,/home/ubuntu/.rustup/toolchains/stable-aarch64-unknown-linux-gnu/lib/rustlib/src/rust/library/core/src/ub_checks.rs,66,(null),_ZN4core5alloc6layout6Layout25from_size_align_unchecked18precondition_check17h9c887e8b84d39a88E,str x1  [sp  #0x18],0
9.00,1,/home/ubuntu/.rustup/toolchains/stable-aarch64-unknown-linux-gnu/lib/rustlib/src/rust/library/alloc/src/raw_vec/mod.rs,537,(null),_ZN5alloc7raw_vec20RawVecInner$LT$A$GT$14current_memory17hbf8969f73d2da585E,str x11  [sp  #0x48],0
9.00,1,/home/ubuntu/rocksdb/memory/arena.cc,86,"    unaligned_alloc_ptr_ = block_head + size;",_ZN7rocksdb5Arena16AllocateFallbackEmb,str x21  [x19  #0x8c0],0
9.00,1,/home/ubuntu/rocksdb/memory/arena.cc,85,"    aligned_alloc_ptr_ = block_head + bytes;",_ZN7rocksdb5Arena16AllocateFallbackEmb,str x20  [x19  #0x8c8],0
9.00,1,???,0,???,???,???,0
4.00,2,(null),0,(null),(null),(null),0
4.00,2,(null),0,(null),(null),(null),0
4.00,2,(null),0,(null),(null),(null),0
4.00,2,(null),0,(null),(null),(null),0
4.00,2,(null),0,(null),(null),(null),0
4.00,2,(null),0,(null),(null),(null),0
4.00,2,(null),0,(null),(null),(null),0
8.00,1,/home/ubuntu/.rustup/toolchains/stable-aarch64-unknown-linux-gnu/lib/rustlib/src/rust/library/alloc/src/raw_vec/mod.rs,755,(null),_ZN5alloc7raw_vec20RawVecInner$LT$A$GT$10deallocate17hc5fd01f479b42647E,ldr x8  [sp  #0x10],0
4.00,2,/home/ubuntu/rocksdb/memory/arena.cc,163,"  blocks_memory_ += allocated_size;",_ZN7rocksdb5Arena16AllocateNewBlockEm,ldr x2  [x19  #0x8e0],0
4.00,2,(null),0,(null),(null),(null),0
8.00,1,src/hotline/btree.c,542,(null),btree_set0,ldp x27  x28  [sp  #0x50],0
8.00,1,library/core/src/alloc/layout.rs,84,(null),_ZN4core5alloc6layout6Layout19is_size_align_valid17h5bc71f3ecbda7178E,ldp x29  x30  [sp]  #0x10,0
4.00,2,(null),0,(null),(null),(null),0
4.00,2,src/hotline/btree.c,605,(null),btree_get,ldr x25  [sp  #0x40],0
8.00,1,/home/ubuntu/.rustup/toolchains/stable-aarch64-unknown-linux-gnu/lib/rustlib/src/rust/library/alloc/src/raw_vec/mod.rs,760,(null),_ZN5alloc7raw_vec20RawVecInner$LT$A$GT$10deallocate17hc5fd01f479b42647E,ldr x30  [sp  #0x50],0
4.00,2,/home/ubuntu/rocksdb/memory/arena.cc,93,"}",_ZN7rocksdb5Arena16AllocateFallbackEmb,ldr x23  [sp  #0x30],0
4.00,2,(null),0,(null),(null),(null),0
8.00,1,???,0,???,???,???,0
8.00,1,/usr/include/c++/11/bits/deque.tcc,168,"	    != this->_M_impl._M_finish._M_last - 1)",_ZN7rocksdb5Arena16AllocateNewBlockEm,ldr x0  [x21  #0x40],0
4.00,2,(null),0,(null),(null),(null),0
4.00,2,(null),0,(null),(null),(null),0
4.00,2,src/hotline/lat_map.c,35,(null),lat_map_compare,ldr w3  [x1],0
8.00,1,/usr/include/c++/11/bits/basic_string.h,540,"      }",_ZNSt7__cxx1112basic_stringIcSt11char_traitsIcESaIcEEC2IS3_EEPKcRKS3_.constprop.0,ldp x21  x22  [sp  #0x20],0
4.00,2,/home/ubuntu/rocksdb/memory/arena.cc,139,"    result = AllocateFallback(bytes, true /* aligned */);",_ZN7rocksdb5Arena15AllocateAlignedEmmPNS_6LoggerE,ldr x2  [sp  #0x58],0
4.00,2,/home/ubuntu/rocksdb/memory/arena.cc,143,"}",_ZN7rocksdb5Arena15AllocateAlignedEmmPNS_6LoggerE,ldp x29  x30  [sp]  #0x60,0
8.00,1,(null),0,(null),(null),(null),0
8.00,1,(null),0,(null),(null),(null),0
8.00,1,src/hotline/bmiss_map.c,82,(null),parse_and_insert_bmiss_entry,ldp x7  x6  [x0  #0x20],0
8.00,1,src/hotline/btree.c,794,(null),btree_get,ldr x2  [x2  #0xce0],0
8.00,1,(null),0,(null),(null),(null),0
8.00,1,src/hotline/fname_map.c,234,(null),va_to_file_offset,ldp x23  x24  [sp  #0x30],0
8.00,1,(null),0,(null),(null),(null),0
4.00,2,(null),0,(null),(null),(null),0
8.00,1,(null),0,(null),(null),(null),0
8.00,1,(null),0,(null),(null),(null),0
8.00,1,(null),0,(null),(null),(null),0
4.00,2,(null),0,(null),(null),(null),0
8.00,1,(null),0,(null),(null),(null),0
8.00,1,(null),0,(null),(null),(null),0
8.00,1,(null),0,(null),(null),(null),0
8.00,1,(null),0,(null),(null),(null),0
8.00,1,(null),0,(null),(null),(null),0
8.00,1,(null),0,(null),(null),(null),0
8.00,1,(null),0,(null),(null),(null),0
8.00,1,(null),0,(null),(null),(null),0
4.00,2,(null),0,(null),(null),(null),0
4.00,2,(null),0,(null),(null),(null),0
4.00,2,(null),0,(null),(null),(null),0
4.00,2,(null),0,(null),(null),(null),0
4.00,2,(null),0,(null),(null),(null),0
4.00,2,(null),0,(null),(null),(null),0
4.00,2,(null),0,(null),(null),(null),0
4.00,2,(null),0,(null),(null),(null),0
4.00,2,(null),0,(null),(null),(null),0
4.00,2,(null),0,(null),(null),(null),0
4.00,2,(null),0,(null),(null),(null),0
8.00,1,(null),0,(null),(null),(null),0
8.00,1,src/hotline/bmiss_map.c,23,(null),bmiss_map_compare,ldr x0  [x1  #8],0
8.00,1,src/hotline/bmiss_map.c,137,(null),parse_and_insert_bmiss_entry,ldr x21  [sp  #0x20],0
8.00,1,src/hotline/btree.c,499,(null),btree_node_set,ldrb w0  [x19  #4],0
8.00,1,src/hotline/fname_map.c,162,(null),get_filename_cached_entry,ldr x0  [x1  #0xe58],0
8.00,1,src/hotline/fname_map.c,206,(null),va_to_file_offset,ldr x2  [x4],0
4.00,2,/home/ubuntu/rocksdb/memory/arena.cc,145,"char* Arena::AllocateNewBlock(size_t block_bytes) {",_ZN7rocksdb5Arena16AllocateNewBlockEm,stp x21  x22  [sp  #0x20],0
4.00,2,/home/ubuntu/rocksdb/memory/arena.cc,74,"  if (MemMapping::kHugePageSupported && hugetlb_size_ > 0) {",_ZN7rocksdb5Arena16AllocateFallbackEmb,str x23  [sp  #0x30],0
8.00,1,/usr/include/c++/11/bits/basic_string.h,533,"      basic_string(const _CharT* __s, const _Alloc& __a = _Alloc())",_ZNSt7__cxx1112basic_stringIcSt11char_traitsIcESaIcEEC2IS3_EEPKcRKS3_.constprop.0,ldr x2  [x2  #0xba8],0
8.00,1,???,0,???,???,???,0
8.00,1,???,0,???,_ZN4node9inspector12_GLOBAL__N_126SameThreadInspectorSession8DispatchERKN12v8_inspector10StringViewE,ldrb w0  [x19  #0x42],0
8.00,1,???,0,???,_ZN2v88internal4wasm16LiftoffAssembler18emit_i8x16_swizzleENS1_15LiftoffRegisterES3_S3_,mov x29  sp,0
8.00,1,???,0,???,_ZN2v88internal4wasm32TurboshaftGraphBuildingInterface9BinOpImplENS1_10WasmOpcodeENS0_8compiler10turboshaft7OpIndexES6_,bl #0x1a00020,0
8.00,1,(null),0,(null),(null),(null),0
8.00,1,(null),0,(null),(null),(null),0
8.00,1,(null),0,(null),(null),(null),0
8.00,1,(null),0,(null),(null),(null),0
8.00,1,(null),0,(null),(null),(null),0
8.00,1,/home/ubuntu/.rustup/toolchains/stable-aarch64-unknown-linux-gnu/lib/rustlib/src/rust/library/core/src/slice/iter/macros.rs,160,(null),_ZN91_$LT$core..slice..iter..Iter$LT$T$GT$$u20$as$u20$core..iter..traits..iterator..Iterator$GT$4next17h0af11cd34cd7fee9E,str x8  [sp  #0x20],0
8.00,1,src/hotline/lat_map.c,115,(null),parse_and_insert_lat_entry,stp x5  x1  [sp  #0x68],0
8.00,1,src/hotline/lat_map.c,117,(null),parse_and_insert_lat_entry,str d1  [sp  #0x30],0
8.00,1,src/hotline/lat_map.c,82,(null),parse_and_insert_lat_entry,stp q0  q0  [x1  #0xa0],0
8.00,1,src/hotline/bmiss_map.c,66,(null),parse_and_insert_bmiss_entry,stp q0  q0  [x20  #0x20],0
8.00,1,/home/ubuntu/.rustup/toolchains/stable-aarch64-unknown-linux-gnu/lib/rustlib/src/rust/library/core/src/ptr/non_null.rs,391,(null),_ZN63_$LT$alloc..alloc..Global$u20$as$u20$core..alloc..Allocator$GT$10deallocate17h0f45ec0612148410E,str x8  [sp  #0x48],0
8.00,1,???,0,???,_ZN4node5http213Http2Settings4PackEPNS_11EnvironmentEmPK22nghttp2_settings_entry,stp x25  x26  [sp  #0x40],0
7.00,1,/home/ubuntu/.rustup/toolchains/stable-aarch64-unknown-linux-gnu/lib/rustlib/src/rust/library/core/src/iter/adapters/enumerate.rs,0,(null),_ZN110_$LT$core..iter..adapters..enumerate..Enumerate$LT$I$GT$$u20$as$u20$core..iter..traits..iterator..Iterator$GT$4next17h6ae4d4bb8211729aE,ldr x8  [sp],0
7.00,1,(null),0,(null),(null),(null),0
7.00,1,src/hotline/lat_map.c,171,(null),parse_and_insert_lat_entry,ldp x29  x30  [sp],0
7.00,1,src/hotline/lat_map.c,171,(null),parse_and_insert_lat_entry,ldr x21  [sp  #0x20],0
7.00,1,???,0,???,???,???,0
7.00,1,(null),0,(null),(null),(null),0
7.00,1,/usr/include/c++/11/bits/basic_string.tcc,206,"      basic_string<_CharT, _Traits, _Alloc>::",_ZNSt7__cxx1112basic_stringIcSt11char_traitsIcESaIcEE12_M_constructIPcEEvT_S7_St20forward_iterator_tag.isra.0,ldr x3  [x3  #0xba8],0
7.00,1,(null),0,(null),(null),(null),0
7.00,1,/home/ubuntu/.rustup/toolchains/stable-aarch64-unknown-linux-gnu/lib/rustlib/src/rust/library/core/src/intrinsics/mod.rs,3186,(null),_ZN4core9ub_checks23maybe_is_nonoverlapping7runtime17h386d01054c725cdaE,ldr x30  [sp  #0x80],0
7.00,1,/usr/include/c++/11/bits/basic_string.h,540,"      }",_ZNSt7__cxx1112basic_stringIcSt11char_traitsIcESaIcEEC2IS3_EEPKcRKS3_.constprop.0,ldp x19  x20  [sp  #0x10],0
7.00,1,(null),0,(null),(null),(null),0
7.00,1,(null),0,(null),(null),(null),0
7.00,1,(null),0,(null),(null),(null),0
7.00,1,(null),0,(null),(null),(null),0
7.00,1,(null),0,(null),(null),(null),0
7.00,1,(null),0,(null),(null),(null),0
7.00,1,(null),0,(null),(null),(null),0
7.00,1,(null),0,(null),(null),(null),0
7.00,1,(null),0,(null),(null),(null),0
7.00,1,(null),0,(null),(null),(null),0
7.00,1,(null),0,(null),(null),(null),0
7.00,1,(null),0,(null),(null),(null),0
7.00,1,(null),0,(null),(null),(null),0
7.00,1,/home/ubuntu/.rustup/toolchains/stable-aarch64-unknown-linux-gnu/lib/rustlib/src/rust/library/core/src/mem/maybe_uninit.rs,308,(null),_ZN87_$LT$T$u20$as$u20$alloc..slice..$LT$impl$u20$$u5b$T$u5d$$GT$..to_vec_in..ConvertVec$GT$6to_vec17hd6e6d577671e6c0fE,ldr x0  [sp  #0x18],0
7.00,1,src/hotline/lat_map.c,74,(null),parse_and_insert_lat_entry,ldr x0  [x21  #0xc18],0
7.00,1,src/hotline/bmiss_map.c,47,(null),bmiss_map_compare,ldr x0  [x1  #0x10],0
7.00,1,src/hotline/btree.c,197,(null),btree_search,ldurh w1  [x1  #5],0
7.00,1,src/hotline/btree.c,492,(null),btree_node_set,ldr x6  [x6  #0xce0],0
7.00,1,src/hotline/fname_map.c,234,(null),va_to_file_offset,ldr x0  [x0  #0xce0],0
7.00,1,???,0,???,Builtins_ElementsTransitionAndStore_InBounds,str x4  [sp  #0x50],0
7.00,1,(null),0,(null),(null),(null),0
7.00,1,(null),0,(null),(null),(null),0
7.00,1,(null),0,(null),(null),(null),0
7.00,1,(null),0,(null),(null),(null),0
7.00,1,(null),0,(null),(null),(null),0
7.00,1,(null),0,(null),(null),(null),0
7.00,1,(null),0,(null),(null),(null),0
7.00,1,(null),0,(null),(null),(null),0
7.00,1,(null),0,(null),(null),(null),0
7.00,1,(null),0,(null),(null),(null),0
7.00,1,(null),0,(null),(null),(null),0
7.00,1,(null),0,(null),(null),(null),0
7.00,1,(null),0,(null),(null),(null),0
7.00,1,/home/ubuntu/.rustup/toolchains/stable-aarch64-unknown-linux-gnu/lib/rustlib/src/rust/library/alloc/src/vec/mod.rs,1696,(null),_ZN5alloc6string6String6as_str17ha5827d56482b6e5eE,str x8  [sp  #0x20],0
7.00,1,src/hotline/lat_map.c,166,(null),parse_and_insert_lat_entry,stp q0  q0  [x19  #0x60],0
7.00,1,src/hotline/lat_map.c,166,(null),parse_and_insert_lat_entry,stp q0  q0  [x19  #0xa0],0
7.00,1,src/hotline/lat_map.c,82,(null),parse_and_insert_lat_entry,str xzr  [x1  #0xc0],0
7.00,1,/home/ubuntu/.rustup/toolchains/stable-aarch64-unknown-linux-gnu/lib/rustlib/src/rust/library/core/src/option.rs,2516,(null),_ZN110_$LT$core..iter..adapters..enumerate..Enumerate$LT$I$GT$$u20$as$u20$core..iter..traits..iterator..Iterator$GT$4next17h6ae4d4bb8211729aE,str x9  [sp  #0x30],0
7.00,1,src/hotline/bmiss_map.c,123,(null),parse_and_insert_bmiss_entry,strb w0  [sp  #0x80],0
7.00,1,src/hotline/bmiss_map.c,87,(null),parse_and_insert_bmiss_entry,strb w9  [sp  #0x130],0
7.00,1,src/hotline/btree.c,492,(null),btree_node_set,stp x29  x30  [sp  #-0x90]!,0
7.00,1,src/hotline/btree.c,492,(null),btree_node_set,stp x19  x20  [sp  #0x10],0
7.00,1,src/hotline/btree.c,457,(null),btree_get,str x25  [sp  #0x40],0
7.00,1,src/hotline/fname_map.c,206,(null),va_to_file_offset,stp x23  x24  [sp  #0x30],0
7.00,1,/home/ubuntu/.rustup/toolchains/stable-aarch64-unknown-linux-gnu/lib/rustlib/src/rust/library/alloc/src/raw_vec/mod.rs,754,(null),_ZN5alloc7raw_vec20RawVecInner$LT$A$GT$10deallocate17hc5fd01f479b42647E,str x2  [sp  #0x30],0
7.00,1,/home/ubuntu/.rustup/toolchains/stable-aarch64-unknown-linux-gnu/lib/rustlib/src/rust/library/core/src/alloc/layout.rs,140,(null),_ZN5alloc7raw_vec20RawVecInner$LT$A$GT$14current_memory17hbf8969f73d2da585E,str x10  [sp  #0xa8],0
7.00,1,/home/ubuntu/.rustup/toolchains/stable-aarch64-unknown-linux-gnu/lib/rustlib/src/rust/library/core/src/slice/index.rs,559,(null),_ZN110_$LT$core..ops..range..RangeFrom$LT$usize$GT$$u20$as$u20$core..slice..index..SliceIndex$LT$$u5b$T$u5d$$GT$$GT$5index17h22af871b04c93567E,str x2  [sp  #0x30],0
7.00,1,/home/ubuntu/.rustup/toolchains/stable-aarch64-unknown-linux-gnu/lib/rustlib/src/rust/library/core/src/ub_checks.rs,119,(null),_ZN4core5slice3raw14from_raw_parts18precondition_check17h44b94419b37e7a64E,strb wzr  [sp  #0x86],0
7.00,1,???,0,???,???,???,0
7.00,1,???,0,???,_ZN12v8_inspector14InjectedScript12ContextScope18findInjectedScriptEPNS_22V8InspectorSessionImplE,bl #0x182ab40,0
6.00,1,(null),0,(null),(null),(null),0
6.00,1,src/hotline/lat_map.c,62,(null),parse_and_insert_lat_entry,ldp q6  q7  [x7],0
6.00,1,src/hotline/hotline.c,306,(null),process_aux_buffer_record,ldr x0  [sp  #0x20],0
6.00,1,(null),0,(null),(null),(null),0
6.00,1,(null),0,(null),(null),(null),0
6.00,1,src/hotline/bmiss_map.c,78,(null),parse_and_insert_bmiss_entry,ldp x2  x3  [x0],0
6.00,1,(null),0,(null),(null),(null),0
6.00,1,src/hotline/hotline.c,326,(null),process_aux_buffer_record,ldp x19  x20  [sp  #0x10],0
6.00,1,src/hotline/hotline.c,344,(null),process_software_buffer_up_to_ts,ldr x26  [x22  #0x80],0
6.00,1,(null),0,(null),(null),(null),0
6.00,1,src/hotline/lat_map.c,91,(null),parse_and_insert_lat_entry,ldp x5  x4  [x0  #0x20],0
6.00,1,src/hotline/btree.c,528,(null),btree_node_set,ldp x29  x30  [sp]  #0x90,0
6.00,1,(null),0,(null),(null),(null),0
6.00,1,(null),0,(null),(null),(null),0
6.00,1,/usr/include/c++/11/bits/deque.tcc,173,"	    ++this->_M_impl._M_finish._M_cur;",_ZN7rocksdb5Arena16AllocateNewBlockEm,str x1  [x21  #0x30],0
6.00,1,/home/ubuntu/rocksdb/memory/arena.cc,93,"}",_ZN7rocksdb5Arena16AllocateFallbackEmb,ldp x29  x30  [sp]  #0x40,0
6.00,1,src/hotline/lat_map.c,62,(null),parse_and_insert_lat_entry,ldp q20  q21  [x9  #0x20],0
6.00,1,(null),0,(null),(null),(null),0
6.00,1,(null),0,(null),(null),(null),0
6.00,1,(null),0,(null),(null),(null),0
6.00,1,(null),0,(null),(null),(null),0
6.00,1,(null),0,(null),(null),(null),0
6.00,1,(null),0,(null),(null),(null),0
6.00,1,(null),0,(null),(null),(null),0
6.00,1,(null),0,(null),(null),(null),0
6.00,1,(null),0,(null),(null),(null),0
6.00,1,(null),0,(null),(null),(null),0
6.00,1,(null),0,(null),(null),(null),0
6.00,1,src/hotline/lat_map.c,46,(null),lat_map_compare,ldr x2  [x2  #0x10],0
6.00,1,src/hotline/btree.c,453,(null),btree_search,ldr x5  [x0  #0x20],0
6.00,1,src/hotline/btree.c,126,(null),btree_node_set,ldr x22  [x24  #0x68],0
6.00,1,/usr/include/c++/11/bits/basic_string.h,219,"      { _M_allocated_capacity = __capacity; }",_ZNSt7__cxx1112basic_stringIcSt11char_traitsIcESaIcEEC2IS3_EEPKcRKS3_.constprop.0,ldr x1  [sp  #0x30],0
6.00,1,/home/ubuntu/rocksdb/memory/arena.cc,164,"  if (tracker_ != nullptr) {",_ZN7rocksdb5Arena16AllocateNewBlockEm,ldr x0  [x19  #0x8e8],0
6.00,1,???,0,???,???,???,0
6.00,1,???,0,???,???,???,0
6.00,1,???,0,???,_ZN2v88internal4wasm12BuildTSGraphEPNS0_19AccountingAllocatorEPNS1_14CompilationEnvEPNS1_12WasmFeaturesERNS0_8compiler10turboshaft5GraphERKNS1_12FunctionBodyEPKNS1_16WireBytesStorageEPNS1_18AssumptionsJournalEPNS0_10ZoneVectorINS0_20WasmInliningPositionEEEi,movi d1  #0x000000ffffffff,0
6.00,1,???,0,???,_ZN2v88internal4wasm7fuzzing24GenerateRandomWasmModuleILNS2_27WasmModuleGenerationOptionsE0EEENS_4base6VectorIhEEPNS0_4ZoneENS6_IKhEE,add x26  sp  #0xd0,0
6.00,1,???,0,???,_ZN2v88internal25RegExpMacroAssemblerARM6412CheckAtStartEiPNS0_5LabelE,ldr x2  [x21  #0x10],0
6.00,1,(null),0,(null),(null),(null),0
6.00,1,(null),0,(null),(null),(null),0
6.00,1,(null),0,(null),(null),(null),0
6.00,1,(null),0,(null),(null),(null),0
6.00,1,(null),0,(null),(null),(null),0
6.00,1,(null),0,(null),(null),(null),0
6.00,1,(null),0,(null),(null),(null),0
6.00,1,(null),0,(null),(null),(null),0
6.00,1,(null),0,(null),(null),(null),0
6.00,1,(null),0,(null),(null),(null),0
6.00,1,/home/ubuntu/.rustup/toolchains/stable-aarch64-unknown-linux-gnu/lib/rustlib/src/rust/library/core/src/num/uint_macros.rs,795,(null),_ZN91_$LT$core..slice..iter..Iter$LT$T$GT$$u20$as$u20$core..iter..traits..iterator..Iterator$GT$4next17h0af11cd34cd7fee9E,str x8  [sp  #0x40],0
6.00,1,src/hotline/lat_map.c,165,(null),parse_and_insert_lat_entry,str x21  [sp  #0x20],0
6.00,1,src/hotline/bmiss_map.c,132,(null),parse_and_insert_bmiss_entry,stp q0  q0  [x19  #0x20],0
6.00,1,src/hotline/bmiss_map.c,107,(null),parse_and_insert_bmiss_entry,stp x1  x3  [sp  #0x60],0
6.00,1,src/hotline/btree.c,597,(null),btree_get,stp x19  x20  [sp  #0x10],0
6.00,1,/home/ubuntu/.rustup/toolchains/stable-aarch64-unknown-linux-gnu/lib/rustlib/src/rust/library/alloc/src/alloc.rs,260,(null),_ZN63_$LT$alloc..alloc..Global$u20$as$u20$core..alloc..Allocator$GT$10deallocate17h0f45ec0612148410E,str x2  [sp  #0x10],0
6.00,1,/home/ubuntu/.rustup/toolchains/stable-aarch64-unknown-linux-gnu/lib/rustlib/src/rust/library/alloc/src/alloc.rs,260,(null),_ZN63_$LT$alloc..alloc..Global$u20$as$u20$core..alloc..Allocator$GT$10deallocate17h0f45ec0612148410E,str x3  [sp  #0x18],0
6.00,1,/home/ubuntu/.rustup/toolchains/stable-aarch64-unknown-linux-gnu/lib/rustlib/src/rust/library/alloc/src/alloc.rs,270,(null),_ZN63_$LT$alloc..alloc..Global$u20$as$u20$core..alloc..Allocator$GT$10deallocate17h0f45ec0612148410E,str x10  [sp  #0x20],0
6.00,1,/home/ubuntu/.rustup/toolchains/stable-aarch64-unknown-linux-gnu/lib/rustlib/src/rust/library/core/src/char/methods.rs,1807,(null),_ZN4core4char7methods15encode_utf8_raw17h7d4298daf30f20a5E,str w0  [sp  #0x2c],0
6.00,1,/home/ubuntu/.rustup/toolchains/stable-aarch64-unknown-linux-gnu/lib/rustlib/src/rust/library/core/src/str/pattern.rs,436,(null),_ZN81_$LT$core..str..pattern..CharSearcher$u20$as$u20$core..str..pattern..Searcher$GT$10next_match17h9fa9f2bf41d24ba5E,str x10  [sp  #0x78],0
6.00,1,(null),0,(null),(null),(null),0
6.00,1,/home/ubuntu/rocksdb/memory/arena.cc,63,"char* Arena::AllocateFallback(size_t bytes, bool aligned) {",_ZN7rocksdb5Arena16AllocateFallbackEmb,stp x21  x22  [sp  #0x20],0
6.00,1,???,0,???,???,???,0
6.00,1,???,0,???,_ZN4edgeL19get_container_partsEPKNS_6symbolERSt6vectorISt4pairINSt7__cxx1112basic_stringIcSt11char_traitsIcESaIcEEENS_16container_type_eEESaISC_EERS3_ISA_SaISA_EE,ldr x1  [sp  #0xa0],0
6.00,1,???,0,???,Builtins_ElementsTransitionAndStore_InBounds,ldur x10  [x26  #-0x38],0
6.00,1,???,0,???,HUF_readDTableX1_wksp,sub w3  w6  #1,0
5.00,1,(null),0,(null),(null),(null),0
5.00,1,(null),0,(null),(null),(null),0
5.00,1,(null),0,(null),(null),(null),0
5.00,1,(null),0,(null),(null),(null),0
5.00,1,/home/ubuntu/.rustup/toolchains/stable-aarch64-unknown-linux-gnu/lib/rustlib/src/rust/library/core/src/slice/iter/macros.rs,189,(null),_ZN91_$LT$core..slice..iter..Iter$LT$T$GT$$u20$as$u20$core..iter..traits..iterator..Iterator$GT$4next17h0af11cd34cd7fee9E,ldr x9  [sp  #0x20],0
5.00,1,???,0,???,???,???,0
5.00,1,(null),0,(null),(null),(null),0
5.00,1,src/hotline/lat_map.c,171,(null),parse_and_insert_lat_entry,ldr x0  [x0  #0xce0],0
5.00,1,(null),0,(null),(null),(null),0
5.00,1,library/std/src/sys/alloc/unix.rs,48,(null),_RNvCs691rhTbG0Ee_7___rustc13___rdl_dealloc,ldp x29  x30  [sp]  #0x10,0
5.00,1,(null),0,(null),(null),(null),0
5.00,1,(null),0,(null),(null),(null),0
5.00,1,(null),0,(null),(null),(null),0
5.00,1,/home/ubuntu/.rustup/toolchains/stable-aarch64-unknown-linux-gnu/lib/rustlib/src/rust/library/core/src/ub_checks.rs,159,(null),_ZN4core9ub_checks23maybe_is_nonoverlapping7runtime17h386d01054c725cdaE,ldr x10  [sp  #0x28],0
5.00,1,/home/ubuntu/.rustup/toolchains/stable-aarch64-unknown-linux-gnu/lib/rustlib/src/rust/library/alloc/src/vec/mod.rs,2447,(null),_ZN5alloc3vec16Vec$LT$T$C$A$GT$4push17h0675ca411feb6521E,ldr x9  [sp  #0x40],0
5.00,1,(null),0,(null),(null),(null),0
5.00,1,/home/ubuntu/.rustup/toolchains/stable-aarch64-unknown-linux-gnu/lib/rustlib/src/rust/library/core/src/iter/adapters/enumerate.rs,79,(null),_ZN110_$LT$core..iter..adapters..enumerate..Enumerate$LT$I$GT$$u20$as$u20$core..iter..traits..iterator..Iterator$GT$4next17h6ae4d4bb8211729aE,str x30  [sp  #0x80],0
5.00,1,/home/ubuntu/.rustup/toolchains/stable-aarch64-unknown-linux-gnu/lib/rustlib/src/rust/library/core/src/iter/adapters/enumerate.rs,0,(null),_ZN110_$LT$core..iter..adapters..enumerate..Enumerate$LT$I$GT$$u20$as$u20$core..iter..traits..iterator..Iterator$GT$4next17h6ae4d4bb8211729aE,ldr x10  [sp  #0x10],0
5.00,1,src/hotline/btree.c,593,(null),btree_set0,ldp x29  x30  [sp]  #0x70,0
5.00,1,(null),0,(null),(null),(null),0
5.00,1,(null),0,(null),(null),(null),0
5.00,1,(null),0,(null),(null),(null),0
5.00,1,src/hotline/hotline.c,326,(null),process_aux_buffer_record,ldp x29  x30  [sp]  #0x50,0
5.00,1,/home/ubuntu/rocksdb/memory/arena.cc,93,"}",_ZN7rocksdb5Arena16AllocateFallbackEmb,ldr x23  [sp  #0x30],0
5.00,1,???,0,???,???,???,0
5.00,1,(null),0,(null),(null),(null),0
5.00,1,/home/ubuntu/rocksdb/memory/arena.cc,143,"}",_ZN7rocksdb5Arena15AllocateAlignedEmmPNS_6LoggerE,ldp x19  x20  [sp  #0x10],0
5.00,1,???,0,???,_ZN2v88internal4wasm7fuzzing24GenerateRandomWasmModuleILNS2_27WasmModuleGenerationOptionsE0EEENS_4base6VectorIhEEPNS0_4ZoneENS6_IKhEE,ldr x2  [x3  x2],0
5.00,1,(null),0,(null),(null),(null),0
5.00,1,(null),0,(null),(null),(null),0
5.00,1,(null),0,(null),(null),(null),0
5.00,1,(null),0,(null),(null),(null),0
5.00,1,(null),0,(null),(null),(null),0
5.00,1,(null),0,(null),(null),(null),0
5.00,1,(null),0,(null),(null),(null),0
5.00,1,(null),0,(null),(null),(null),0
5.00,1,(null),0,(null),(null),(null),0
5.00,1,(null),0,(null),(null),(null),0
5.00,1,(null),0,(null),(null),(null),0
5.00,1,(null),0,(null),(null),(null),0
5.00,1,(null),0,(null),(null),(null),0
5.00,1,(null),0,(null),(null),(null),0
5.00,1,(null),0,(null),(null),(null),0
5.00,1,(null),0,(null),(null),(null),0
5.00,1,(null),0,(null),(null),(null),0
5.00,1,/home/ubuntu/.rustup/toolchains/stable-aarch64-unknown-linux-gnu/lib/rustlib/src/rust/library/alloc/src/string.rs,1028,(null),_ZN5alloc3str56_$LT$impl$u20$alloc..borrow..ToOwned$u20$for$u20$str$GT$8to_owned17hf08e0614461dc41aE,ldr x8  [sp  #0x20],0
5.00,1,src/hotline/lat_map.c,46,(null),lat_map_compare,ldr x0  [x1  #0x10],0
5.00,1,src/hotline/fname_map.c,162,(null),get_filename_cached_entry,ldr x0  [x1  #0xe58],0
5.00,1,src/hotline/fname_map.c,172,(null),update_filename_cached_entry,ldr x1  [x1  #0xe58],0
5.00,1,/home/ubuntu/.rustup/toolchains/stable-aarch64-unknown-linux-gnu/lib/rustlib/src/rust/library/alloc/src/raw_vec/mod.rs,0,(null),_ZN5alloc7raw_vec20RawVecInner$LT$A$GT$14current_memory17hbf8969f73d2da585E,ldr x8  [sp  #0x10],0
5.00,1,/home/ubuntu/.rustup/toolchains/stable-aarch64-unknown-linux-gnu/lib/rustlib/src/rust/library/core/src/ub_checks.rs,0,(null),_ZN5alloc6string6String3pop17hb32a87b2fd1a01b7E,ldr x3  [sp  #0x28],0
5.00,1,/home/ubuntu/rocksdb/memory/arena.cc,168,"}",_ZN7rocksdb5Arena16AllocateNewBlockEm,ldp x19  x20  [sp  #0x10],0
5.00,1,/usr/include/c++/11/bits/random.tcc,417,"      _UIntType __y = ((_M_x[__n - 1] & __upper_mask)",_ZNSt23mersenne_twister_engineImLm64ELm312ELm156ELm31ELm13043109905998158313ELm29ELm6148914691236517205ELm17ELm8202884508482404352ELm37ELm18444473444759240704ELm43ELm6364136223846793005EE11_M_gen_randEv,ldr x2  [x0  #0x9b8],0
5.00,1,???,0,???,_Z14copy_statementP11a_statementS0_,cbz x0  #0x881594,0
5.00,1,???,0,???,???,???,0
5.00,1,???,0,???,???,???,0
5.00,1,???,0,???,napi_throw_range_error,str x0  [x21  #0x18],0
5.00,1,???,0,???,_ZN12v8_inspector14InjectedScript22createExceptionDetailsEN2v85LocalINS1_7MessageEEENS2_INS1_5ValueEEERKNS_8String16EPN8v8_crdtp6detail8PtrMaybeINS_8protocol7Runtime16ExceptionDetailsEEE,bl #0x17df900,0
5.00,1,(null),0,(null),(null),(null),0
5.00,1,(null),0,(null),(null),(null),0
5.00,1,(null),0,(null),(null),(null),0
5.00,1,(null),0,(null),(null),(null),0
5.00,1,(null),0,(null),(null),(null),0
5.00,1,(null),0,(null),(null),(null),0
5.00,1,(null),0,(null),(null),(null),0
5.00,1,(null),0,(null),(null),(null),0
5.00,1,(null),0,(null),(null),(null),0
5.00,1,(null),0,(null),(null),(null),0
5.00,1,(null),0,(null),(null),(null),0
5.00,1,(null),0,(null),(null),(null),0
5.00,1,(null),0,(null),(null),(null),0
5.00,1,(null),0,(null),(null),(null),0
5.00,1,(null),0,(null),(null),(null),0
5.00,1,(null),0,(null),(null),(null),0
5.00,1,(null),0,(null),(null),(null),0
5.00,1,(null),0,(null),(null),(null),0
5.00,1,(null),0,(null),(null),(null),0
5.00,1,(null),0,(null),(null),(null),0
5.00,1,(null),0,(null),(null),(null),0
5.00,1,(null),0,(null),(null),(null),0
5.00,1,/home/ubuntu/.rustup/toolchains/stable-aarch64-unknown-linux-gnu/lib/rustlib/src/rust/library/alloc/src/slice.rs,431,(null),_ZN87_$LT$T$u20$as$u20$alloc..slice..$LT$impl$u20$$u5b$T$u5d$$GT$..to_vec_in..ConvertVec$GT$6to_vec17hd6e6d577671e6c0fE,str x8  [sp  #0x18],0
5.00,1,/home/ubuntu/.rustup/toolchains/stable-aarch64-unknown-linux-gnu/lib/rustlib/src/rust/library/core/src/result.rs,881,(null),_ZN4core6result19Result$LT$T$C$E$GT$7map_err17h513c113290dc259fE,str x0  [sp],0
5.00,1,src/hotline/lat_map.c,166,(null),parse_and_insert_lat_entry,str xzr  [x19  #0xc0],0
5.00,1,src/hotline/lat_map.c,72,(null),parse_and_insert_lat_entry,stp q0  q0  [x20  #0x40],0
5.00,1,src/hotline/bmiss_map.c,132,(null),parse_and_insert_bmiss_entry,str xzr  [x19  #0x50],0
5.00,1,src/hotline/bmiss_map.c,78,(null),parse_and_insert_bmiss_entry,stp x2  x3  [sp  #0xe0],0
5.00,1,src/hotline/bmiss_map.c,78,(null),parse_and_insert_bmiss_entry,str x8  [x1  #0x10],0
5.00,1,src/hotline/btree.c,794,(null),btree_get,stp x21  x22  [sp  #0x20],0
5.00,1,src/hotline/fname_map.c,225,(null),va_to_file_offset,stp x2  x0  [x23  #8],0
5.00,1,/home/ubuntu/.rustup/toolchains/stable-aarch64-unknown-linux-gnu/lib/rustlib/src/rust/library/alloc/src/alloc.rs,260,(null),_ZN63_$LT$alloc..alloc..Global$u20$as$u20$core..alloc..Allocator$GT$10deallocate17h0f45ec0612148410E,str x1  [sp],0
5.00,1,library/alloc/src/string.rs,2285,(null),_ZN60_$LT$alloc..string..String$u20$as$u20$core..clone..Clone$GT$5clone17hdfc886ea4ed0be6dE,stp x19  x22  [x20],0
5.00,1,(null),0,(null),(null),(null),0
5.00,1,???,0,???,_ZN4node5http27OriginsC1EPNS_11EnvironmentEN2v85LocalINS4_6StringEEEm,hint #0x1d,0
5.00,1,???,0,???,_ZN12v8_inspector8protocol8Debugger13LocationRangeD1Ev,cmp x0  x1,0
4.00,1,src/hotline/hotline.c,372,(null),process_software_buffer_up_to_ts,ldp x21  x22  [sp  #0x20],0
4.00,1,(null),0,(null),(null),(null),0
4.00,1,???,0,???,_ZN4node8profiler14StartProfilersEPNS_11EnvironmentE,str x3  [sp  #0xa8],0
4.00,1,(null),0,(null),(null),(null),0
4.00,1,/home/ubuntu/.cargo/registry/src/index.crates.io-1949cf8c6b5b557f/bincode-1.3.3/src/ser/mod.rs,218,(null),_ZN92_$LT$$RF$mut$u20$bincode..ser..Serializer$LT$W$C$O$GT$$u20$as$u20$serde..ser..Serializer$GT$25serialize_newtype_variant17h3bf1aadfa2635b2bE,ldr x0  [sp  #0x18],0
4.00,1,(null),0,(null),(null),(null),0
4.00,1,(null),0,(null),(null),(null),0
4.00,1,(null),0,(null),(null),(null),0
4.00,1,(null),0,(null),(null),(null),0
4.00,1,(null),0,(null),(null),(null),0
4.00,1,(null),0,(null),(null),(null),0
4.00,1,(null),0,(null),(null),(null),0
4.00,1,(null),0,(null),(null),(null),0
4.00,1,src/hotline/btree.c,460,(null),btree_search,ldp x29  x30  [sp]  #0x60,0
4.00,1,(null),0,(null),(null),(null),0
4.00,1,???,0,???,_ZN2v88internal4wasm32TurboshaftGraphBuildingInterface9BinOpImplENS1_10WasmOpcodeENS0_8compiler10turboshaft7OpIndexES6_,movz w24  #0,0
4.00,1,(null),0,(null),(null),(null),0
4.00,1,(null),0,(null),(null),(null),0
4.00,1,(null),0,(null),(null),(null),0
4.00,1,(null),0,(null),(null),(null),0
4.00,1,(null),0,(null),(null),(null),0
4.00,1,src/hotline/vec.c,55,(null),vector_size,ldp x29  x30  [sp]  #0x10,0
4.00,1,/home/ubuntu/.rustup/toolchains/stable-aarch64-unknown-linux-gnu/lib/rustlib/src/rust/library/alloc/src/alloc.rs,270,(null),_ZN63_$LT$alloc..alloc..Global$u20$as$u20$core..alloc..Allocator$GT$10deallocate17h0f45ec0612148410E,ldr x10  [sp  #0x10],0
4.00,1,(null),0,(null),(null),(null),0
4.00,1,(null),0,(null),(null),(null),0
4.00,1,(null),0,(null),(null),(null),0
4.00,1,src/hotline/hotline.c,303,(null),process_aux_buffer_record,ldr x1  [x2  #0xce0],0
4.00,1,src/hotline/btree.c,593,(null),btree_set0,ldp x19  x20  [sp  #0x10],0
4.00,1,/home/ubuntu/rocksdb/memory/arena.cc,93,"}",_ZN7rocksdb5Arena16AllocateFallbackEmb,ldp x21  x22  [sp  #0x20],0
4.00,1,(null),0,(null),(null),(null),0
4.00,1,(null),0,(null),(null),(null),0
4.00,1,(null),0,(null),(null),(null),0
4.00,1,(null),0,(null),(null),(null),0
4.00,1,(null),0,(null),(null),(null),0
4.00,1,(null),0,(null),(null),(null),0
4.00,1,???,0,???,_ZL45establish_trans_unit_correspondences_for_enumP6a_type,cbz x1  #0xf46974,0
4.00,1,???,0,???,_ZN2v88internal22ExternalReferenceTable19AddIsolateAddressesEPNS0_7IsolateEPi,movz w19  #0,0
4.00,1,(null),0,(null),(null),(null),0
4.00,1,(null),0,(null),(null),(null),0
4.00,1,(null),0,(null),(null),(null),0
4.00,1,(null),0,(null),(null),(null),0
4.00,1,(null),0,(null),(null),(null),0
4.00,1,(null),0,(null),(null),(null),0
4.00,1,???,0,???,_ZNSt6vectorIcSaIcEE15_M_range_insertIPcEEvN9__gnu_cxx17__normal_iteratorIS3_S1_EET_S7_St20forward_iterator_tag,mov x0  x28,0
4.00,1,(null),0,(null),(null),(null),0
4.00,1,(null),0,(null),(null),(null),0
4.00,1,(null),0,(null),(null),(null),0
4.00,1,(null),0,(null),(null),(null),0
4.00,1,(null),0,(null),(null),(null),0
4.00,1,(null),0,(null),(null),(null),0
4.00,1,(null),0,(null),(null),(null),0
4.00,1,(null),0,(null),(null),(null),0
4.00,1,(null),0,(null),(null),(null),0
4.00,1,(null),0,(null),(null),(null),0
4.00,1,(null),0,(null),(null),(null),0
4.00,1,(null),0,(null),(null),(null),0
4.00,1,(null),0,(null),(null),(null),0
4.00,1,(null),0,(null),(null),(null),0
4.00,1,(null),0,(null),(null),(null),0
4.00,1,(null),0,(null),(null),(null),0
4.00,1,(null),0,(null),(null),(null),0
4.00,1,(null),0,(null),(null),(null),0
4.00,1,(null),0,(null),(null),(null),0
4.00,1,(null),0,(null),(null),(null),0
4.00,1,(null),0,(null),(null),(null),0
4.00,1,(null),0,(null),(null),(null),0
4.00,1,(null),0,(null),(null),(null),0
4.00,1,(null),0,(null),(null),(null),0
4.00,1,(null),0,(null),(null),(null),0
4.00,1,(null),0,(null),(null),(null),0
4.00,1,(null),0,(null),(null),(null),0
4.00,1,(null),0,(null),(null),(null),0
4.00,1,(null),0,(null),(null),(null),0
4.00,1,(null),0,(null),(null),(null),0
4.00,1,(null),0,(null),(null),(null),0
4.00,1,(null),0,(null),(null),(null),0
4.00,1,(null),0,(null),(null),(null),0
4.00,1,(null),0,(null),(null),(null),0
4.00,1,(null),0,(null),(null),(null),0
4.00,1,(null),0,(null),(null),(null),0
4.00,1,/home/ubuntu/.rustup/toolchains/stable-aarch64-unknown-linux-gnu/lib/rustlib/src/rust/library/core/src/ub_checks.rs,0,(null),_ZN5alloc3vec16Vec$LT$T$C$A$GT$12as_mut_slice17h0d9abca486210e04E,ldr x1  [sp  #0x10],0
4.00,1,src/hotline/hotline.c,270,(null),process_software_buffer_up_to_ts,ldrh w0  [x19  #4],0
4.00,1,src/hotline/lat_map.c,35,(null),lat_map_compare,ldr w4  [x2],0
4.00,1,/home/ubuntu/.rustup/toolchains/stable-aarch64-unknown-linux-gnu/lib/rustlib/src/rust/library/core/src/option.rs,0,(null),_ZN110_$LT$core..iter..adapters..enumerate..Enumerate$LT$I$GT$$u20$as$u20$core..iter..traits..iterator..Iterator$GT$4next17h6ae4d4bb8211729aE,ldr x8  [sp  #0x18],0
4.00,1,src/hotline/bmiss_map.c,119,(null),parse_and_insert_bmiss_entry,ldrh w1  [x0  #0x1e],0
4.00,1,src/hotline/btree.c,460,(null),btree_search,ldp x27  x28  [sp  #0x50],0
4.00,1,src/hotline/btree.c,607,(null),btree_get,ldrb w0  [x21  #4],0
4.00,1,src/hotline/btree.c,605,(null),btree_get,ldp x23  x24  [sp  #0x30],0
4.00,1,/home/ubuntu/.rustup/toolchains/stable-aarch64-unknown-linux-gnu/lib/rustlib/src/rust/library/core/src/intrinsics/mod.rs,0,(null),_ZN4core10intrinsics19copy_nonoverlapping18precondition_check17h1b2e6f94ef0bd215E,ldr x8  [sp  #0x30],0
4.00,1,/home/ubuntu/.rustup/toolchains/stable-aarch64-unknown-linux-gnu/lib/rustlib/src/rust/library/alloc/src/raw_vec/mod.rs,540,(null),_ZN5alloc7raw_vec20RawVecInner$LT$A$GT$14current_memory17hbf8969f73d2da585E,ldr x30  [sp  #0xc0],0
4.00,1,/home/ubuntu/.rustup/toolchains/stable-aarch64-unknown-linux-gnu/lib/rustlib/src/rust/library/core/src/str/iter.rs,0,(null),_ZN4core3str4iter22SplitInternal$LT$P$GT$7get_end17hffa4d3559bae1158E,ldr x8  [sp  #0x28],0
4.00,1,(null),0,(null),(null),(null),0
4.00,1,(null),0,(null),(null),(null),0
4.00,1,/usr/include/c++/11/tuple,1506,"	return bool(std::get<__i>(__t) < std::get<__i>(__u))",_ZNSt8_Rb_treeISt5tupleIJN7rocksdb21BackgroundErrorReasonEbEESt4pairIKS3_NS1_6Status8SeverityEESt10_Select1stIS8_ESt4lessIS3_ESaIS8_EE29_M_get_insert_hint_unique_posESt23_Rb_tree_const_iteratorIS8_ERS5_,ldr w1  [x2  #4],0
4.00,1,/home/ubuntu/rocksdb/memory/arena.cc,164,"  if (tracker_ != nullptr) {",_ZN7rocksdb5Arena16AllocateNewBlockEm,ldr x0  [x19  #0x8e8],0
4.00,1,/home/ubuntu/rocksdb/memory/arena.cc,143,"}",_ZN7rocksdb5Arena15AllocateAlignedEmmPNS_6LoggerE,ldp x29  x30  [sp]  #0x60,0
4.00,1,/home/ubuntu/rocksdb/port/port_posix.cc,63,"    PthreadCall("init mutex", pthread_mutex_init(&mu_, nullptr));",_ZN7rocksdb4port5MutexC2Eb,ldr x2  [x2  #0xba8],0
4.00,1,/usr/include/c++/11/bits/random.tcc,417,"      _UIntType __y = ((_M_x[__n - 1] & __upper_mask)",_ZNSt23mersenne_twister_engineImLm64ELm312ELm156ELm31ELm13043109905998158313ELm29ELm6148914691236517205ELm17ELm8202884508482404352ELm37ELm18444473444759240704ELm43ELm6364136223846793005EE11_M_gen_randEv,ldr x2  [x0  #0x9b8],0
4.00,1,???,0,???,???,???,0
4.00,1,???,0,???,???,???,0
4.00,1,???,0,???,???,???,0
4.00,1,???,0,???,???,???,0
4.00,1,???,0,???,_ZN12v8_inspector12_GLOBAL__N_115HeapStatsStream19WriteHeapStatsChunkEPN2v815HeapStatsUpdateEi,b.le #0x1820c58,0
4.00,1,???,0,???,_ZN8v8_crdtp4json12_GLOBAL__N_110JsonParserIhE10ParseValueEPKhS5_PS5_i,cmp x1  x3,0
4.00,1,???,0,???,_ZN2v88internal8compiler5Typer7Visitor9IncrementENS1_4TypeEPS2_,ldp x19  x20  [sp  #0x10],0
4.00,1,(null),0,(null),(null),(null),0
4.00,1,(null),0,(null),(null),(null),0
4.00,1,(null),0,(null),(null),(null),0
4.00,1,(null),0,(null),(null),(null),0
4.00,1,(null),0,(null),(null),(null),0
4.00,1,(null),0,(null),(null),(null),0
4.00,1,(null),0,(null),(null),(null),0
4.00,1,(null),0,(null),(null),(null),0
4.00,1,(null),0,(null),(null),(null),0
4.00,1,(null),0,(null),(null),(null),0
4.00,1,(null),0,(null),(null),(null),0
4.00,1,(null),0,(null),(null),(null),0
4.00,1,(null),0,(null),(null),(null),0
4.00,1,(null),0,(null),(null),(null),0
4.00,1,(null),0,(null),(null),(null),0
4.00,1,(null),0,(null),(null),(null),0
4.00,1,(null),0,(null),(null),(null),0
4.00,1,(null),0,(null),(null),(null),0
4.00,1,(null),0,(null),(null),(null),0
4.00,1,(null),0,(null),(null),(null),0
4.00,1,(null),0,(null),(null),(null),0
4.00,1,(null),0,(null),(null),(null),0
4.00,1,(null),0,(null),(null),(null),0
4.00,1,(null),0,(null),(null),(null),0
4.00,1,(null),0,(null),(null),(null),0
4.00,1,(null),0,(null),(null),(null),0
4.00,1,(null),0,(null),(null),(null),0
4.00,1,(null),0,(null),(null),(null),0
4.00,1,(null),0,(null),(null),(null),0
4.00,1,(null),0,(null),(null),(null),0
4.00,1,(null),0,(null),(null),(null),0
4.00,1,(null),0,(null),(null),(null),0
4.00,1,(null),0,(null),(null),(null),0
4.00,1,(null),0,(null),(null),(null),0
4.00,1,(null),0,(null),(null),(null),0
4.00,1,(null),0,(null),(null),(null),0
4.00,1,(null),0,(null),(null),(null),0
4.00,1,(null),0,(null),(null),(null),0
4.00,1,(null),0,(null),(null),(null),0
4.00,1,(null),0,(null),(null),(null),0
4.00,1,/usr/aarch64-linux-gnu/include/bits/string_fortified.h,29,"  return __builtin___memcpy_chk (__dest, __src, __len,",process_aux_buffer_record,str w3  [sp  #0x20],0
4.00,1,src/hotline/lat_map.c,82,(null),parse_and_insert_lat_entry,stp q0  q0  [x1  #0x40],0
4.00,1,src/hotline/fname_map.c,223,(null),va_to_file_offset,str d0  [x23],0
4.00,1,/home/ubuntu/.rustup/toolchains/stable-aarch64-unknown-linux-gnu/lib/rustlib/src/rust/library/alloc/src/raw_vec/mod.rs,755,(null),_ZN5alloc7raw_vec20RawVecInner$LT$A$GT$10deallocate17hc5fd01f479b42647E,str x3  [sp  #0x48],0
4.00,1,/home/ubuntu/.rustup/toolchains/stable-aarch64-unknown-linux-gnu/lib/rustlib/src/rust/library/alloc/src/raw_vec/mod.rs,535,(null),_ZN5alloc7raw_vec20RawVecInner$LT$A$GT$14current_memory17hbf8969f73d2da585E,str x8  [sp  #0x88],0
4.00,1,(null),0,(null),(null),(null),0
4.00,1,/usr/include/c++/11/bits/stl_vector.h,98,"	: _M_start(), _M_finish(), _M_end_of_storage()",_GLOBAL__sub_I_file_indexer.cc,str xzr  [x3  #0x450],0
4.00,1,/usr/include/c++/11/bits/basic_string.h,533,"      basic_string(const _CharT* __s, const _Alloc& __a = _Alloc())",_ZNSt7__cxx1112basic_stringIcSt11char_traitsIcESaIcEEC2IS3_EEPKcRKS3_.constprop.0,stp x29  x30  [sp  #-0x40]!,0
4.00,1,/usr/include/c++/11/bits/basic_string.h,533,"      basic_string(const _CharT* __s, const _Alloc& __a = _Alloc())",_ZNSt7__cxx1112basic_stringIcSt11char_traitsIcESaIcEEC2IS3_EEPKcRKS3_.constprop.0,stp x19  x20  [sp  #0x10],0
4.00,1,/home/ubuntu/rocksdb/memory/arena.cc,145,"char* Arena::AllocateNewBlock(size_t block_bytes) {",_ZN7rocksdb5Arena16AllocateNewBlockEm,stp x21  x22  [sp  #0x20],0
4.00,1,/home/ubuntu/rocksdb/memory/arena.cc,145,"char* Arena::AllocateNewBlock(size_t block_bytes) {",_ZN7rocksdb5Arena16AllocateNewBlockEm,str x27  [sp  #0x50],0
4.00,1,/home/ubuntu/rocksdb/memory/arena.cc,86,"    unaligned_alloc_ptr_ = block_head + size;",_ZN7rocksdb5Arena16AllocateFallbackEmb,str x21  [x19  #0x8c0],0
4.00,1,/usr/include/c++/11/bits/random.tcc,421,"      _M_p = 0;",_ZNSt23mersenne_twister_engineImLm64ELm312ELm156ELm31ELm13043109905998158313ELm29ELm6148914691236517205ELm17ELm8202884508482404352ELm37ELm18444473444759240704ELm43ELm6364136223846793005EE11_M_gen_randEv,str xzr  [x0  #0x9c0],0
4.00,1,/usr/include/c++/11/bits/random.tcc,419,"      _M_x[__n - 1] = (_M_x[__m - 1] ^ (__y >> 1)",_ZNSt23mersenne_twister_engineImLm64ELm312ELm156ELm31ELm13043109905998158313ELm29ELm6148914691236517205ELm17ELm8202884508482404352ELm37ELm18444473444759240704ELm43ELm6364136223846793005EE11_M_gen_randEv,str x1  [x0  #0x9b8],0
4.00,1,/usr/include/c++/11/bits/vector.tcc,426,"      vector<_Tp, _Alloc>::",_ZNSt6vectorISt6threadSaIS0_EE17_M_realloc_insertIJN7rocksdb29ConcurrentReadBenchmarkThreadEEEEvN9__gnu_cxx17__normal_iteratorIPS0_S2_EEDpOT_,str x0  [sp  #0x88],0
4.00,1,???,0,???,_ZN2v88internal37Builtin_TemporalInstantPrototypeUntilEiPmPNS0_7IsolateE,mov x1  x22,0
4.00,1,???,0,???,_ZNK2v88internal4wasm8HeapType4nameB5cxx11Ev.isra.0,mov x0  x8,0
4.00,1,???,0,???,Builtins_ArrayPrototypeReverse,ldp x1  x5  [sp]  #0x10,0
