L1 (%),L1 bins (% | % | % | %),L2 (%),L2 bins (% | % | % | %),L3 (%),L3 bins (% | % | % | %),DRAM (%),DRAM bins (% | % | % | %),Location,Line Number,Line,Function,Assembly
86.35,29.66 | 22.23 | 8.52 | 39.60,5.55,0.00 | 56.38 | 42.58 | 1.04,2.49,0.00 | 0.00 | 44.22 | 55.78,5.61,0.00 | 0.00 | 0.00 | 100.00,/home/ubuntu/rocksdb/util/coding.h,108,"    uint32_t result = *(reinterpret_cast<const unsigned char*>(p));",_ZNK7rocksdb8MemTable13KeyComparatorclEPKcRKNS_5SliceE,ldrb w19  [x1]
73.28,33.08 | 23.56 | 6.52 | 36.85,10.96,0.00 | 68.03 | 31.23 | 0.74,4.89,0.00 | 0.00 | 47.99 | 52.01,10.87,0.00 | 0.00 | 0.00 | 100.00,/usr/include/c++/11/bits/atomic_base.h,820,"	return __atomic_load_n(&_M_p, int(__m));",_ZNK7rocksdb14InlineSkipListIRKNS_11MemTableRep13KeyComparatorEE18FindGreaterOrEqualEPKcPPNS5_4NodeE,ldar x0  [x1]
99.42,50.97 | 41.69 | 5.99 | 1.34,0.56,0.00 | 17.39 | 73.91 | 8.70,0.01,0.00 | 0.00 | 100.00 | 0.00,0.01,0.00 | 0.00 | 0.00 | 100.00,(null),0,(null),(null),(null)
100.00,62.69 | 37.26 | 0.06 | 0.00,0.00,0.00 | 0.00 | 0.00 | 0.00,0.00,0.00 | 0.00 | 0.00 | 0.00,0.00,0.00 | 0.00 | 0.00 | 0.00,(null),0,(null),(null),(null)
91.16,61.21 | 38.24 | 0.54 | 0.01,8.57,0.00 | 31.75 | 55.80 | 12.45,0.07,0.00 | 0.00 | 66.67 | 33.33,0.20,0.00 | 0.00 | 0.00 | 100.00,(null),0,(null),(null),(null)
85.03,26.23 | 20.30 | 7.00 | 46.46,4.85,0.00 | 48.58 | 48.58 | 2.84,3.05,0.00 | 0.00 | 42.37 | 57.63,7.07,0.00 | 0.00 | 0.00 | 100.00,/home/ubuntu/rocksdb/util/coding.h,108,"    uint32_t result = *(reinterpret_cast<const unsigned char*>(p));",_ZNK7rocksdb8MemTable13KeyComparatorclEPKcRKNS_5SliceE,ldrb w19  [x1]
100.00,12.86 | 36.04 | 12.46 | 38.64,0.00,0.00 | 0.00 | 0.00 | 0.00,0.00,0.00 | 0.00 | 0.00 | 0.00,0.00,0.00 | 0.00 | 0.00 | 0.00,/home/ubuntu/rocksdb/util/comparator.cc,160,"    return -a.compare(b);",_ZThn32_NK7rocksdb12_GLOBAL__N_122BytewiseComparatorImpl7CompareERKNS_5SliceES4_,ldp x0  x20  [x1]
69.28,28.35 | 23.29 | 5.50 | 42.87,11.44,0.00 | 62.60 | 35.91 | 1.48,5.11,0.00 | 0.00 | 38.01 | 61.99,14.17,0.00 | 0.00 | 0.00 | 100.00,/usr/include/c++/11/bits/atomic_base.h,820,"	return __atomic_load_n(&_M_p, int(__m));",_ZNK7rocksdb14InlineSkipListIRKNS_11MemTableRep13KeyComparatorEE18FindGreaterOrEqualEPKcPPNS5_4NodeE,ldar x0  [x1]
99.99,14.51 | 37.54 | 10.48 | 37.47,0.01,0.00 | 0.00 | 0.00 | 100.00,0.00,0.00 | 0.00 | 0.00 | 0.00,0.00,0.00 | 0.00 | 0.00 | 0.00,/home/ubuntu/rocksdb/util/comparator.cc,160,"    return -a.compare(b);",_ZThn32_NK7rocksdb12_GLOBAL__N_122BytewiseComparatorImpl7CompareERKNS_5SliceES4_,ldp x19  x20  [sp  #0x10]
99.53,31.99 | 21.21 | 9.93 | 36.87,0.12,0.00 | 70.00 | 30.00 | 0.00,0.10,0.00 | 0.00 | 100.00 | 0.00,0.25,0.00 | 0.00 | 0.00 | 100.00,/usr/include/c++/11/bits/atomic_base.h,820,"	return __atomic_load_n(&_M_p, int(__m));",_ZNK7rocksdb14InlineSkipListIRKNS_11MemTableRep13KeyComparatorEE18FindGreaterOrEqualEPKcPPNS5_4NodeE,ldar x19  [x2]
99.38,53.61 | 38.96 | 6.16 | 1.27,0.59,0.00 | 11.43 | 85.71 | 2.86,0.00,0.00 | 0.00 | 0.00 | 0.00,0.03,0.00 | 0.00 | 0.00 | 100.00,(null),0,(null),(null),(null)
100.00,65.79 | 34.19 | 0.02 | 0.00,0.00,0.00 | 0.00 | 0.00 | 0.00,0.00,0.00 | 0.00 | 0.00 | 0.00,0.00,0.00 | 0.00 | 0.00 | 0.00,(null),0,(null),(null),(null)
90.74,63.68 | 35.78 | 0.55 | 0.00,9.01,0.00 | 32.26 | 55.03 | 12.71,0.10,0.00 | 0.00 | 33.33 | 66.67,0.15,0.00 | 0.00 | 0.00 | 100.00,(null),0,(null),(null),(null)
100.00,12.60 | 32.75 | 10.47 | 44.17,0.00,0.00 | 0.00 | 0.00 | 0.00,0.00,0.00 | 0.00 | 0.00 | 0.00,0.00,0.00 | 0.00 | 0.00 | 0.00,/home/ubuntu/rocksdb/util/comparator.cc,160,"    return -a.compare(b);",_ZThn32_NK7rocksdb12_GLOBAL__N_122BytewiseComparatorImpl7CompareERKNS_5SliceES4_,ldp x19  x20  [sp  #0x10]
100.00,12.32 | 31.53 | 12.32 | 43.83,0.00,0.00 | 0.00 | 0.00 | 0.00,0.00,0.00 | 0.00 | 0.00 | 0.00,0.00,0.00 | 0.00 | 0.00 | 0.00,/home/ubuntu/rocksdb/util/comparator.cc,160,"    return -a.compare(b);",_ZThn32_NK7rocksdb12_GLOBAL__N_122BytewiseComparatorImpl7CompareERKNS_5SliceES4_,ldp x0  x20  [x1]
99.75,29.10 | 17.84 | 9.55 | 43.50,0.10,0.00 | 50.00 | 50.00 | 0.00,0.03,0.00 | 0.00 | 100.00 | 0.00,0.13,0.00 | 0.00 | 0.00 | 100.00,/usr/include/c++/11/bits/atomic_base.h,820,"	return __atomic_load_n(&_M_p, int(__m));",_ZNK7rocksdb14InlineSkipListIRKNS_11MemTableRep13KeyComparatorEE18FindGreaterOrEqualEPKcPPNS5_4NodeE,ldar x19  [x2]
100.00,81.10 | 18.87 | 0.02 | 0.00,0.00,0.00 | 0.00 | 0.00 | 0.00,0.00,0.00 | 0.00 | 0.00 | 0.00,0.00,0.00 | 0.00 | 0.00 | 0.00,(null),0,(null),(null),(null)
81.74,39.71 | 19.59 | 7.62 | 33.08,9.78,0.00 | 79.62 | 18.47 | 1.91,3.68,0.00 | 0.00 | 54.24 | 45.76,4.80,0.00 | 0.00 | 0.00 | 100.00,/usr/include/c++/11/bits/atomic_base.h,820,"	return __atomic_load_n(&_M_p, int(__m));",_ZN7rocksdb14InlineSkipListIRKNS_11MemTableRep13KeyComparatorEE21RecomputeSpliceLevelsERKNS_5SliceEPNS5_6SpliceEi,ldar x0  [x0]
94.34,34.29 | 25.50 | 11.43 | 28.79,2.70,0.00 | 70.00 | 25.00 | 5.00,1.08,0.00 | 0.00 | 62.50 | 37.50,1.89,0.00 | 0.00 | 0.00 | 100.00,/usr/include/c++/11/bits/atomic_base.h,820,"	return __atomic_load_n(&_M_p, int(__m));",_ZN7rocksdb14InlineSkipListIRKNS_11MemTableRep13KeyComparatorEE21RecomputeSpliceLevelsERKNS_5SliceEPNS5_6SpliceEi,ldar x0  [x0]
100.00,81.48 | 18.49 | 0.03 | 0.00,0.00,0.00 | 0.00 | 0.00 | 0.00,0.00,0.00 | 0.00 | 0.00 | 0.00,0.00,0.00 | 0.00 | 0.00 | 0.00,(null),0,(null),(null),(null)
100.00,76.44 | 23.53 | 0.03 | 0.00,0.00,0.00 | 0.00 | 0.00 | 0.00,0.00,0.00 | 0.00 | 0.00 | 0.00,0.00,0.00 | 0.00 | 0.00 | 0.00,/home/ubuntu/rocksdb/monitoring/perf_context.cc,319,"}  // namespace ROCKSDB_NAMESPACE",__tls_init,ldrb w2  [x1  x0]
100.00,58.33 | 41.64 | 0.02 | 0.02,0.00,0.00 | 0.00 | 0.00 | 0.00,0.00,0.00 | 0.00 | 0.00 | 0.00,0.00,0.00 | 0.00 | 0.00 | 0.00,/home/ubuntu/rocksdb/util/user_comparator_wrapper.h,33,"    return user_comparator_->Compare(a, b);",_ZNK7rocksdb8MemTable13KeyComparatorclEPKcRKNS_5SliceE,ldr x3  [x3  #0x10]
100.00,81.15 | 18.84 | 0.02 | 0.00,0.00,0.00 | 0.00 | 0.00 | 0.00,0.00,0.00 | 0.00 | 0.00 | 0.00,0.00,0.00 | 0.00 | 0.00 | 0.00,/home/ubuntu/rocksdb/memtable/inlineskiplist.h,561,"                  : compare_(next->Key(), key_decoded);",_ZNK7rocksdb14InlineSkipListIRKNS_11MemTableRep13KeyComparatorEE18FindGreaterOrEqualEPKcPPNS5_4NodeE,ldr x3  [x3  #0x10]
79.21,31.04 | 15.84 | 8.00 | 45.12,9.51,0.00 | 70.67 | 28.00 | 1.33,4.44,0.00 | 0.00 | 45.71 | 54.29,6.84,0.00 | 0.00 | 0.00 | 100.00,/usr/include/c++/11/bits/atomic_base.h,820,"	return __atomic_load_n(&_M_p, int(__m));",_ZN7rocksdb14InlineSkipListIRKNS_11MemTableRep13KeyComparatorEE21RecomputeSpliceLevelsERKNS_5SliceEPNS5_6SpliceEi,ldar x0  [x0]
100.00,78.65 | 21.34 | 0.01 | 0.00,0.00,0.00 | 0.00 | 0.00 | 0.00,0.00,0.00 | 0.00 | 0.00 | 0.00,0.00,0.00 | 0.00 | 0.00 | 0.00,/home/ubuntu/rocksdb/util/user_comparator_wrapper.h,32,"    PERF_COUNTER_ADD(user_key_comparison_count, 1);",_ZNK7rocksdb8MemTable13KeyComparatorclEPKcRKNS_5SliceE,ldrb w0  [x23  x0]
100.00,49.39 | 50.61 | 0.00 | 0.00,0.00,0.00 | 0.00 | 0.00 | 0.00,0.00,0.00 | 0.00 | 0.00 | 0.00,0.00,0.00 | 0.00 | 0.00 | 0.00,/home/ubuntu/rocksdb/db/memtable.cc,338,"}",_ZNK7rocksdb8MemTable13KeyComparatorclEPKcRKNS_5SliceE,ldr x2  [x1]
100.00,57.84 | 42.10 | 0.06 | 0.00,0.00,0.00 | 0.00 | 0.00 | 0.00,0.00,0.00 | 0.00 | 0.00 | 0.00,0.00,0.00 | 0.00 | 0.00 | 0.00,(null),0,(null),(null),(null)
100.00,82.21 | 17.74 | 0.04 | 0.01,0.00,0.00 | 0.00 | 0.00 | 0.00,0.00,0.00 | 0.00 | 0.00 | 0.00,0.00,0.00 | 0.00 | 0.00 | 0.00,/home/ubuntu/rocksdb/util/user_comparator_wrapper.h,32,"    PERF_COUNTER_ADD(user_key_comparison_count, 1);",_ZNK7rocksdb8MemTable13KeyComparatorclEPKcRKNS_5SliceE,ldr x1  [x23  x0]
100.00,75.82 | 24.17 | 0.01 | 0.00,0.00,0.00 | 0.00 | 0.00 | 0.00,0.00,0.00 | 0.00 | 0.00 | 0.00,0.00,0.00 | 0.00 | 0.00 | 0.00,/home/ubuntu/rocksdb/db/memtable.cc,334,"    const char* prefix_len_key, const KeyComparator::DecodedType& key) const {",_ZNK7rocksdb8MemTable13KeyComparatorclEPKcRKNS_5SliceE,ldr x0  [x4]
100.00,22.59 | 77.32 | 0.10 | 0.00,0.00,0.00 | 0.00 | 0.00 | 0.00,0.00,0.00 | 0.00 | 0.00 | 0.00,0.00,0.00 | 0.00 | 0.00 | 0.00,/home/ubuntu/rocksdb/db/memtable.cc,338,"}",_ZNK7rocksdb8MemTable13KeyComparatorclEPKcRKNS_5SliceE,ldp x21  x22  [sp  #0x20]
94.91,28.32 | 22.65 | 10.13 | 38.90,2.97,0.00 | 61.90 | 33.33 | 4.76,0.85,0.00 | 0.00 | 50.00 | 50.00,1.27,0.00 | 0.00 | 0.00 | 100.00,/usr/include/c++/11/bits/atomic_base.h,820,"	return __atomic_load_n(&_M_p, int(__m));",_ZN7rocksdb14InlineSkipListIRKNS_11MemTableRep13KeyComparatorEE21RecomputeSpliceLevelsERKNS_5SliceEPNS5_6SpliceEi,ldar x0  [x0]
100.00,26.04 | 73.86 | 0.09 | 0.01,0.00,0.00 | 0.00 | 0.00 | 0.00,0.00,0.00 | 0.00 | 0.00 | 0.00,0.00,0.00 | 0.00 | 0.00 | 0.00,/home/ubuntu/rocksdb/util/comparator.cc,160,"    return -a.compare(b);",_ZThn32_NK7rocksdb12_GLOBAL__N_122BytewiseComparatorImpl7CompareERKNS_5SliceES4_,ldp x29  x30  [sp]  #0x20
100.00,31.81 | 67.91 | 0.27 | 0.01,0.00,0.00 | 0.00 | 0.00 | 0.00,0.00,0.00 | 0.00 | 0.00 | 0.00,0.00,0.00 | 0.00 | 0.00 | 0.00,/home/ubuntu/rocksdb/db/memtable.cc,338,"}",_ZNK7rocksdb8MemTable13KeyComparatorclEPKcRKNS_5SliceE,ldp x23  x24  [sp  #0x30]
100.00,39.82 | 59.69 | 0.49 | 0.00,0.00,0.00 | 0.00 | 0.00 | 0.00,0.00,0.00 | 0.00 | 0.00 | 0.00,0.00,0.00 | 0.00 | 0.00 | 0.00,/home/ubuntu/rocksdb/db/memtable.cc,338,"}",_ZNK7rocksdb8MemTable13KeyComparatorclEPKcRKNS_5SliceE,ldp x29  x30  [sp]  #0x70
99.99,52.04 | 47.84 | 0.11 | 0.02,0.01,0.00 | 100.00 | 0.00 | 0.00,0.00,0.00 | 0.00 | 0.00 | 0.00,0.00,0.00 | 0.00 | 0.00 | 0.00,/home/ubuntu/rocksdb/monitoring/perf_context.cc,172,"thread_local PerfContext perf_context;",__tls_init,ldp x29  x30  [sp]  #0x20
99.95,73.73 | 26.18 | 0.05 | 0.04,0.00,0.00 | 0.00 | 0.00 | 0.00,0.05,0.00 | 0.00 | 0.00 | 100.00,0.00,0.00 | 0.00 | 0.00 | 0.00,/home/ubuntu/rocksdb/memtable/inlineskiplist.h,561,"                  : compare_(next->Key(), key_decoded);",_ZNK7rocksdb14InlineSkipListIRKNS_11MemTableRep13KeyComparatorEE18FindGreaterOrEqualEPKcPPNS5_4NodeE,ldr x3  [x0]
100.00,99.92 | 0.07 | 0.02 | 0.00,0.00,0.00 | 0.00 | 0.00 | 0.00,0.00,0.00 | 0.00 | 0.00 | 0.00,0.00,0.00 | 0.00 | 0.00 | 0.00,/home/ubuntu/rocksdb/util/user_comparator_wrapper.h,32,"    PERF_COUNTER_ADD(user_key_comparison_count, 1);",_ZNK7rocksdb8MemTable13KeyComparatorclEPKcRKNS_5SliceE,str x1  [x23  x0]
100.00,31.53 | 68.43 | 0.04 | 0.00,0.00,0.00 | 0.00 | 0.00 | 0.00,0.00,0.00 | 0.00 | 0.00 | 0.00,0.00,0.00 | 0.00 | 0.00 | 0.00,/home/ubuntu/rocksdb/db/memtable.cc,338,"}",_ZNK7rocksdb8MemTable13KeyComparatorclEPKcRKNS_5SliceE,ldp x19  x20  [sp  #0x10]
99.99,75.28 | 24.70 | 0.02 | 0.00,0.00,0.00 | 0.00 | 0.00 | 0.00,0.00,0.00 | 0.00 | 0.00 | 0.00,0.01,0.00 | 0.00 | 0.00 | 100.00,/home/ubuntu/rocksdb/util/user_comparator_wrapper.h,33,"    return user_comparator_->Compare(a, b);",_ZNK7rocksdb8MemTable13KeyComparatorclEPKcRKNS_5SliceE,ldr x3  [x3  #0x20]
100.00,47.70 | 52.28 | 0.02 | 0.00,0.00,0.00 | 0.00 | 0.00 | 0.00,0.00,0.00 | 0.00 | 0.00 | 0.00,0.00,0.00 | 0.00 | 0.00 | 0.00,/home/ubuntu/rocksdb/db/dbformat.h,328,"  return Slice(internal_key.data(), internal_key.size() - kNumInternalBytes);",_ZNK7rocksdb8MemTable13KeyComparatorclEPKcRKNS_5SliceE,ldp x2  x1  [x20]
100.00,47.15 | 52.78 | 0.05 | 0.03,0.00,0.00 | 0.00 | 0.00 | 0.00,0.00,0.00 | 0.00 | 0.00 | 0.00,0.00,0.00 | 0.00 | 0.00 | 0.00,/home/ubuntu/rocksdb/util/comparator.cc,160,"    return -a.compare(b);",_ZThn32_NK7rocksdb12_GLOBAL__N_122BytewiseComparatorImpl7CompareERKNS_5SliceES4_,ldp x1  x19  [x2]
100.00,81.53 | 18.44 | 0.03 | 0.00,0.00,0.00 | 0.00 | 0.00 | 0.00,0.00,0.00 | 0.00 | 0.00 | 0.00,0.00,0.00 | 0.00 | 0.00 | 0.00,/home/ubuntu/rocksdb/util/user_comparator_wrapper.h,32,"    PERF_COUNTER_ADD(user_key_comparison_count, 1);",_ZNK7rocksdb8MemTable13KeyComparatorclEPKcRKNS_5SliceE,ldr x1  [x0  #0xae8]
100.00,86.64 | 13.36 | 0.01 | 0.00,0.00,0.00 | 0.00 | 0.00 | 0.00,0.00,0.00 | 0.00 | 0.00 | 0.00,0.00,0.00 | 0.00 | 0.00 | 0.00,/home/ubuntu/rocksdb/monitoring/perf_context.cc,319,"}  // namespace ROCKSDB_NAMESPACE",__tls_init,ldr x2  [x0  #0xa38]
100.00,57.14 | 42.85 | 0.02 | 0.00,0.00,0.00 | 0.00 | 0.00 | 0.00,0.00,0.00 | 0.00 | 0.00 | 0.00,0.00,0.00 | 0.00 | 0.00 | 0.00,/home/ubuntu/rocksdb/db/memtable.cc,338,"}",_ZNK7rocksdb8MemTable13KeyComparatorclEPKcRKNS_5SliceE,ldr x3  [sp  #0x68]
99.99,84.30 | 15.65 | 0.06 | 0.00,0.00,0.00 | 0.00 | 0.00 | 0.00,0.01,0.00 | 0.00 | 0.00 | 100.00,0.00,0.00 | 0.00 | 0.00 | 0.00,???,0,???,???,???
100.00,78.29 | 21.67 | 0.03 | 0.01,0.00,0.00 | 0.00 | 0.00 | 0.00,0.00,0.00 | 0.00 | 0.00 | 0.00,0.00,0.00 | 0.00 | 0.00 | 0.00,???,0,???,???,???
100.00,60.37 | 39.47 | 0.17 | 0.00,0.00,0.00 | 0.00 | 0.00 | 0.00,0.00,0.00 | 0.00 | 0.00 | 0.00,0.00,0.00 | 0.00 | 0.00 | 0.00,/home/ubuntu/rocksdb/db/memtable.cc,334,"    const char* prefix_len_key, const KeyComparator::DecodedType& key) const {",_ZNK7rocksdb8MemTable13KeyComparatorclEPKcRKNS_5SliceE,ldr x4  [x4  #0xba8]
100.00,56.32 | 43.68 | 0.00 | 0.00,0.00,0.00 | 0.00 | 0.00 | 0.00,0.00,0.00 | 0.00 | 0.00 | 0.00,0.00,0.00 | 0.00 | 0.00 | 0.00,/home/ubuntu/rocksdb/db/memtable.cc,338,"}",_ZNK7rocksdb8MemTable13KeyComparatorclEPKcRKNS_5SliceE,ldr x1  [x1  #0xba8]
100.00,83.74 | 16.18 | 0.07 | 0.01,0.00,0.00 | 0.00 | 0.00 | 0.00,0.00,0.00 | 0.00 | 0.00 | 0.00,0.00,0.00 | 0.00 | 0.00 | 0.00,/home/ubuntu/rocksdb/util/user_comparator_wrapper.h,32,"    PERF_COUNTER_ADD(user_key_comparison_count, 1);",_ZNK7rocksdb8MemTable13KeyComparatorclEPKcRKNS_5SliceE,ldr x1  [x0  #0xa88]
99.94,46.42 | 24.27 | 7.53 | 21.78,0.06,0.00 | 100.00 | 0.00 | 0.00,0.00,0.00 | 0.00 | 0.00 | 0.00,0.00,0.00 | 0.00 | 0.00 | 0.00,/usr/include/c++/11/bits/atomic_base.h,820,"	return __atomic_load_n(&_M_p, int(__m));",_ZN7rocksdb14InlineSkipListIRKNS_11MemTableRep13KeyComparatorEE21RecomputeSpliceLevelsERKNS_5SliceEPNS5_6SpliceEi,ldar x19  [x1]
100.00,68.48 | 31.32 | 0.20 | 0.00,0.00,0.00 | 0.00 | 0.00 | 0.00,0.00,0.00 | 0.00 | 0.00 | 0.00,0.00,0.00 | 0.00 | 0.00 | 0.00,/home/ubuntu/rocksdb/util/user_comparator_wrapper.h,32,"    PERF_COUNTER_ADD(user_key_comparison_count, 1);",_ZNK7rocksdb8MemTable13KeyComparatorclEPKcRKNS_5SliceE,ldr x0  [x0  #0x4e0]
100.00,88.04 | 11.96 | 0.00 | 0.00,0.00,0.00 | 0.00 | 0.00 | 0.00,0.00,0.00 | 0.00 | 0.00 | 0.00,0.00,0.00 | 0.00 | 0.00 | 0.00,/home/ubuntu/rocksdb/util/user_comparator_wrapper.h,33,"    return user_comparator_->Compare(a, b);",_ZNK7rocksdb8MemTable13KeyComparatorclEPKcRKNS_5SliceE,ldr x3  [x22  #0x10]
100.00,60.77 | 39.03 | 0.20 | 0.00,0.00,0.00 | 0.00 | 0.00 | 0.00,0.00,0.00 | 0.00 | 0.00 | 0.00,0.00,0.00 | 0.00 | 0.00 | 0.00,/home/ubuntu/rocksdb/memtable/inlineskiplist.h,561,"                  : compare_(next->Key(), key_decoded);",_ZNK7rocksdb14InlineSkipListIRKNS_11MemTableRep13KeyComparatorEE18FindGreaterOrEqualEPKcPPNS5_4NodeE,ldr x0  [x27  #0x10]
100.00,99.51 | 0.49 | 0.00 | 0.00,0.00,0.00 | 0.00 | 0.00 | 0.00,0.00,0.00 | 0.00 | 0.00 | 0.00,0.00,0.00 | 0.00 | 0.00 | 0.00,/home/ubuntu/rocksdb/db/dbformat.h,1111,"  int r = user_comparator_.Compare(ExtractUserKey(akey), ExtractUserKey(bkey));",_ZNK7rocksdb8MemTable13KeyComparatorclEPKcRKNS_5SliceE,stp x2  x1  [sp  #0x48]
100.00,77.87 | 22.06 | 0.05 | 0.02,0.00,0.00 | 0.00 | 0.00 | 0.00,0.00,0.00 | 0.00 | 0.00 | 0.00,0.00,0.00 | 0.00 | 0.00 | 0.00,/home/ubuntu/rocksdb/monitoring/perf_context.cc,319,"}  // namespace ROCKSDB_NAMESPACE",__tls_init,ldrb w2  [x1  x0]
100.00,99.81 | 0.10 | 0.08 | 0.01,0.00,0.00 | 0.00 | 0.00 | 0.00,0.00,0.00 | 0.00 | 0.00 | 0.00,0.00,0.00 | 0.00 | 0.00 | 0.00,/home/ubuntu/rocksdb/util/comparator.cc,160,"    return -a.compare(b);",_ZThn32_NK7rocksdb12_GLOBAL__N_122BytewiseComparatorImpl7CompareERKNS_5SliceES4_,stp x19  x20  [sp  #0x10]
100.00,58.54 | 41.39 | 0.05 | 0.02,0.00,0.00 | 0.00 | 0.00 | 0.00,0.00,0.00 | 0.00 | 0.00 | 0.00,0.00,0.00 | 0.00 | 0.00 | 0.00,/home/ubuntu/rocksdb/util/user_comparator_wrapper.h,33,"    return user_comparator_->Compare(a, b);",_ZNK7rocksdb8MemTable13KeyComparatorclEPKcRKNS_5SliceE,ldr x3  [x3  #0x10]
100.00,99.70 | 0.29 | 0.01 | 0.00,0.00,0.00 | 0.00 | 0.00 | 0.00,0.00,0.00 | 0.00 | 0.00 | 0.00,0.00,0.00 | 0.00 | 0.00 | 0.00,/home/ubuntu/rocksdb/util/coding.h,331,"  uint32_t len = 0;",_ZNK7rocksdb8MemTable13KeyComparatorclEPKcRKNS_5SliceE,str wzr  [sp  #0x58]
100.00,99.77 | 0.23 | 0.00 | 0.00,0.00,0.00 | 0.00 | 0.00 | 0.00,0.00,0.00 | 0.00 | 0.00 | 0.00,0.00,0.00 | 0.00 | 0.00 | 0.00,/home/ubuntu/rocksdb/db/memtable.cc,334,"    const char* prefix_len_key, const KeyComparator::DecodedType& key) const {",_ZNK7rocksdb8MemTable13KeyComparatorclEPKcRKNS_5SliceE,stp x23  x24  [sp  #0x30]
100.00,79.65 | 20.35 | 0.00 | 0.00,0.00,0.00 | 0.00 | 0.00 | 0.00,0.00,0.00 | 0.00 | 0.00 | 0.00,0.00,0.00 | 0.00 | 0.00 | 0.00,/home/ubuntu/rocksdb/util/user_comparator_wrapper.h,32,"    PERF_COUNTER_ADD(user_key_comparison_count, 1);",_ZNK7rocksdb8MemTable13KeyComparatorclEPKcRKNS_5SliceE,ldrb w0  [x23  x0]
100.00,80.58 | 19.39 | 0.02 | 0.00,0.00,0.00 | 0.00 | 0.00 | 0.00,0.00,0.00 | 0.00 | 0.00 | 0.00,0.00,0.00 | 0.00 | 0.00 | 0.00,/home/ubuntu/rocksdb/memtable/inlineskiplist.h,561,"                  : compare_(next->Key(), key_decoded);",_ZNK7rocksdb14InlineSkipListIRKNS_11MemTableRep13KeyComparatorEE18FindGreaterOrEqualEPKcPPNS5_4NodeE,ldr x3  [x3  #0x10]
100.00,99.77 | 0.23 | 0.00 | 0.00,0.00,0.00 | 0.00 | 0.00 | 0.00,0.00,0.00 | 0.00 | 0.00 | 0.00,0.00,0.00 | 0.00 | 0.00 | 0.00,/home/ubuntu/rocksdb/db/memtable.cc,334,"    const char* prefix_len_key, const KeyComparator::DecodedType& key) const {",_ZNK7rocksdb8MemTable13KeyComparatorclEPKcRKNS_5SliceE,stp x19  x20  [sp  #0x10]
100.00,53.05 | 46.94 | 0.00 | 0.02,0.00,0.00 | 0.00 | 0.00 | 0.00,0.00,0.00 | 0.00 | 0.00 | 0.00,0.00,0.00 | 0.00 | 0.00 | 0.00,/home/ubuntu/rocksdb/db/memtable.cc,338,"}",_ZNK7rocksdb8MemTable13KeyComparatorclEPKcRKNS_5SliceE,ldr x2  [x1]
100.00,99.48 | 0.52 | 0.00 | 0.00,0.00,0.00 | 0.00 | 0.00 | 0.00,0.00,0.00 | 0.00 | 0.00 | 0.00,0.00,0.00 | 0.00 | 0.00 | 0.00,/home/ubuntu/rocksdb/db/dbformat.h,1111,"  int r = user_comparator_.Compare(ExtractUserKey(akey), ExtractUserKey(bkey));",_ZNK7rocksdb8MemTable13KeyComparatorclEPKcRKNS_5SliceE,stp x21  x19  [sp  #0x58]
100.00,82.99 | 16.95 | 0.05 | 0.00,0.00,0.00 | 0.00 | 0.00 | 0.00,0.00,0.00 | 0.00 | 0.00 | 0.00,0.00,0.00 | 0.00 | 0.00 | 0.00,/home/ubuntu/rocksdb/util/user_comparator_wrapper.h,32,"    PERF_COUNTER_ADD(user_key_comparison_count, 1);",_ZNK7rocksdb8MemTable13KeyComparatorclEPKcRKNS_5SliceE,ldr x1  [x23  x0]
100.00,60.51 | 39.41 | 0.08 | 0.00,0.00,0.00 | 0.00 | 0.00 | 0.00,0.00,0.00 | 0.00 | 0.00 | 0.00,0.00,0.00 | 0.00 | 0.00 | 0.00,(null),0,(null),(null),(null)
100.00,99.68 | 0.32 | 0.00 | 0.00,0.00,0.00 | 0.00 | 0.00 | 0.00,0.00,0.00 | 0.00 | 0.00 | 0.00,0.00,0.00 | 0.00 | 0.00 | 0.00,/home/ubuntu/rocksdb/db/memtable.cc,334,"    const char* prefix_len_key, const KeyComparator::DecodedType& key) const {",_ZNK7rocksdb8MemTable13KeyComparatorclEPKcRKNS_5SliceE,str x0  [sp  #0x68]
100.00,99.75 | 0.24 | 0.01 | 0.00,0.00,0.00 | 0.00 | 0.00 | 0.00,0.00,0.00 | 0.00 | 0.00 | 0.00,0.00,0.00 | 0.00 | 0.00 | 0.00,/home/ubuntu/rocksdb/db/memtable.cc,334,"    const char* prefix_len_key, const KeyComparator::DecodedType& key) const {",_ZNK7rocksdb8MemTable13KeyComparatorclEPKcRKNS_5SliceE,stp x21  x22  [sp  #0x20]
100.00,99.82 | 0.11 | 0.04 | 0.03,0.00,0.00 | 0.00 | 0.00 | 0.00,0.00,0.00 | 0.00 | 0.00 | 0.00,0.00,0.00 | 0.00 | 0.00 | 0.00,/home/ubuntu/rocksdb/util/comparator.cc,160,"    return -a.compare(b);",_ZThn32_NK7rocksdb12_GLOBAL__N_122BytewiseComparatorImpl7CompareERKNS_5SliceES4_,stp x29  x30  [sp  #-0x20]!
100.00,99.50 | 0.48 | 0.02 | 0.00,0.00,0.00 | 0.00 | 0.00 | 0.00,0.00,0.00 | 0.00 | 0.00 | 0.00,0.00,0.00 | 0.00 | 0.00 | 0.00,/home/ubuntu/rocksdb/monitoring/perf_context.cc,172,"thread_local PerfContext perf_context;",__tls_init,stp x29  x30  [sp  #-0x20]!
99.98,75.95 | 24.00 | 0.05 | 0.00,0.00,0.00 | 0.00 | 0.00 | 0.00,0.02,0.00 | 0.00 | 0.00 | 100.00,0.00,0.00 | 0.00 | 0.00 | 0.00,/home/ubuntu/rocksdb/db/memtable.cc,334,"    const char* prefix_len_key, const KeyComparator::DecodedType& key) const {",_ZNK7rocksdb8MemTable13KeyComparatorclEPKcRKNS_5SliceE,ldr x0  [x4]
100.00,24.11 | 75.75 | 0.14 | 0.00,0.00,0.00 | 0.00 | 0.00 | 0.00,0.00,0.00 | 0.00 | 0.00 | 0.00,0.00,0.00 | 0.00 | 0.00 | 0.00,/home/ubuntu/rocksdb/db/memtable.cc,338,"}",_ZNK7rocksdb8MemTable13KeyComparatorclEPKcRKNS_5SliceE,ldp x21  x22  [sp  #0x20]
100.00,44.81 | 21.62 | 7.25 | 26.33,0.00,0.00 | 0.00 | 0.00 | 0.00,0.00,0.00 | 0.00 | 0.00 | 0.00,0.00,0.00 | 0.00 | 0.00 | 0.00,/usr/include/c++/11/bits/atomic_base.h,820,"	return __atomic_load_n(&_M_p, int(__m));",_ZN7rocksdb14InlineSkipListIRKNS_11MemTableRep13KeyComparatorEE21RecomputeSpliceLevelsERKNS_5SliceEPNS5_6SpliceEi,ldar x19  [x1]
100.00,99.76 | 0.23 | 0.02 | 0.00,0.00,0.00 | 0.00 | 0.00 | 0.00,0.00,0.00 | 0.00 | 0.00 | 0.00,0.00,0.00 | 0.00 | 0.00 | 0.00,/home/ubuntu/rocksdb/db/memtable.cc,334,"    const char* prefix_len_key, const KeyComparator::DecodedType& key) const {",_ZNK7rocksdb8MemTable13KeyComparatorclEPKcRKNS_5SliceE,stp x29  x30  [sp  #-0x70]!
100.00,42.18 | 57.33 | 0.49 | 0.00,0.00,0.00 | 0.00 | 0.00 | 0.00,0.00,0.00 | 0.00 | 0.00 | 0.00,0.00,0.00 | 0.00 | 0.00 | 0.00,/home/ubuntu/rocksdb/db/memtable.cc,338,"}",_ZNK7rocksdb8MemTable13KeyComparatorclEPKcRKNS_5SliceE,ldp x29  x30  [sp]  #0x70
100.00,33.04 | 66.64 | 0.31 | 0.00,0.00,0.00 | 0.00 | 0.00 | 0.00,0.00,0.00 | 0.00 | 0.00 | 0.00,0.00,0.00 | 0.00 | 0.00 | 0.00,/home/ubuntu/rocksdb/db/memtable.cc,338,"}",_ZNK7rocksdb8MemTable13KeyComparatorclEPKcRKNS_5SliceE,ldp x23  x24  [sp  #0x30]
100.00,33.17 | 66.75 | 0.09 | 0.00,0.00,0.00 | 0.00 | 0.00 | 0.00,0.00,0.00 | 0.00 | 0.00 | 0.00,0.00,0.00 | 0.00 | 0.00 | 0.00,/home/ubuntu/rocksdb/db/memtable.cc,338,"}",_ZNK7rocksdb8MemTable13KeyComparatorclEPKcRKNS_5SliceE,ldp x19  x20  [sp  #0x10]
100.00,26.50 | 73.33 | 0.18 | 0.00,0.00,0.00 | 0.00 | 0.00 | 0.00,0.00,0.00 | 0.00 | 0.00 | 0.00,0.00,0.00 | 0.00 | 0.00 | 0.00,/home/ubuntu/rocksdb/util/comparator.cc,160,"    return -a.compare(b);",_ZThn32_NK7rocksdb12_GLOBAL__N_122BytewiseComparatorImpl7CompareERKNS_5SliceES4_,ldp x29  x30  [sp]  #0x20
100.00,73.41 | 26.39 | 0.10 | 0.10,0.00,0.00 | 0.00 | 0.00 | 0.00,0.00,0.00 | 0.00 | 0.00 | 0.00,0.00,0.00 | 0.00 | 0.00 | 0.00,/home/ubuntu/rocksdb/memtable/inlineskiplist.h,561,"                  : compare_(next->Key(), key_decoded);",_ZNK7rocksdb14InlineSkipListIRKNS_11MemTableRep13KeyComparatorEE18FindGreaterOrEqualEPKcPPNS5_4NodeE,ldr x3  [x0]
100.00,52.52 | 47.40 | 0.09 | 0.00,0.00,0.00 | 0.00 | 0.00 | 0.00,0.00,0.00 | 0.00 | 0.00 | 0.00,0.00,0.00 | 0.00 | 0.00 | 0.00,/home/ubuntu/rocksdb/monitoring/perf_context.cc,172,"thread_local PerfContext perf_context;",__tls_init,ldp x29  x30  [sp]  #0x20
100.00,75.65 | 24.30 | 0.03 | 0.02,0.00,0.00 | 0.00 | 0.00 | 0.00,0.00,0.00 | 0.00 | 0.00 | 0.00,0.00,0.00 | 0.00 | 0.00 | 0.00,/home/ubuntu/rocksdb/util/user_comparator_wrapper.h,33,"    return user_comparator_->Compare(a, b);",_ZNK7rocksdb8MemTable13KeyComparatorclEPKcRKNS_5SliceE,ldr x3  [x3  #0x20]
100.00,47.85 | 52.13 | 0.02 | 0.00,0.00,0.00 | 0.00 | 0.00 | 0.00,0.00,0.00 | 0.00 | 0.00 | 0.00,0.00,0.00 | 0.00 | 0.00 | 0.00,/home/ubuntu/rocksdb/db/dbformat.h,328,"  return Slice(internal_key.data(), internal_key.size() - kNumInternalBytes);",_ZNK7rocksdb8MemTable13KeyComparatorclEPKcRKNS_5SliceE,ldp x2  x1  [x20]
100.00,87.03 | 12.95 | 0.02 | 0.00,0.00,0.00 | 0.00 | 0.00 | 0.00,0.00,0.00 | 0.00 | 0.00 | 0.00,0.00,0.00 | 0.00 | 0.00 | 0.00,/home/ubuntu/rocksdb/monitoring/perf_context.cc,319,"}  // namespace ROCKSDB_NAMESPACE",__tls_init,ldr x2  [x0  #0xa38]
100.00,50.37 | 49.63 | 0.00 | 0.00,0.00,0.00 | 0.00 | 0.00 | 0.00,0.00,0.00 | 0.00 | 0.00 | 0.00,0.00,0.00 | 0.00 | 0.00 | 0.00,/home/ubuntu/rocksdb/util/comparator.cc,160,"    return -a.compare(b);",_ZThn32_NK7rocksdb12_GLOBAL__N_122BytewiseComparatorImpl7CompareERKNS_5SliceES4_,ldp x1  x19  [x2]
100.00,82.22 | 17.77 | 0.02 | 0.00,0.00,0.00 | 0.00 | 0.00 | 0.00,0.00,0.00 | 0.00 | 0.00 | 0.00,0.00,0.00 | 0.00 | 0.00 | 0.00,/home/ubuntu/rocksdb/util/user_comparator_wrapper.h,32,"    PERF_COUNTER_ADD(user_key_comparison_count, 1);",_ZNK7rocksdb8MemTable13KeyComparatorclEPKcRKNS_5SliceE,ldr x1  [x0  #0xae8]
100.00,99.91 | 0.07 | 0.00 | 0.02,0.00,0.00 | 0.00 | 0.00 | 0.00,0.00,0.00 | 0.00 | 0.00 | 0.00,0.00,0.00 | 0.00 | 0.00 | 0.00,/home/ubuntu/rocksdb/util/user_comparator_wrapper.h,32,"    PERF_COUNTER_ADD(user_key_comparison_count, 1);",_ZNK7rocksdb8MemTable13KeyComparatorclEPKcRKNS_5SliceE,str x1  [x23  x0]
100.00,57.55 | 42.43 | 0.02 | 0.00,0.00,0.00 | 0.00 | 0.00 | 0.00,0.00,0.00 | 0.00 | 0.00 | 0.00,0.00,0.00 | 0.00 | 0.00 | 0.00,/home/ubuntu/rocksdb/db/memtable.cc,338,"}",_ZNK7rocksdb8MemTable13KeyComparatorclEPKcRKNS_5SliceE,ldr x3  [sp  #0x68]
100.00,84.42 | 15.57 | 0.02 | 0.00,0.00,0.00 | 0.00 | 0.00 | 0.00,0.00,0.00 | 0.00 | 0.00 | 0.00,0.00,0.00 | 0.00 | 0.00 | 0.00,???,0,???,???,???
100.00,78.81 | 21.14 | 0.05 | 0.00,0.00,0.00 | 0.00 | 0.00 | 0.00,0.00,0.00 | 0.00 | 0.00 | 0.00,0.00,0.00 | 0.00 | 0.00 | 0.00,???,0,???,???,???
100.00,56.77 | 43.23 | 0.00 | 0.00,0.00,0.00 | 0.00 | 0.00 | 0.00,0.00,0.00 | 0.00 | 0.00 | 0.00,0.00,0.00 | 0.00 | 0.00 | 0.00,/home/ubuntu/rocksdb/db/memtable.cc,338,"}",_ZNK7rocksdb8MemTable13KeyComparatorclEPKcRKNS_5SliceE,ldr x1  [x1  #0xba8]
100.00,62.10 | 37.76 | 0.14 | 0.00,0.00,0.00 | 0.00 | 0.00 | 0.00,0.00,0.00 | 0.00 | 0.00 | 0.00,0.00,0.00 | 0.00 | 0.00 | 0.00,/home/ubuntu/rocksdb/db/memtable.cc,334,"    const char* prefix_len_key, const KeyComparator::DecodedType& key) const {",_ZNK7rocksdb8MemTable13KeyComparatorclEPKcRKNS_5SliceE,ldr x4  [x4  #0xba8]
99.98,83.61 | 16.25 | 0.14 | 0.00,0.00,0.00 | 0.00 | 0.00 | 0.00,0.02,0.00 | 0.00 | 0.00 | 100.00,0.00,0.00 | 0.00 | 0.00 | 0.00,/home/ubuntu/rocksdb/util/user_comparator_wrapper.h,32,"    PERF_COUNTER_ADD(user_key_comparison_count, 1);",_ZNK7rocksdb8MemTable13KeyComparatorclEPKcRKNS_5SliceE,ldr x1  [x0  #0xa88]
100.00,69.75 | 30.06 | 0.19 | 0.00,0.00,0.00 | 0.00 | 0.00 | 0.00,0.00,0.00 | 0.00 | 0.00 | 0.00,0.00,0.00 | 0.00 | 0.00 | 0.00,/home/ubuntu/rocksdb/util/user_comparator_wrapper.h,32,"    PERF_COUNTER_ADD(user_key_comparison_count, 1);",_ZNK7rocksdb8MemTable13KeyComparatorclEPKcRKNS_5SliceE,ldr x0  [x0  #0x4e0]
99.98,89.78 | 10.22 | 0.00 | 0.00,0.02,0.00 | 0.00 | 100.00 | 0.00,0.00,0.00 | 0.00 | 0.00 | 0.00,0.00,0.00 | 0.00 | 0.00 | 0.00,/home/ubuntu/rocksdb/util/user_comparator_wrapper.h,33,"    return user_comparator_->Compare(a, b);",_ZNK7rocksdb8MemTable13KeyComparatorclEPKcRKNS_5SliceE,ldr x3  [x22  #0x10]
100.00,63.04 | 36.62 | 0.33 | 0.00,0.00,0.00 | 0.00 | 0.00 | 0.00,0.00,0.00 | 0.00 | 0.00 | 0.00,0.00,0.00 | 0.00 | 0.00 | 0.00,/home/ubuntu/rocksdb/memtable/inlineskiplist.h,561,"                  : compare_(next->Key(), key_decoded);",_ZNK7rocksdb14InlineSkipListIRKNS_11MemTableRep13KeyComparatorEE18FindGreaterOrEqualEPKcPPNS5_4NodeE,ldr x0  [x27  #0x10]
100.00,99.54 | 0.46 | 0.00 | 0.00,0.00,0.00 | 0.00 | 0.00 | 0.00,0.00,0.00 | 0.00 | 0.00 | 0.00,0.00,0.00 | 0.00 | 0.00 | 0.00,/home/ubuntu/rocksdb/db/dbformat.h,1111,"  int r = user_comparator_.Compare(ExtractUserKey(akey), ExtractUserKey(bkey));",_ZNK7rocksdb8MemTable13KeyComparatorclEPKcRKNS_5SliceE,stp x2  x1  [sp  #0x48]
100.00,99.84 | 0.07 | 0.09 | 0.00,0.00,0.00 | 0.00 | 0.00 | 0.00,0.00,0.00 | 0.00 | 0.00 | 0.00,0.00,0.00 | 0.00 | 0.00 | 0.00,/home/ubuntu/rocksdb/util/comparator.cc,160,"    return -a.compare(b);",_ZThn32_NK7rocksdb12_GLOBAL__N_122BytewiseComparatorImpl7CompareERKNS_5SliceES4_,stp x19  x20  [sp  #0x10]
100.00,99.58 | 0.38 | 0.03 | 0.00,0.00,0.00 | 0.00 | 0.00 | 0.00,0.00,0.00 | 0.00 | 0.00 | 0.00,0.00,0.00 | 0.00 | 0.00 | 0.00,/home/ubuntu/rocksdb/util/coding.h,331,"  uint32_t len = 0;",_ZNK7rocksdb8MemTable13KeyComparatorclEPKcRKNS_5SliceE,str wzr  [sp  #0x58]
100.00,99.78 | 0.21 | 0.00 | 0.02,0.00,0.00 | 0.00 | 0.00 | 0.00,0.00,0.00 | 0.00 | 0.00 | 0.00,0.00,0.00 | 0.00 | 0.00 | 0.00,/home/ubuntu/rocksdb/db/memtable.cc,334,"    const char* prefix_len_key, const KeyComparator::DecodedType& key) const {",_ZNK7rocksdb8MemTable13KeyComparatorclEPKcRKNS_5SliceE,stp x23  x24  [sp  #0x30]
100.00,99.70 | 0.28 | 0.02 | 0.00,0.00,0.00 | 0.00 | 0.00 | 0.00,0.00,0.00 | 0.00 | 0.00 | 0.00,0.00,0.00 | 0.00 | 0.00 | 0.00,/home/ubuntu/rocksdb/db/memtable.cc,334,"    const char* prefix_len_key, const KeyComparator::DecodedType& key) const {",_ZNK7rocksdb8MemTable13KeyComparatorclEPKcRKNS_5SliceE,stp x19  x20  [sp  #0x10]
100.00,99.53 | 0.46 | 0.00 | 0.02,0.00,0.00 | 0.00 | 0.00 | 0.00,0.00,0.00 | 0.00 | 0.00 | 0.00,0.00,0.00 | 0.00 | 0.00 | 0.00,/home/ubuntu/rocksdb/db/memtable.cc,334,"    const char* prefix_len_key, const KeyComparator::DecodedType& key) const {",_ZNK7rocksdb8MemTable13KeyComparatorclEPKcRKNS_5SliceE,str x0  [sp  #0x68]
100.00,99.43 | 0.57 | 0.00 | 0.00,0.00,0.00 | 0.00 | 0.00 | 0.00,0.00,0.00 | 0.00 | 0.00 | 0.00,0.00,0.00 | 0.00 | 0.00 | 0.00,/home/ubuntu/rocksdb/db/dbformat.h,1111,"  int r = user_comparator_.Compare(ExtractUserKey(akey), ExtractUserKey(bkey));",_ZNK7rocksdb8MemTable13KeyComparatorclEPKcRKNS_5SliceE,stp x21  x19  [sp  #0x58]
100.00,99.63 | 0.35 | 0.02 | 0.00,0.00,0.00 | 0.00 | 0.00 | 0.00,0.00,0.00 | 0.00 | 0.00 | 0.00,0.00,0.00 | 0.00 | 0.00 | 0.00,/home/ubuntu/rocksdb/db/memtable.cc,334,"    const char* prefix_len_key, const KeyComparator::DecodedType& key) const {",_ZNK7rocksdb8MemTable13KeyComparatorclEPKcRKNS_5SliceE,stp x21  x22  [sp  #0x20]
100.00,99.37 | 0.63 | 0.00 | 0.00,0.00,0.00 | 0.00 | 0.00 | 0.00,0.00,0.00 | 0.00 | 0.00 | 0.00,0.00,0.00 | 0.00 | 0.00 | 0.00,/home/ubuntu/rocksdb/monitoring/perf_context.cc,172,"thread_local PerfContext perf_context;",__tls_init,stp x29  x30  [sp  #-0x20]!
100.00,4.17 | 13.94 | 58.01 | 23.88,0.00,0.00 | 0.00 | 0.00 | 0.00,0.00,0.00 | 0.00 | 0.00 | 0.00,0.00,0.00 | 0.00 | 0.00 | 0.00,(null),0,(null),(null),(null)
100.00,99.86 | 0.09 | 0.02 | 0.03,0.00,0.00 | 0.00 | 0.00 | 0.00,0.00,0.00 | 0.00 | 0.00 | 0.00,0.00,0.00 | 0.00 | 0.00 | 0.00,/home/ubuntu/rocksdb/util/comparator.cc,160,"    return -a.compare(b);",_ZThn32_NK7rocksdb12_GLOBAL__N_122BytewiseComparatorImpl7CompareERKNS_5SliceES4_,stp x29  x30  [sp  #-0x20]!
100.00,2.77 | 10.77 | 61.66 | 24.80,0.00,0.00 | 0.00 | 0.00 | 0.00,0.00,0.00 | 0.00 | 0.00 | 0.00,0.00,0.00 | 0.00 | 0.00 | 0.00,(null),0,(null),(null),(null)
100.00,99.76 | 0.21 | 0.03 | 0.00,0.00,0.00 | 0.00 | 0.00 | 0.00,0.00,0.00 | 0.00 | 0.00 | 0.00,0.00,0.00 | 0.00 | 0.00 | 0.00,/home/ubuntu/rocksdb/db/memtable.cc,334,"    const char* prefix_len_key, const KeyComparator::DecodedType& key) const {",_ZNK7rocksdb8MemTable13KeyComparatorclEPKcRKNS_5SliceE,stp x29  x30  [sp  #-0x70]!
99.86,97.60 | 2.36 | 0.00 | 0.04,0.14,0.00 | 75.00 | 25.00 | 0.00,0.00,0.00 | 0.00 | 0.00 | 0.00,0.00,0.00 | 0.00 | 0.00 | 0.00,/usr/include/c++/11/bits/atomic_base.h,820,"	return __atomic_load_n(&_M_p, int(__m));",_ZNK7rocksdb14InlineSkipListIRKNS_11MemTableRep13KeyComparatorEE18FindGreaterOrEqualEPKcPPNS5_4NodeE,ldar x19  [x2]
100.00,79.51 | 20.49 | 0.00 | 0.00,0.00,0.00 | 0.00 | 0.00 | 0.00,0.00,0.00 | 0.00 | 0.00 | 0.00,0.00,0.00 | 0.00 | 0.00 | 0.00,/home/ubuntu/rocksdb/memtable/inlineskiplist.h,529,"  return (n != nullptr) && (compare_(n->Key(), key) < 0);",_ZN7rocksdb14InlineSkipListIRKNS_11MemTableRep13KeyComparatorEE21RecomputeSpliceLevelsERKNS_5SliceEPNS5_6SpliceEi,ldr x5  [x5  #0x10]
71.11,4.86 | 92.01 | 1.39 | 1.74,0.25,0.00 | 0.00 | 100.00 | 0.00,28.64,0.00 | 0.00 | 1.72 | 98.28,0.00,0.00 | 0.00 | 0.00 | 0.00,/usr/include/c++/11/bits/random.tcc,455,"      if (_M_p >= state_size)",_ZNSt23mersenne_twister_engineImLm64ELm312ELm156ELm31ELm13043109905998158313ELm29ELm6148914691236517205ELm17ELm8202884508482404352ELm37ELm18444473444759240704ELm43ELm6364136223846793005EEclEv,ldr x2  [x0  #0x9c0]
100.00,67.57 | 32.43 | 0.00 | 0.00,0.00,0.00 | 0.00 | 0.00 | 0.00,0.00,0.00 | 0.00 | 0.00 | 0.00,0.00,0.00 | 0.00 | 0.00 | 0.00,/home/ubuntu/rocksdb/memtable/inlineskiplist.h,529,"  return (n != nullptr) && (compare_(n->Key(), key) < 0);",_ZN7rocksdb14InlineSkipListIRKNS_11MemTableRep13KeyComparatorEE21RecomputeSpliceLevelsERKNS_5SliceEPNS5_6SpliceEi,ldr x5  [x0]
100.00,5.96 | 8.28 | 50.66 | 35.10,0.00,0.00 | 0.00 | 0.00 | 0.00,0.00,0.00 | 0.00 | 0.00 | 0.00,0.00,0.00 | 0.00 | 0.00 | 0.00,(null),0,(null),(null),(null)
100.00,3.68 | 14.71 | 45.22 | 36.40,0.00,0.00 | 0.00 | 0.00 | 0.00,0.00,0.00 | 0.00 | 0.00 | 0.00,0.00,0.00 | 0.00 | 0.00 | 0.00,(null),0,(null),(null),(null)
83.23,58.56 | 41.44 | 0.00 | 0.00,15.51,0.00 | 85.71 | 12.24 | 2.04,1.27,0.00 | 0.00 | 25.00 | 75.00,0.00,0.00 | 0.00 | 0.00 | 0.00,/usr/include/c++/11/bits/random.tcc,459,"      result_type __z = _M_x[_M_p++];",_ZNSt23mersenne_twister_engineImLm64ELm312ELm156ELm31ELm13043109905998158313ELm29ELm6148914691236517205ELm17ELm8202884508482404352ELm37ELm18444473444759240704ELm43ELm6364136223846793005EEclEv,ldr x3  [x19  x2  lsl #3]
100.00,0.00 | 0.00 | 100.00 | 0.00,0.00,0.00 | 0.00 | 0.00 | 0.00,0.00,0.00 | 0.00 | 0.00 | 0.00,0.00,0.00 | 0.00 | 0.00 | 0.00,/home/ubuntu/rocksdb/util/random.h,51,"    uint64_t product = seed_ * A;",_ZN7rocksdb6Random12RandomStringB5cxx11Ei,ldr w0  [x19]
99.72,96.96 | 3.04 | 0.00 | 0.00,0.28,0.00 | 25.00 | 75.00 | 0.00,0.00,0.00 | 0.00 | 0.00 | 0.00,0.00,0.00 | 0.00 | 0.00 | 0.00,/usr/include/c++/11/bits/atomic_base.h,820,"	return __atomic_load_n(&_M_p, int(__m));",_ZNK7rocksdb14InlineSkipListIRKNS_11MemTableRep13KeyComparatorEE18FindGreaterOrEqualEPKcPPNS5_4NodeE,ldar x19  [x2]
100.00,61.94 | 37.80 | 0.26 | 0.00,0.00,0.00 | 0.00 | 0.00 | 0.00,0.00,0.00 | 0.00 | 0.00 | 0.00,0.00,0.00 | 0.00 | 0.00 | 0.00,/home/ubuntu/rocksdb/memtable/inlineskiplist.h,529,"  return (n != nullptr) && (compare_(n->Key(), key) < 0);",_ZN7rocksdb14InlineSkipListIRKNS_11MemTableRep13KeyComparatorEE21RecomputeSpliceLevelsERKNS_5SliceEPNS5_6SpliceEi,ldr x0  [x28  #0x10]
100.00,31.08 | 30.77 | 17.23 | 20.92,0.00,0.00 | 0.00 | 0.00 | 0.00,0.00,0.00 | 0.00 | 0.00 | 0.00,0.00,0.00 | 0.00 | 0.00 | 0.00,/usr/include/c++/11/bits/basic_string.h,168,"	: allocator_type(std::move(__a)), _M_p(__dat) { }",_ZN7rocksdb12_GLOBAL__N_111SkipListRep3GetERKNS_9LookupKeyEPvPFbS5_PKcE,stp xzr  x22  [sp  #0x60]
100.00,29.91 | 36.47 | 27.64 | 5.98,0.00,0.00 | 0.00 | 0.00 | 0.00,0.00,0.00 | 0.00 | 0.00 | 0.00,0.00,0.00 | 0.00 | 0.00 | 0.00,/home/ubuntu/rocksdb/memtable/inlineskiplist.h,534,"InlineSkipList<Comparator>::FindGreaterOrEqual(",_ZNK7rocksdb14InlineSkipListIRKNS_11MemTableRep13KeyComparatorEE18FindGreaterOrEqualEPKcPPNS5_4NodeE,stp x29  x30  [sp  #-0x80]!
100.00,29.33 | 31.33 | 23.00 | 16.33,0.00,0.00 | 0.00 | 0.00 | 0.00,0.00,0.00 | 0.00 | 0.00 | 0.00,0.00,0.00 | 0.00 | 0.00 | 0.00,/usr/include/c++/11/bits/char_traits.h,357,"      { __c1 = __c2; }",_ZN7rocksdb12_GLOBAL__N_111SkipListRep3GetERKNS_9LookupKeyEPvPFbS5_PKcE,strb wzr  [sp  #0x78]
100.00,32.43 | 35.44 | 20.12 | 12.01,0.00,0.00 | 0.00 | 0.00 | 0.00,0.00,0.00 | 0.00 | 0.00 | 0.00,0.00,0.00 | 0.00 | 0.00 | 0.00,/usr/include/c++/11/bits/basic_string.h,191,"      { _M_string_length = __length; }",_ZN7rocksdb12_GLOBAL__N_111SkipListRep3GetERKNS_9LookupKeyEPvPFbS5_PKcE,str xzr  [sp  #0x70]
100.00,59.32 | 9.60 | 8.47 | 22.60,0.00,0.00 | 0.00 | 0.00 | 0.00,0.00,0.00 | 0.00 | 0.00 | 0.00,0.00,0.00 | 0.00 | 0.00 | 0.00,/home/ubuntu/rocksdb/memtable/inlineskiplist.h,384,"  list_ = list;",_ZN7rocksdb12_GLOBAL__N_111SkipListRep3GetERKNS_9LookupKeyEPvPFbS5_PKcE,stp x4  x0  [sp  #0x50]
100.00,82.62 | 17.38 | 0.00 | 0.00,0.00,0.00 | 0.00 | 0.00 | 0.00,0.00,0.00 | 0.00 | 0.00 | 0.00,0.00,0.00 | 0.00 | 0.00 | 0.00,/home/ubuntu/rocksdb/memtable/inlineskiplist.h,529,"  return (n != nullptr) && (compare_(n->Key(), key) < 0);",_ZN7rocksdb14InlineSkipListIRKNS_11MemTableRep13KeyComparatorEE21RecomputeSpliceLevelsERKNS_5SliceEPNS5_6SpliceEi,ldr x5  [x5  #0x10]
100.00,34.44 | 29.47 | 35.43 | 0.66,0.00,0.00 | 0.00 | 0.00 | 0.00,0.00,0.00 | 0.00 | 0.00 | 0.00,0.00,0.00 | 0.00 | 0.00 | 0.00,/home/ubuntu/rocksdb/memtable/inlineskiplist.h,534,"InlineSkipList<Comparator>::FindGreaterOrEqual(",_ZNK7rocksdb14InlineSkipListIRKNS_11MemTableRep13KeyComparatorEE18FindGreaterOrEqualEPKcPPNS5_4NodeE,stp x21  x22  [sp  #0x20]
100.00,59.75 | 8.67 | 5.88 | 25.70,0.00,0.00 | 0.00 | 0.00 | 0.00,0.00,0.00 | 0.00 | 0.00 | 0.00,0.00,0.00 | 0.00 | 0.00 | 0.00,/home/ubuntu/rocksdb/memtable/skiplistrep.cc,85,"  void Get(const LookupKey& k, void* callback_args,",_ZN7rocksdb12_GLOBAL__N_111SkipListRep3GetERKNS_9LookupKeyEPvPFbS5_PKcE,str x6  [sp  #0x88]
100.00,34.66 | 33.44 | 30.98 | 0.92,0.00,0.00 | 0.00 | 0.00 | 0.00,0.00,0.00 | 0.00 | 0.00 | 0.00,0.00,0.00 | 0.00 | 0.00 | 0.00,/home/ubuntu/rocksdb/memtable/inlineskiplist.h,534,"InlineSkipList<Comparator>::FindGreaterOrEqual(",_ZNK7rocksdb14InlineSkipListIRKNS_11MemTableRep13KeyComparatorEE18FindGreaterOrEqualEPKcPPNS5_4NodeE,stp x19  x20  [sp  #0x10]
100.00,57.91 | 10.77 | 9.43 | 21.89,0.00,0.00 | 0.00 | 0.00 | 0.00,0.00,0.00 | 0.00 | 0.00 | 0.00,0.00,0.00 | 0.00 | 0.00 | 0.00,/home/ubuntu/rocksdb/include/rocksdb/slice.h,36,"  Slice() : data_(""), size_(0) {}",_ZN7rocksdb12_GLOBAL__N_111SkipListRep3GetERKNS_9LookupKeyEPvPFbS5_PKcE,stp x5  xzr  [sp  #0x40]
100.00,43.69 | 26.96 | 27.65 | 1.71,0.00,0.00 | 0.00 | 0.00 | 0.00,0.00,0.00 | 0.00 | 0.00 | 0.00,0.00,0.00 | 0.00 | 0.00 | 0.00,/home/ubuntu/rocksdb/memtable/inlineskiplist.h,534,"InlineSkipList<Comparator>::FindGreaterOrEqual(",_ZNK7rocksdb14InlineSkipListIRKNS_11MemTableRep13KeyComparatorEE18FindGreaterOrEqualEPKcPPNS5_4NodeE,stp x23  x24  [sp  #0x30]
100.00,74.19 | 0.29 | 14.37 | 11.14,0.00,0.00 | 0.00 | 0.00 | 0.00,0.00,0.00 | 0.00 | 0.00 | 0.00,0.00,0.00 | 0.00 | 0.00 | 0.00,/home/ubuntu/rocksdb/memtable/skiplistrep.cc,85,"  void Get(const LookupKey& k, void* callback_args,",_ZN7rocksdb12_GLOBAL__N_111SkipListRep3GetERKNS_9LookupKeyEPvPFbS5_PKcE,stp x21  x22  [sp  #0x20]
84.00,69.05 | 30.95 | 0.00 | 0.00,14.00,0.00 | 90.48 | 9.52 | 0.00,2.00,0.00 | 0.00 | 66.67 | 33.33,0.00,0.00 | 0.00 | 0.00 | 0.00,/usr/include/c++/11/bits/random.tcc,459,"      result_type __z = _M_x[_M_p++];",_ZNSt23mersenne_twister_engineImLm64ELm312ELm156ELm31ELm13043109905998158313ELm29ELm6148914691236517205ELm17ELm8202884508482404352ELm37ELm18444473444759240704ELm43ELm6364136223846793005EEclEv,ldr x3  [x19  x2  lsl #3]
100.00,70.63 | 29.37 | 0.00 | 0.00,0.00,0.00 | 0.00 | 0.00 | 0.00,0.00,0.00 | 0.00 | 0.00 | 0.00,0.00,0.00 | 0.00 | 0.00 | 0.00,/home/ubuntu/rocksdb/memtable/inlineskiplist.h,529,"  return (n != nullptr) && (compare_(n->Key(), key) < 0);",_ZN7rocksdb14InlineSkipListIRKNS_11MemTableRep13KeyComparatorEE21RecomputeSpliceLevelsERKNS_5SliceEPNS5_6SpliceEi,ldr x5  [x0]
100.00,28.40 | 21.89 | 46.15 | 3.55,0.00,0.00 | 0.00 | 0.00 | 0.00,0.00,0.00 | 0.00 | 0.00 | 0.00,0.00,0.00 | 0.00 | 0.00 | 0.00,/home/ubuntu/rocksdb/memtable/inlineskiplist.h,534,"InlineSkipList<Comparator>::FindGreaterOrEqual(",_ZNK7rocksdb14InlineSkipListIRKNS_11MemTableRep13KeyComparatorEE18FindGreaterOrEqualEPKcPPNS5_4NodeE,stp x21  x22  [sp  #0x20]
100.00,76.27 | 2.22 | 10.13 | 11.39,0.00,0.00 | 0.00 | 0.00 | 0.00,0.00,0.00 | 0.00 | 0.00 | 0.00,0.00,0.00 | 0.00 | 0.00 | 0.00,/home/ubuntu/rocksdb/memtable/skiplistrep.cc,85,"  void Get(const LookupKey& k, void* callback_args,",_ZN7rocksdb12_GLOBAL__N_111SkipListRep3GetERKNS_9LookupKeyEPvPFbS5_PKcE,stp x23  x24  [sp  #0x30]
100.00,24.10 | 27.71 | 25.90 | 22.29,0.00,0.00 | 0.00 | 0.00 | 0.00,0.00,0.00 | 0.00 | 0.00 | 0.00,0.00,0.00 | 0.00 | 0.00 | 0.00,/usr/include/c++/11/bits/char_traits.h,357,"      { __c1 = __c2; }",_ZN7rocksdb12_GLOBAL__N_111SkipListRep3GetERKNS_9LookupKeyEPvPFbS5_PKcE,strb wzr  [sp  #0x78]
70.30,6.90 | 91.38 | 0.86 | 0.86,0.61,0.00 | 100.00 | 0.00 | 0.00,29.09,0.00 | 0.00 | 2.08 | 97.92,0.00,0.00 | 0.00 | 0.00 | 0.00,/usr/include/c++/11/bits/random.tcc,455,"      if (_M_p >= state_size)",_ZNSt23mersenne_twister_engineImLm64ELm312ELm156ELm31ELm13043109905998158313ELm29ELm6148914691236517205ELm17ELm8202884508482404352ELm37ELm18444473444759240704ELm43ELm6364136223846793005EEclEv,ldr x2  [x0  #0x9c0]
100.00,50.62 | 6.25 | 6.25 | 36.88,0.00,0.00 | 0.00 | 0.00 | 0.00,0.00,0.00 | 0.00 | 0.00 | 0.00,0.00,0.00 | 0.00 | 0.00 | 0.00,/home/ubuntu/rocksdb/include/rocksdb/slice.h,36,"  Slice() : data_(""), size_(0) {}",_ZN7rocksdb12_GLOBAL__N_111SkipListRep3GetERKNS_9LookupKeyEPvPFbS5_PKcE,stp x5  xzr  [sp  #0x40]
99.65,0.35 | 98.26 | 1.39 | 0.00,0.35,0.00 | 100.00 | 0.00 | 0.00,0.00,0.00 | 0.00 | 0.00 | 0.00,0.00,0.00 | 0.00 | 0.00 | 0.00,/home/ubuntu/rocksdb/memtable/memtablerep_bench.cc,322,"    table_->Get(lookup_key, &verify_args, callback);",_ZN7rocksdb19ReadBenchmarkThread7ReadOneEv,ldr x4  [x2  #0x60]
100.00,46.04 | 7.91 | 10.07 | 35.97,0.00,0.00 | 0.00 | 0.00 | 0.00,0.00,0.00 | 0.00 | 0.00 | 0.00,0.00,0.00 | 0.00 | 0.00 | 0.00,/home/ubuntu/rocksdb/memtable/skiplistrep.cc,85,"  void Get(const LookupKey& k, void* callback_args,",_ZN7rocksdb12_GLOBAL__N_111SkipListRep3GetERKNS_9LookupKeyEPvPFbS5_PKcE,str x6  [sp  #0x88]
100.00,4.90 | 93.95 | 0.86 | 0.29,0.00,0.00 | 0.00 | 0.00 | 0.00,0.00,0.00 | 0.00 | 0.00 | 0.00,0.00,0.00 | 0.00 | 0.00 | 0.00,/usr/include/c++/11/bits/random.tcc,459,"      result_type __z = _M_x[_M_p++];",_ZNSt23mersenne_twister_engineImLm64ELm312ELm156ELm31ELm13043109905998158313ELm29ELm6148914691236517205ELm17ELm8202884508482404352ELm37ELm18444473444759240704ELm43ELm6364136223846793005EEclEv,str x2  [x19  #0x9c0]
100.00,25.35 | 27.46 | 35.92 | 11.27,0.00,0.00 | 0.00 | 0.00 | 0.00,0.00,0.00 | 0.00 | 0.00 | 0.00,0.00,0.00 | 0.00 | 0.00 | 0.00,/home/ubuntu/rocksdb/memtable/inlineskiplist.h,534,"InlineSkipList<Comparator>::FindGreaterOrEqual(",_ZNK7rocksdb14InlineSkipListIRKNS_11MemTableRep13KeyComparatorEE18FindGreaterOrEqualEPKcPPNS5_4NodeE,stp x29  x30  [sp  #-0x80]!
100.00,61.64 | 38.36 | 0.00 | 0.00,0.00,0.00 | 0.00 | 0.00 | 0.00,0.00,0.00 | 0.00 | 0.00 | 0.00,0.00,0.00 | 0.00 | 0.00 | 0.00,/home/ubuntu/rocksdb/memtable/inlineskiplist.h,529,"  return (n != nullptr) && (compare_(n->Key(), key) < 0);",_ZN7rocksdb14InlineSkipListIRKNS_11MemTableRep13KeyComparatorEE21RecomputeSpliceLevelsERKNS_5SliceEPNS5_6SpliceEi,ldr x0  [x28  #0x10]
99.78,91.74 | 8.26 | 0.00 | 0.00,0.22,0.00 | 100.00 | 0.00 | 0.00,0.00,0.00 | 0.00 | 0.00 | 0.00,0.00,0.00 | 0.00 | 0.00 | 0.00,/home/ubuntu/rocksdb/memtable/inlineskiplist.h,912,"    FindSpliceForLevel<true>(key, splice->prev_[i + 1], splice->next_[i + 1], i,",_ZN7rocksdb14InlineSkipListIRKNS_11MemTableRep13KeyComparatorEE21RecomputeSpliceLevelsERKNS_5SliceEPNS5_6SpliceEi,ldr x23  [x1  x0]
100.00,38.55 | 29.52 | 20.48 | 11.45,0.00,0.00 | 0.00 | 0.00 | 0.00,0.00,0.00 | 0.00 | 0.00 | 0.00,0.00,0.00 | 0.00 | 0.00 | 0.00,/usr/include/c++/11/bits/basic_string.h,191,"      { _M_string_length = __length; }",_ZN7rocksdb12_GLOBAL__N_111SkipListRep3GetERKNS_9LookupKeyEPvPFbS5_PKcE,str xzr  [sp  #0x70]
100.00,31.29 | 27.21 | 39.46 | 2.04,0.00,0.00 | 0.00 | 0.00 | 0.00,0.00,0.00 | 0.00 | 0.00 | 0.00,0.00,0.00 | 0.00 | 0.00 | 0.00,/home/ubuntu/rocksdb/memtable/inlineskiplist.h,534,"InlineSkipList<Comparator>::FindGreaterOrEqual(",_ZNK7rocksdb14InlineSkipListIRKNS_11MemTableRep13KeyComparatorEE18FindGreaterOrEqualEPKcPPNS5_4NodeE,stp x19  x20  [sp  #0x10]
99.78,89.96 | 10.04 | 0.00 | 0.00,0.22,0.00 | 100.00 | 0.00 | 0.00,0.00,0.00 | 0.00 | 0.00 | 0.00,0.00,0.00 | 0.00 | 0.00 | 0.00,/home/ubuntu/rocksdb/memtable/inlineskiplist.h,912,"    FindSpliceForLevel<true>(key, splice->prev_[i + 1], splice->next_[i + 1], i,",_ZN7rocksdb14InlineSkipListIRKNS_11MemTableRep13KeyComparatorEE21RecomputeSpliceLevelsERKNS_5SliceEPNS5_6SpliceEi,ldr x25  [x2  x0]
90.61,25.39 | 58.03 | 14.51 | 2.07,9.39,0.00 | 60.00 | 35.00 | 5.00,0.00,0.00 | 0.00 | 0.00 | 0.00,0.00,0.00 | 0.00 | 0.00 | 0.00,/usr/include/c++/11/bits/random.tcc,405,"	  _M_x[__k] = (_M_x[__k + __m] ^ (__y >> 1)",_ZNSt23mersenne_twister_engineImLm64ELm312ELm156ELm31ELm13043109905998158313ELm29ELm6148914691236517205ELm17ELm8202884508482404352ELm37ELm18444473444759240704ELm43ELm6364136223846793005EE11_M_gen_randEv,ldr x2  [x3  #0x4e0]
100.00,30.34 | 27.59 | 42.07 | 0.00,0.00,0.00 | 0.00 | 0.00 | 0.00,0.00,0.00 | 0.00 | 0.00 | 0.00,0.00,0.00 | 0.00 | 0.00 | 0.00,/home/ubuntu/rocksdb/memtable/inlineskiplist.h,534,"InlineSkipList<Comparator>::FindGreaterOrEqual(",_ZNK7rocksdb14InlineSkipListIRKNS_11MemTableRep13KeyComparatorEE18FindGreaterOrEqualEPKcPPNS5_4NodeE,stp x23  x24  [sp  #0x30]
100.00,55.47 | 3.12 | 12.50 | 28.91,0.00,0.00 | 0.00 | 0.00 | 0.00,0.00,0.00 | 0.00 | 0.00 | 0.00,0.00,0.00 | 0.00 | 0.00 | 0.00,/home/ubuntu/rocksdb/memtable/inlineskiplist.h,384,"  list_ = list;",_ZN7rocksdb12_GLOBAL__N_111SkipListRep3GetERKNS_9LookupKeyEPvPFbS5_PKcE,stp x4  x0  [sp  #0x50]
100.00,38.55 | 42.17 | 19.28 | 0.00,0.00,0.00 | 0.00 | 0.00 | 0.00,0.00,0.00 | 0.00 | 0.00 | 0.00,0.00,0.00 | 0.00 | 0.00 | 0.00,/home/ubuntu/rocksdb/memtable/inlineskiplist.h,534,"InlineSkipList<Comparator>::FindGreaterOrEqual(",_ZNK7rocksdb14InlineSkipListIRKNS_11MemTableRep13KeyComparatorEE18FindGreaterOrEqualEPKcPPNS5_4NodeE,stp x25  x26  [sp  #0x40]
100.00,57.86 | 1.43 | 15.71 | 25.00,0.00,0.00 | 0.00 | 0.00 | 0.00,0.00,0.00 | 0.00 | 0.00 | 0.00,0.00,0.00 | 0.00 | 0.00 | 0.00,/home/ubuntu/rocksdb/memtable/skiplistrep.cc,85,"  void Get(const LookupKey& k, void* callback_args,",_ZN7rocksdb12_GLOBAL__N_111SkipListRep3GetERKNS_9LookupKeyEPvPFbS5_PKcE,stp x23  x24  [sp  #0x30]
100.00,62.42 | 0.00 | 24.83 | 12.75,0.00,0.00 | 0.00 | 0.00 | 0.00,0.00,0.00 | 0.00 | 0.00 | 0.00,0.00,0.00 | 0.00 | 0.00 | 0.00,/home/ubuntu/rocksdb/memtable/skiplistrep.cc,85,"  void Get(const LookupKey& k, void* callback_args,",_ZN7rocksdb12_GLOBAL__N_111SkipListRep3GetERKNS_9LookupKeyEPvPFbS5_PKcE,stp x21  x22  [sp  #0x20]
95.22,84.95 | 15.05 | 0.00 | 0.00,0.34,0.00 | 100.00 | 0.00 | 0.00,4.44,0.00 | 0.00 | 30.77 | 69.23,0.00,0.00 | 0.00 | 0.00 | 0.00,/home/ubuntu/rocksdb/memtable/memtablerep_bench.cc,315,"    LookupKey lookup_key(user_key, *sequence_);",_ZN7rocksdb19ReadBenchmarkThread7ReadOneEv,ldr x2  [x0]
100.00,90.65 | 9.35 | 0.00 | 0.00,0.00,0.00 | 0.00 | 0.00 | 0.00,0.00,0.00 | 0.00 | 0.00 | 0.00,0.00,0.00 | 0.00 | 0.00 | 0.00,/home/ubuntu/rocksdb/memtable/memtablerep_bench.cc,304,"            ->Equal(Slice(key_ptr, key_length - 8),",_ZN7rocksdb19ReadBenchmarkThread8callbackEPvPKc,ldr x3  [x6  #0x98]
86.32,13.41 | 68.90 | 13.41 | 4.27,13.16,0.00 | 76.00 | 24.00 | 0.00,0.53,0.00 | 0.00 | 100.00 | 0.00,0.00,0.00 | 0.00 | 0.00 | 0.00,/usr/include/c++/11/bits/random.tcc,404,"			   | (_M_x[__k + 1] & __lower_mask));",_ZNSt23mersenne_twister_engineImLm64ELm312ELm156ELm31ELm13043109905998158313ELm29ELm6148914691236517205ELm17ELm8202884508482404352ELm37ELm18444473444759240704ELm43ELm6364136223846793005EE11_M_gen_randEv,ldp x4  x5  [x3]
100.00,31.85 | 31.11 | 20.74 | 16.30,0.00,0.00 | 0.00 | 0.00 | 0.00,0.00,0.00 | 0.00 | 0.00 | 0.00,0.00,0.00 | 0.00 | 0.00 | 0.00,/usr/include/c++/11/bits/basic_string.h,168,"	: allocator_type(std::move(__a)), _M_p(__dat) { }",_ZN7rocksdb12_GLOBAL__N_111SkipListRep3GetERKNS_9LookupKeyEPvPFbS5_PKcE,stp xzr  x22  [sp  #0x60]
99.42,88.89 | 11.11 | 0.00 | 0.00,0.58,0.00 | 100.00 | 0.00 | 0.00,0.00,0.00 | 0.00 | 0.00 | 0.00,0.00,0.00 | 0.00 | 0.00 | 0.00,/home/ubuntu/rocksdb/memtable/memtablerep_bench.cc,322,"    table_->Get(lookup_key, &verify_args, callback);",_ZN7rocksdb19ReadBenchmarkThread7ReadOneEv,ldr x2  [x0]
100.00,60.52 | 36.89 | 2.59 | 0.00,0.00,0.00 | 0.00 | 0.00 | 0.00,0.00,0.00 | 0.00 | 0.00 | 0.00,0.00,0.00 | 0.00 | 0.00 | 0.00,/home/ubuntu/rocksdb/util/coding.h,331,"  uint32_t len = 0;",_ZNK7rocksdb14InlineSkipListIRKNS_11MemTableRep13KeyComparatorEE18FindGreaterOrEqualEPKcPPNS5_4NodeE,str wzr  [sp  #0x68]
100.00,99.41 | 0.59 | 0.00 | 0.00,0.00,0.00 | 0.00 | 0.00 | 0.00,0.00,0.00 | 0.00 | 0.00 | 0.00,0.00,0.00 | 0.00 | 0.00 | 0.00,/home/ubuntu/rocksdb/memtable/memtablerep_bench.cc,297,"  static bool callback(void* arg, const char* entry) {",_ZN7rocksdb19ReadBenchmarkThread8callbackEPvPKc,ldr x1  [x2]
100.00,90.88 | 8.49 | 0.63 | 0.00,0.00,0.00 | 0.00 | 0.00 | 0.00,0.00,0.00 | 0.00 | 0.00 | 0.00,0.00,0.00 | 0.00 | 0.00 | 0.00,/home/ubuntu/rocksdb/memtable/inlineskiplist.h,544,"  const DecodedKey key_decoded = compare_.decode_key(key);",_ZNK7rocksdb14InlineSkipListIRKNS_11MemTableRep13KeyComparatorEE18FindGreaterOrEqualEPKcPPNS5_4NodeE,ldr x3  [x3]
100.00,89.51 | 10.49 | 0.00 | 0.00,0.00,0.00 | 0.00 | 0.00 | 0.00,0.00,0.00 | 0.00 | 0.00 | 0.00,0.00,0.00 | 0.00 | 0.00 | 0.00,/home/ubuntu/rocksdb/memtable/memtablerep_bench.cc,181,"    switch (mode_) {",_ZN7rocksdb19ReadBenchmarkThread7ReadOneEv,ldr w0  [x20  #8]
61.39,0.00 | 25.81 | 72.58 | 1.61,30.69,0.00 | 6.45 | 93.55 | 0.00,0.00,0.00 | 0.00 | 0.00 | 0.00,7.92,0.00 | 0.00 | 0.00 | 100.00,(null),0,(null),(null),(null)
100.00,78.17 | 21.62 | 0.21 | 0.00,0.00,0.00 | 0.00 | 0.00 | 0.00,0.00,0.00 | 0.00 | 0.00 | 0.00,0.00,0.00 | 0.00 | 0.00 | 0.00,/home/ubuntu/rocksdb/memtable/inlineskiplist.h,912,"    FindSpliceForLevel<true>(key, splice->prev_[i + 1], splice->next_[i + 1], i,",_ZN7rocksdb14InlineSkipListIRKNS_11MemTableRep13KeyComparatorEE21RecomputeSpliceLevelsERKNS_5SliceEPNS5_6SpliceEi,ldp x2  x1  [x1  #8]
100.00,4.06 | 94.69 | 1.25 | 0.00,0.00,0.00 | 0.00 | 0.00 | 0.00,0.00,0.00 | 0.00 | 0.00 | 0.00,0.00,0.00 | 0.00 | 0.00 | 0.00,/home/ubuntu/rocksdb/memtable/memtablerep_bench.cc,375,"    for (unsigned int i = 0; i < num_ops_; ++i) {",_ZNSt6thread11_State_implINS_8_InvokerISt5tupleIJN7rocksdb29ConcurrentReadBenchmarkThreadEEEEEE6_M_runEv,ldr x0  [x20  #0x30]
100.00,42.81 | 50.00 | 7.19 | 0.00,0.00,0.00 | 0.00 | 0.00 | 0.00,0.00,0.00 | 0.00 | 0.00 | 0.00,0.00,0.00 | 0.00 | 0.00 | 0.00,/home/ubuntu/rocksdb/memtable/inlineskiplist.h,534,"InlineSkipList<Comparator>::FindGreaterOrEqual(",_ZNK7rocksdb14InlineSkipListIRKNS_11MemTableRep13KeyComparatorEE18FindGreaterOrEqualEPKcPPNS5_4NodeE,str x4  [sp  #0x78]
100.00,97.12 | 2.88 | 0.00 | 0.00,0.00,0.00 | 0.00 | 0.00 | 0.00,0.00,0.00 | 0.00 | 0.00 | 0.00,0.00,0.00 | 0.00 | 0.00 | 0.00,/home/ubuntu/rocksdb/util/random.h,157,"  uint64_t Next() { return generator_(); }",_ZN7rocksdb19ReadBenchmarkThread7ReadOneEv,ldr x0  [x20]
100.00,44.61 | 40.15 | 15.24 | 0.00,0.00,0.00 | 0.00 | 0.00 | 0.00,0.00,0.00 | 0.00 | 0.00 | 0.00,0.00,0.00 | 0.00 | 0.00 | 0.00,/home/ubuntu/rocksdb/memtable/inlineskiplist.h,534,"InlineSkipList<Comparator>::FindGreaterOrEqual(",_ZNK7rocksdb14InlineSkipListIRKNS_11MemTableRep13KeyComparatorEE18FindGreaterOrEqualEPKcPPNS5_4NodeE,str x27  [sp  #0x50]
100.00,100.00 | 0.00 | 0.00 | 0.00,0.00,0.00 | 0.00 | 0.00 | 0.00,0.00,0.00 | 0.00 | 0.00 | 0.00,0.00,0.00 | 0.00 | 0.00 | 0.00,(null),0,(null),(null),(null)
100.00,29.82 | 51.81 | 18.37 | 0.00,0.00,0.00 | 0.00 | 0.00 | 0.00,0.00,0.00 | 0.00 | 0.00 | 0.00,0.00,0.00 | 0.00 | 0.00 | 0.00,/home/ubuntu/rocksdb/include/rocksdb/slice.h,43,"  Slice(const std::string& s) : data_(s.data()), size_(s.size()) {}",_ZN7rocksdb19ReadBenchmarkThread7ReadOneEv,ldp x4  x1  [sp  #0x78]
100.00,0.32 | 95.45 | 3.90 | 0.32,0.00,0.00 | 0.00 | 0.00 | 0.00,0.00,0.00 | 0.00 | 0.00 | 0.00,0.00,0.00 | 0.00 | 0.00 | 0.00,/home/ubuntu/rocksdb/util/comparator.cc,323,"  STATIC_AVOID_DESTRUCTION(BytewiseComparatorImpl, bytewise);",_ZN7rocksdb18BytewiseComparatorEv,ldar x1  [x0]
99.36,95.83 | 4.17 | 0.00 | 0.00,0.00,0.00 | 0.00 | 0.00 | 0.00,0.64,0.00 | 0.00 | 0.00 | 100.00,0.00,0.00 | 0.00 | 0.00 | 0.00,/home/ubuntu/rocksdb/memtable/inlineskiplist.h,544,"  const DecodedKey key_decoded = compare_.decode_key(key);",_ZNK7rocksdb14InlineSkipListIRKNS_11MemTableRep13KeyComparatorEE18FindGreaterOrEqualEPKcPPNS5_4NodeE,ldr x3  [x4]
100.00,0.95 | 97.14 | 1.90 | 0.00,0.00,0.00 | 0.00 | 0.00 | 0.00,0.00,0.00 | 0.00 | 0.00 | 0.00,0.00,0.00 | 0.00 | 0.00 | 0.00,/home/ubuntu/rocksdb/util/comparator.cc,324,"  return &bytewise;",_ZN7rocksdb18BytewiseComparatorEv,ldr x0  [x19  #8]
100.00,93.15 | 6.85 | 0.00 | 0.00,0.00,0.00 | 0.00 | 0.00 | 0.00,0.00,0.00 | 0.00 | 0.00 | 0.00,0.00,0.00 | 0.00 | 0.00 | 0.00,/home/ubuntu/rocksdb/memtable/memtablerep_bench.cc,315,"    LookupKey lookup_key(user_key, *sequence_);",_ZN7rocksdb19ReadBenchmarkThread7ReadOneEv,ldr x0  [x19  #0x28]
100.00,62.82 | 37.18 | 0.00 | 0.00,0.00,0.00 | 0.00 | 0.00 | 0.00,0.00,0.00 | 0.00 | 0.00 | 0.00,0.00,0.00 | 0.00 | 0.00 | 0.00,/home/ubuntu/rocksdb/memtable/memtablerep_bench.cc,327,"  }",_ZN7rocksdb19ReadBenchmarkThread7ReadOneEv,ldr x1  [x0]
100.00,45.54 | 54.46 | 0.00 | 0.00,0.00,0.00 | 0.00 | 0.00 | 0.00,0.00,0.00 | 0.00 | 0.00 | 0.00,0.00,0.00 | 0.00 | 0.00 | 0.00,/home/ubuntu/rocksdb/memtable/skiplistrep.cc,93,"  }",_ZN7rocksdb12_GLOBAL__N_111SkipListRep3GetERKNS_9LookupKeyEPvPFbS5_PKcE,ldr x1  [x0]
100.00,92.96 | 2.82 | 1.41 | 2.82,0.00,0.00 | 0.00 | 0.00 | 0.00,0.00,0.00 | 0.00 | 0.00 | 0.00,0.00,0.00 | 0.00 | 0.00 | 0.00,/usr/include/c++/11/bits/random.tcc,412,"			   | (_M_x[__k + 1] & __lower_mask));",_ZNSt23mersenne_twister_engineImLm64ELm312ELm156ELm31ELm13043109905998158313ELm29ELm6148914691236517205ELm17ELm8202884508482404352ELm37ELm18444473444759240704ELm43ELm6364136223846793005EE11_M_gen_randEv,ldr x4  [x1  #0x4e0]
100.00,5.14 | 92.57 | 2.29 | 0.00,0.00,0.00 | 0.00 | 0.00 | 0.00,0.00,0.00 | 0.00 | 0.00 | 0.00,0.00,0.00 | 0.00 | 0.00 | 0.00,/usr/include/c++/11/bits/random.tcc,459,"      result_type __z = _M_x[_M_p++];",_ZNSt23mersenne_twister_engineImLm64ELm312ELm156ELm31ELm13043109905998158313ELm29ELm6148914691236517205ELm17ELm8202884508482404352ELm37ELm18444473444759240704ELm43ELm6364136223846793005EEclEv,str x2  [x19  #0x9c0]
99.38,0.00 | 99.06 | 0.94 | 0.00,0.62,0.00 | 50.00 | 50.00 | 0.00,0.00,0.00 | 0.00 | 0.00 | 0.00,0.00,0.00 | 0.00 | 0.00 | 0.00,???,0,???,???,???
100.00,94.67 | 5.02 | 0.31 | 0.00,0.00,0.00 | 0.00 | 0.00 | 0.00,0.00,0.00 | 0.00 | 0.00 | 0.00,0.00,0.00 | 0.00 | 0.00 | 0.00,/home/ubuntu/rocksdb/memtable/memtablerep_bench.cc,320,"    verify_args.table = table_;",_ZN7rocksdb19ReadBenchmarkThread7ReadOneEv,ldr x0  [x19  #8]
100.00,0.00 | 99.00 | 1.00 | 0.00,0.00,0.00 | 0.00 | 0.00 | 0.00,0.00,0.00 | 0.00 | 0.00 | 0.00,0.00,0.00 | 0.00 | 0.00 | 0.00,/home/ubuntu/rocksdb/memtable/inlineskiplist.h,542,"  int level = GetMaxHeight() - 1;",_ZNK7rocksdb14InlineSkipListIRKNS_11MemTableRep13KeyComparatorEE18FindGreaterOrEqualEPKcPPNS5_4NodeE,ldr x2  [x2  #0x970]
99.69,9.51 | 89.88 | 0.61 | 0.00,0.31,0.00 | 100.00 | 0.00 | 0.00,0.00,0.00 | 0.00 | 0.00 | 0.00,0.00,0.00 | 0.00 | 0.00 | 0.00,/home/ubuntu/rocksdb/memtable/memtablerep_bench.cc,313,"    auto key = key_gen_->Next();",_ZN7rocksdb19ReadBenchmarkThread7ReadOneEv,ldr x20  [x0  #0x10]
100.00,97.66 | 2.34 | 0.00 | 0.00,0.00,0.00 | 0.00 | 0.00 | 0.00,0.00,0.00 | 0.00 | 0.00 | 0.00,0.00,0.00 | 0.00 | 0.00 | 0.00,/home/ubuntu/rocksdb/memtable/memtablerep_bench.cc,304,"            ->Equal(Slice(key_ptr, key_length - 8),",_ZN7rocksdb19ReadBenchmarkThread8callbackEPvPKc,ldr x6  [x0]
100.00,0.00 | 98.99 | 0.68 | 0.34,0.00,0.00 | 0.00 | 0.00 | 0.00,0.00,0.00 | 0.00 | 0.00 | 0.00,0.00,0.00 | 0.00 | 0.00 | 0.00,(null),0,(null),(null),(null)
100.00,0.32 | 98.70 | 0.97 | 0.00,0.00,0.00 | 0.00 | 0.00 | 0.00,0.00,0.00 | 0.00 | 0.00 | 0.00,0.00,0.00 | 0.00 | 0.00 | 0.00,???,0,???,???,???
100.00,0.35 | 98.25 | 1.40 | 0.00,0.00,0.00 | 0.00 | 0.00 | 0.00,0.00,0.00 | 0.00 | 0.00 | 0.00,0.00,0.00 | 0.00 | 0.00 | 0.00,???,0,???,???,???
100.00,17.23 | 73.65 | 9.12 | 0.00,0.00,0.00 | 0.00 | 0.00 | 0.00,0.00,0.00 | 0.00 | 0.00 | 0.00,0.00,0.00 | 0.00 | 0.00 | 0.00,/home/ubuntu/rocksdb/include/rocksdb/slice.h,61,"  size_t size() const { return size_; }",_ZN7rocksdb9LookupKeyC2ERKNS_5SliceEmPS2_,ldr x23  [x1  #8]
100.00,73.03 | 26.97 | 0.00 | 0.00,0.00,0.00 | 0.00 | 0.00 | 0.00,0.00,0.00 | 0.00 | 0.00 | 0.00,0.00,0.00 | 0.00 | 0.00 | 0.00,/home/ubuntu/rocksdb/memtable/memtablerep_bench.cc,309,"  }",_ZN7rocksdb19ReadBenchmarkThread8callbackEPvPKc,ldr x1  [x0]
99.69,4.10 | 94.95 | 0.63 | 0.32,0.31,0.00 | 100.00 | 0.00 | 0.00,0.00,0.00 | 0.00 | 0.00 | 0.00,0.00,0.00 | 0.00 | 0.00 | 0.00,/home/ubuntu/rocksdb/memtable/memtablerep_bench.cc,297,"  static bool callback(void* arg, const char* entry) {",_ZN7rocksdb19ReadBenchmarkThread8callbackEPvPKc,ldr x2  [x2  #0xe38]
100.00,93.93 | 6.07 | 0.00 | 0.00,0.00,0.00 | 0.00 | 0.00 | 0.00,0.00,0.00 | 0.00 | 0.00 | 0.00,0.00,0.00 | 0.00 | 0.00 | 0.00,/home/ubuntu/rocksdb/memtable/memtablerep_bench.cc,185,"        return rand_->Next() % num_;",_ZN7rocksdb19ReadBenchmarkThread7ReadOneEv,ldr x3  [x20  #0x10]
100.00,37.97 | 49.37 | 12.66 | 0.00,0.00,0.00 | 0.00 | 0.00 | 0.00,0.00,0.00 | 0.00 | 0.00 | 0.00,0.00,0.00 | 0.00 | 0.00 | 0.00,/home/ubuntu/rocksdb/util/comparator.cc,325,"}",_ZN7rocksdb18BytewiseComparatorEv,ldp x29  x30  [sp]  #0x20
100.00,0.98 | 97.39 | 1.63 | 0.00,0.00,0.00 | 0.00 | 0.00 | 0.00,0.00,0.00 | 0.00 | 0.00 | 0.00,0.00,0.00 | 0.00 | 0.00 | 0.00,/home/ubuntu/rocksdb/include/rocksdb/slice.h,277,"  return ((x.size() == y.size()) &&",_ZNK7rocksdb12_GLOBAL__N_122BytewiseComparatorImpl5EqualERKNS_5SliceES4_,ldr x4  [x2  #8]
100.00,83.55 | 16.45 | 0.00 | 0.00,0.00,0.00 | 0.00 | 0.00 | 0.00,0.00,0.00 | 0.00 | 0.00 | 0.00,0.00,0.00 | 0.00 | 0.00 | 0.00,/home/ubuntu/rocksdb/memtable/inlineskiplist.h,573,"}",_ZNK7rocksdb14InlineSkipListIRKNS_11MemTableRep13KeyComparatorEE18FindGreaterOrEqualEPKcPPNS5_4NodeE,ldr x1  [x0]
100.00,100.00 | 0.00 | 0.00 | 0.00,0.00,0.00 | 0.00 | 0.00 | 0.00,0.00,0.00 | 0.00 | 0.00 | 0.00,0.00,0.00 | 0.00 | 0.00 | 0.00,(null),0,(null),(null),(null)
100.00,100.00 | 0.00 | 0.00 | 0.00,0.00,0.00 | 0.00 | 0.00 | 0.00,0.00,0.00 | 0.00 | 0.00 | 0.00,0.00,0.00 | 0.00 | 0.00 | 0.00,/home/ubuntu/rocksdb/db/lookup_key.h,43,"    return Slice(kstart_, static_cast<size_t>(end_ - kstart_ - 8));",_ZN7rocksdb19ReadBenchmarkThread8callbackEPvPKc,ldr x4  [x5  #8]
100.00,34.39 | 45.22 | 20.38 | 0.00,0.00,0.00 | 0.00 | 0.00 | 0.00,0.00,0.00 | 0.00 | 0.00 | 0.00,0.00,0.00 | 0.00 | 0.00 | 0.00,/home/ubuntu/rocksdb/memtable/inlineskiplist.h,534,"InlineSkipList<Comparator>::FindGreaterOrEqual(",_ZNK7rocksdb14InlineSkipListIRKNS_11MemTableRep13KeyComparatorEE18FindGreaterOrEqualEPKcPPNS5_4NodeE,str x27  [sp  #0x50]
100.00,88.14 | 11.22 | 0.64 | 0.00,0.00,0.00 | 0.00 | 0.00 | 0.00,0.00,0.00 | 0.00 | 0.00 | 0.00,0.00,0.00 | 0.00 | 0.00 | 0.00,/home/ubuntu/rocksdb/util/coding.h,335,"  return Slice(p, len);",_ZNK7rocksdb14InlineSkipListIRKNS_11MemTableRep13KeyComparatorEE18FindGreaterOrEqualEPKcPPNS5_4NodeE,stp x0  x1  [sp  #0x68]
100.00,51.48 | 48.25 | 0.27 | 0.00,0.00,0.00 | 0.00 | 0.00 | 0.00,0.00,0.00 | 0.00 | 0.00 | 0.00,0.00,0.00 | 0.00 | 0.00 | 0.00,/usr/include/c++/11/bits/random.tcc,466,"    }",_ZNSt23mersenne_twister_engineImLm64ELm312ELm156ELm31ELm13043109905998158313ELm29ELm6148914691236517205ELm17ELm8202884508482404352ELm37ELm18444473444759240704ELm43ELm6364136223846793005EEclEv,ldr x19  [sp  #0x10]
100.00,86.45 | 13.55 | 0.00 | 0.00,0.00,0.00 | 0.00 | 0.00 | 0.00,0.00,0.00 | 0.00 | 0.00 | 0.00,0.00,0.00 | 0.00 | 0.00 | 0.00,/home/ubuntu/rocksdb/memtable/inlineskiplist.h,912,"    FindSpliceForLevel<true>(key, splice->prev_[i + 1], splice->next_[i + 1], i,",_ZN7rocksdb14InlineSkipListIRKNS_11MemTableRep13KeyComparatorEE21RecomputeSpliceLevelsERKNS_5SliceEPNS5_6SpliceEi,ldr x1  [sp  #0x78]
99.43,93.68 | 2.87 | 0.00 | 3.45,0.00,0.00 | 0.00 | 0.00 | 0.00,0.57,0.00 | 0.00 | 0.00 | 100.00,0.00,0.00 | 0.00 | 0.00 | 0.00,/usr/include/c++/11/bits/random.tcc,413,"	  _M_x[__k] = (_M_x[__k + (__m - __n)] ^ (__y >> 1)",_ZNSt23mersenne_twister_engineImLm64ELm312ELm156ELm31ELm13043109905998158313ELm29ELm6148914691236517205ELm17ELm8202884508482404352ELm37ELm18444473444759240704ELm43ELm6364136223846793005EE11_M_gen_randEv,ldur x2  [x1  #-8]
100.00,98.81 | 1.19 | 0.00 | 0.00,0.00,0.00 | 0.00 | 0.00 | 0.00,0.00,0.00 | 0.00 | 0.00 | 0.00,0.00,0.00 | 0.00 | 0.00 | 0.00,/home/ubuntu/rocksdb/db/lookup_key.h,43,"    return Slice(kstart_, static_cast<size_t>(end_ - kstart_ - 8));",_ZN7rocksdb19ReadBenchmarkThread8callbackEPvPKc,ldr x1  [x5  #0x10]
100.00,37.90 | 61.81 | 0.29 | 0.00,0.00,0.00 | 0.00 | 0.00 | 0.00,0.00,0.00 | 0.00 | 0.00 | 0.00,0.00,0.00 | 0.00 | 0.00 | 0.00,/home/ubuntu/rocksdb/memtable/memtablerep_bench.cc,327,"  }",_ZN7rocksdb19ReadBenchmarkThread7ReadOneEv,ldp x29  x30  [sp]  #0x180
84.04,1.27 | 29.11 | 65.82 | 3.80,15.96,0.00 | 6.67 | 93.33 | 0.00,0.00,0.00 | 0.00 | 0.00 | 0.00,0.00,0.00 | 0.00 | 0.00 | 0.00,(null),0,(null),(null),(null)
100.00,56.70 | 43.02 | 0.28 | 0.00,0.00,0.00 | 0.00 | 0.00 | 0.00,0.00,0.00 | 0.00 | 0.00 | 0.00,0.00,0.00 | 0.00 | 0.00 | 0.00,/home/ubuntu/rocksdb/memtable/memtablerep_bench.cc,327,"  }",_ZN7rocksdb19ReadBenchmarkThread7ReadOneEv,ldr x0  [x0  #0xe38]
100.00,96.41 | 3.59 | 0.00 | 0.00,0.00,0.00 | 0.00 | 0.00 | 0.00,0.00,0.00 | 0.00 | 0.00 | 0.00,0.00,0.00 | 0.00 | 0.00 | 0.00,/home/ubuntu/rocksdb/memtable/memtablerep_bench.cc,311,"  void ReadOne() {",_ZN7rocksdb19ReadBenchmarkThread7ReadOneEv,ldr x0  [x1]
100.00,92.26 | 7.74 | 0.00 | 0.00,0.00,0.00 | 0.00 | 0.00 | 0.00,0.00,0.00 | 0.00 | 0.00 | 0.00,0.00,0.00 | 0.00 | 0.00 | 0.00,/home/ubuntu/rocksdb/memtable/skiplistrep.cc,85,"  void Get(const LookupKey& k, void* callback_args,",_ZN7rocksdb12_GLOBAL__N_111SkipListRep3GetERKNS_9LookupKeyEPvPFbS5_PKcE,ldr x6  [x5]
99.41,25.89 | 72.92 | 1.19 | 0.00,0.59,0.00 | 100.00 | 0.00 | 0.00,0.00,0.00 | 0.00 | 0.00 | 0.00,0.00,0.00 | 0.00 | 0.00 | 0.00,/home/ubuntu/rocksdb/memtable/memtablerep_bench.cc,327,"  }",_ZN7rocksdb19ReadBenchmarkThread7ReadOneEv,ldp x23  x24  [sp  #0x30]
100.00,96.70 | 3.30 | 0.00 | 0.00,0.00,0.00 | 0.00 | 0.00 | 0.00,0.00,0.00 | 0.00 | 0.00 | 0.00,0.00,0.00 | 0.00 | 0.00 | 0.00,/home/ubuntu/rocksdb/memtable/inlineskiplist.h,897,"      *out_prev = before;",_ZN7rocksdb14InlineSkipListIRKNS_11MemTableRep13KeyComparatorEE21RecomputeSpliceLevelsERKNS_5SliceEPNS5_6SpliceEi,str x25  [x0  x24]
100.00,59.82 | 36.56 | 3.63 | 0.00,0.00,0.00 | 0.00 | 0.00 | 0.00,0.00,0.00 | 0.00 | 0.00 | 0.00,0.00,0.00 | 0.00 | 0.00 | 0.00,/home/ubuntu/rocksdb/db/dbformat.cc,269,"}",_ZN7rocksdb9LookupKeyC2ERKNS_5SliceEmPS2_,ldr x25  [sp  #0x40]
100.00,61.38 | 38.62 | 0.00 | 0.00,0.00,0.00 | 0.00 | 0.00 | 0.00,0.00,0.00 | 0.00 | 0.00 | 0.00,0.00,0.00 | 0.00 | 0.00 | 0.00,(null),0,(null),(null),(null)
100.00,55.23 | 40.85 | 3.92 | 0.00,0.00,0.00 | 0.00 | 0.00 | 0.00,0.00,0.00 | 0.00 | 0.00 | 0.00,0.00,0.00 | 0.00 | 0.00 | 0.00,/home/ubuntu/rocksdb/util/comparator.cc,325,"}",_ZN7rocksdb18BytewiseComparatorEv,ldr x19  [sp  #0x10]
100.00,37.57 | 62.43 | 0.00 | 0.00,0.00,0.00 | 0.00 | 0.00 | 0.00,0.00,0.00 | 0.00 | 0.00 | 0.00,0.00,0.00 | 0.00 | 0.00 | 0.00,/home/ubuntu/rocksdb/memtable/skiplistrep.cc,93,"  }",_ZN7rocksdb12_GLOBAL__N_111SkipListRep3GetERKNS_9LookupKeyEPvPFbS5_PKcE,ldp x29  x30  [sp]  #0x90
100.00,53.47 | 46.53 | 0.00 | 0.00,0.00,0.00 | 0.00 | 0.00 | 0.00,0.00,0.00 | 0.00 | 0.00 | 0.00,0.00,0.00 | 0.00 | 0.00 | 0.00,(null),0,(null),(null),(null)
100.00,46.20 | 53.19 | 0.61 | 0.00,0.00,0.00 | 0.00 | 0.00 | 0.00,0.00,0.00 | 0.00 | 0.00 | 0.00,0.00,0.00 | 0.00 | 0.00 | 0.00,/home/ubuntu/rocksdb/db/dbformat.cc,269,"}",_ZN7rocksdb9LookupKeyC2ERKNS_5SliceEmPS2_,ldp x23  x24  [sp  #0x30]
100.00,41.30 | 58.70 | 0.00 | 0.00,0.00,0.00 | 0.00 | 0.00 | 0.00,0.00,0.00 | 0.00 | 0.00 | 0.00,0.00,0.00 | 0.00 | 0.00 | 0.00,/home/ubuntu/rocksdb/memtable/memtablerep_bench.cc,323,"    if (verify_args.found) {",_ZN7rocksdb19ReadBenchmarkThread7ReadOneEv,ldrb w0  [sp  #0x58]
100.00,91.03 | 8.97 | 0.00 | 0.00,0.00,0.00 | 0.00 | 0.00 | 0.00,0.00,0.00 | 0.00 | 0.00 | 0.00,0.00,0.00 | 0.00 | 0.00 | 0.00,/home/ubuntu/rocksdb/memtable/inlineskiplist.h,912,"    FindSpliceForLevel<true>(key, splice->prev_[i + 1], splice->next_[i + 1], i,",_ZN7rocksdb14InlineSkipListIRKNS_11MemTableRep13KeyComparatorEE21RecomputeSpliceLevelsERKNS_5SliceEPNS5_6SpliceEi,ldr x23  [x1  x0]
100.00,89.78 | 9.73 | 0.50 | 0.00,0.00,0.00 | 0.00 | 0.00 | 0.00,0.00,0.00 | 0.00 | 0.00 | 0.00,0.00,0.00 | 0.00 | 0.00 | 0.00,/home/ubuntu/rocksdb/memtable/inlineskiplist.h,898,"      *out_next = next;",_ZN7rocksdb14InlineSkipListIRKNS_11MemTableRep13KeyComparatorEE21RecomputeSpliceLevelsERKNS_5SliceEPNS5_6SpliceEi,ldr x0  [sp  #0x70]
100.00,62.46 | 37.24 | 0.29 | 0.00,0.00,0.00 | 0.00 | 0.00 | 0.00,0.00,0.00 | 0.00 | 0.00 | 0.00,0.00,0.00 | 0.00 | 0.00 | 0.00,/usr/include/c++/11/bits/random.tcc,466,"    }",_ZNSt23mersenne_twister_engineImLm64ELm312ELm156ELm31ELm13043109905998158313ELm29ELm6148914691236517205ELm17ELm8202884508482404352ELm37ELm18444473444759240704ELm43ELm6364136223846793005EEclEv,ldp x29  x30  [sp]  #0x20
100.00,0.00 | 99.26 | 0.74 | 0.00,0.00,0.00 | 0.00 | 0.00 | 0.00,0.00,0.00 | 0.00 | 0.00 | 0.00,0.00,0.00 | 0.00 | 0.00 | 0.00,/home/ubuntu/rocksdb/memtable/memtablerep_bench.cc,322,"    table_->Get(lookup_key, &verify_args, callback);",_ZN7rocksdb19ReadBenchmarkThread7ReadOneEv,ldr x4  [x2  #0x60]
100.00,96.87 | 3.13 | 0.00 | 0.00,0.00,0.00 | 0.00 | 0.00 | 0.00,0.00,0.00 | 0.00 | 0.00 | 0.00,0.00,0.00 | 0.00 | 0.00 | 0.00,/home/ubuntu/rocksdb/memtable/inlineskiplist.h,534,"InlineSkipList<Comparator>::FindGreaterOrEqual(",_ZNK7rocksdb14InlineSkipListIRKNS_11MemTableRep13KeyComparatorEE18FindGreaterOrEqualEPKcPPNS5_4NodeE,ldr x4  [x3]
100.00,52.52 | 43.71 | 3.77 | 0.00,0.00,0.00 | 0.00 | 0.00 | 0.00,0.00,0.00 | 0.00 | 0.00 | 0.00,0.00,0.00 | 0.00 | 0.00 | 0.00,/home/ubuntu/rocksdb/db/dbformat.cc,269,"}",_ZN7rocksdb9LookupKeyC2ERKNS_5SliceEmPS2_,ldp x29  x30  [sp]  #0x50
100.00,97.91 | 2.09 | 0.00 | 0.00,0.00,0.00 | 0.00 | 0.00 | 0.00,0.00,0.00 | 0.00 | 0.00 | 0.00,0.00,0.00 | 0.00 | 0.00 | 0.00,/home/ubuntu/rocksdb/util/user_comparator_wrapper.h,29,"  const Comparator* user_comparator() const { return user_comparator_; }",_ZN7rocksdb19ReadBenchmarkThread8callbackEPvPKc,ldr x0  [x0  #8]
100.00,45.03 | 54.97 | 0.00 | 0.00,0.00,0.00 | 0.00 | 0.00 | 0.00,0.00,0.00 | 0.00 | 0.00 | 0.00,0.00,0.00 | 0.00 | 0.00 | 0.00,/home/ubuntu/rocksdb/memtable/skiplistrep.cc,93,"  }",_ZN7rocksdb12_GLOBAL__N_111SkipListRep3GetERKNS_9LookupKeyEPvPFbS5_PKcE,ldp x21  x22  [sp  #0x20]
100.00,89.47 | 10.53 | 0.00 | 0.00,0.00,0.00 | 0.00 | 0.00 | 0.00,0.00,0.00 | 0.00 | 0.00 | 0.00,0.00,0.00 | 0.00 | 0.00 | 0.00,/home/ubuntu/rocksdb/memtable/inlineskiplist.h,912,"    FindSpliceForLevel<true>(key, splice->prev_[i + 1], splice->next_[i + 1], i,",_ZN7rocksdb14InlineSkipListIRKNS_11MemTableRep13KeyComparatorEE21RecomputeSpliceLevelsERKNS_5SliceEPNS5_6SpliceEi,ldr x25  [x2  x0]
100.00,18.41 | 81.59 | 0.00 | 0.00,0.00,0.00 | 0.00 | 0.00 | 0.00,0.00,0.00 | 0.00 | 0.00 | 0.00,0.00,0.00 | 0.00 | 0.00 | 0.00,/home/ubuntu/rocksdb/memtable/memtablerep_bench.cc,327,"  }",_ZN7rocksdb19ReadBenchmarkThread7ReadOneEv,ldp x19  x20  [sp  #0x10]
100.00,16.15 | 83.85 | 0.00 | 0.00,0.00,0.00 | 0.00 | 0.00 | 0.00,0.00,0.00 | 0.00 | 0.00 | 0.00,0.00,0.00 | 0.00 | 0.00 | 0.00,/home/ubuntu/rocksdb/memtable/inlineskiplist.h,573,"}",_ZNK7rocksdb14InlineSkipListIRKNS_11MemTableRep13KeyComparatorEE18FindGreaterOrEqualEPKcPPNS5_4NodeE,ldp x25  x26  [sp  #0x40]
100.00,39.16 | 39.86 | 20.98 | 0.00,0.00,0.00 | 0.00 | 0.00 | 0.00,0.00,0.00 | 0.00 | 0.00 | 0.00,0.00,0.00 | 0.00 | 0.00 | 0.00,/home/ubuntu/rocksdb/memtable/inlineskiplist.h,534,"InlineSkipList<Comparator>::FindGreaterOrEqual(",_ZNK7rocksdb14InlineSkipListIRKNS_11MemTableRep13KeyComparatorEE18FindGreaterOrEqualEPKcPPNS5_4NodeE,stp x25  x26  [sp  #0x40]
57.78,0.00 | 30.77 | 57.69 | 11.54,33.33,0.00 | 20.00 | 80.00 | 0.00,0.00,0.00 | 0.00 | 0.00 | 0.00,8.89,0.00 | 0.00 | 0.00 | 100.00,(null),0,(null),(null),(null)
83.16,0.00 | 68.35 | 30.38 | 1.27,15.79,0.00 | 20.00 | 80.00 | 0.00,0.00,0.00 | 0.00 | 0.00 | 0.00,1.05,0.00 | 0.00 | 0.00 | 100.00,(null),0,(null),(null),(null)
100.00,19.69 | 80.31 | 0.00 | 0.00,0.00,0.00 | 0.00 | 0.00 | 0.00,0.00,0.00 | 0.00 | 0.00 | 0.00,0.00,0.00 | 0.00 | 0.00 | 0.00,/home/ubuntu/rocksdb/memtable/inlineskiplist.h,573,"}",_ZNK7rocksdb14InlineSkipListIRKNS_11MemTableRep13KeyComparatorEE18FindGreaterOrEqualEPKcPPNS5_4NodeE,ldp x29  x30  [sp]  #0x80
99.66,19.26 | 80.74 | 0.00 | 0.00,0.34,0.00 | 100.00 | 0.00 | 0.00,0.00,0.00 | 0.00 | 0.00 | 0.00,0.00,0.00 | 0.00 | 0.00 | 0.00,/home/ubuntu/rocksdb/memtable/memtablerep_bench.cc,327,"  }",_ZN7rocksdb19ReadBenchmarkThread7ReadOneEv,ldp x21  x22  [sp  #0x20]
100.00,93.96 | 3.85 | 1.10 | 1.10,0.00,0.00 | 0.00 | 0.00 | 0.00,0.00,0.00 | 0.00 | 0.00 | 0.00,0.00,0.00 | 0.00 | 0.00 | 0.00,/usr/include/c++/11/bits/random.tcc,411,"	  _UIntType __y = ((_M_x[__k] & __upper_mask)",_ZNSt23mersenne_twister_engineImLm64ELm312ELm156ELm31ELm13043109905998158313ELm29ELm6148914691236517205ELm17ELm8202884508482404352ELm37ELm18444473444759240704ELm43ELm6364136223846793005EE11_M_gen_randEv,ldr x3  [x1  #0x4e0]
96.78,93.66 | 6.34 | 0.00 | 0.00,3.22,0.00 | 81.82 | 18.18 | 0.00,0.00,0.00 | 0.00 | 0.00 | 0.00,0.00,0.00 | 0.00 | 0.00 | 0.00,/home/ubuntu/rocksdb/memtable/memtablerep_bench.cc,322,"    table_->Get(lookup_key, &verify_args, callback);",_ZN7rocksdb19ReadBenchmarkThread7ReadOneEv,ldr x3  [x3  #0xfc0]
100.00,100.00 | 0.00 | 0.00 | 0.00,0.00,0.00 | 0.00 | 0.00 | 0.00,0.00,0.00 | 0.00 | 0.00 | 0.00,0.00,0.00 | 0.00 | 0.00 | 0.00,(null),0,(null),(null),(null)
100.00,94.44 | 5.56 | 0.00 | 0.00,0.00,0.00 | 0.00 | 0.00 | 0.00,0.00,0.00 | 0.00 | 0.00 | 0.00,0.00,0.00 | 0.00 | 0.00 | 0.00,/home/ubuntu/rocksdb/util/coding.h,108,"    uint32_t result = *(reinterpret_cast<const unsigned char*>(p));",_ZNK7rocksdb14InlineSkipListIRKNS_11MemTableRep13KeyComparatorEE18FindGreaterOrEqualEPKcPPNS5_4NodeE,ldrb w1  [x1]
100.00,79.06 | 20.31 | 0.31 | 0.31,0.00,0.00 | 0.00 | 0.00 | 0.00,0.00,0.00 | 0.00 | 0.00 | 0.00,0.00,0.00 | 0.00 | 0.00 | 0.00,/home/ubuntu/rocksdb/memtable/memtablerep_bench.cc,309,"  }",_ZN7rocksdb19ReadBenchmarkThread8callbackEPvPKc,ldr x0  [x0  #0xe38]
99.36,8.39 | 89.68 | 0.65 | 1.29,0.00,0.00 | 0.00 | 0.00 | 0.00,0.00,0.00 | 0.00 | 0.00 | 0.00,0.64,0.00 | 0.00 | 0.00 | 100.00,/home/ubuntu/rocksdb/memtable/memtablerep_bench.cc,313,"    auto key = key_gen_->Next();",_ZN7rocksdb19ReadBenchmarkThread7ReadOneEv,ldr x20  [x0  #0x10]
100.00,86.29 | 13.08 | 0.62 | 0.00,0.00,0.00 | 0.00 | 0.00 | 0.00,0.00,0.00 | 0.00 | 0.00 | 0.00,0.00,0.00 | 0.00 | 0.00 | 0.00,/home/ubuntu/rocksdb/memtable/memtablerep_bench.cc,185,"        return rand_->Next() % num_;",_ZN7rocksdb19ReadBenchmarkThread7ReadOneEv,ldr x4  [sp  #0x80]
100.00,64.81 | 35.19 | 0.00 | 0.00,0.00,0.00 | 0.00 | 0.00 | 0.00,0.00,0.00 | 0.00 | 0.00 | 0.00,0.00,0.00 | 0.00 | 0.00 | 0.00,/home/ubuntu/rocksdb/memtable/skiplistrep.cc,93,"  }",_ZN7rocksdb12_GLOBAL__N_111SkipListRep3GetERKNS_9LookupKeyEPvPFbS5_PKcE,ldr x0  [x0  #0xba8]
100.00,90.00 | 7.50 | 2.50 | 0.00,0.00,0.00 | 0.00 | 0.00 | 0.00,0.00,0.00 | 0.00 | 0.00 | 0.00,0.00,0.00 | 0.00 | 0.00 | 0.00,/home/ubuntu/rocksdb/db/dbformat.h,399,"  explicit InternalKeyComparator(const Comparator* c) : user_comparator_(c) {}",_ZN7rocksdb19ReadBenchmarkThread7ReadOneEv,ldr x1  [x1  #0xfb8]
100.00,37.76 | 40.56 | 20.98 | 0.70,0.00,0.00 | 0.00 | 0.00 | 0.00,0.00,0.00 | 0.00 | 0.00 | 0.00,0.00,0.00 | 0.00 | 0.00 | 0.00,/home/ubuntu/rocksdb/memtable/inlineskiplist.h,534,"InlineSkipList<Comparator>::FindGreaterOrEqual(",_ZNK7rocksdb14InlineSkipListIRKNS_11MemTableRep13KeyComparatorEE18FindGreaterOrEqualEPKcPPNS5_4NodeE,str x4  [sp  #0x78]
100.00,98.54 | 1.46 | 0.00 | 0.00,0.00,0.00 | 0.00 | 0.00 | 0.00,0.00,0.00 | 0.00 | 0.00 | 0.00,0.00,0.00 | 0.00 | 0.00 | 0.00,/home/ubuntu/rocksdb/memtable/inlineskiplist.h,534,"InlineSkipList<Comparator>::FindGreaterOrEqual(",_ZNK7rocksdb14InlineSkipListIRKNS_11MemTableRep13KeyComparatorEE18FindGreaterOrEqualEPKcPPNS5_4NodeE,ldr x3  [x3  #0xba8]
88.75,11.27 | 60.56 | 19.72 | 8.45,10.00,0.00 | 75.00 | 25.00 | 0.00,1.25,0.00 | 0.00 | 100.00 | 0.00,0.00,0.00 | 0.00 | 0.00 | 0.00,/usr/include/c++/11/bits/random.tcc,404,"			   | (_M_x[__k + 1] & __lower_mask));",_ZNSt23mersenne_twister_engineImLm64ELm312ELm156ELm31ELm13043109905998158313ELm29ELm6148914691236517205ELm17ELm8202884508482404352ELm37ELm18444473444759240704ELm43ELm6364136223846793005EE11_M_gen_randEv,ldp x4  x5  [x3]
100.00,48.26 | 51.74 | 0.00 | 0.00,0.00,0.00 | 0.00 | 0.00 | 0.00,0.00,0.00 | 0.00 | 0.00 | 0.00,0.00,0.00 | 0.00 | 0.00 | 0.00,/home/ubuntu/rocksdb/memtable/memtablerep_bench.cc,327,"  }",_ZN7rocksdb19ReadBenchmarkThread7ReadOneEv,ldr x2  [sp  #0x178]
100.00,49.35 | 50.65 | 0.00 | 0.00,0.00,0.00 | 0.00 | 0.00 | 0.00,0.00,0.00 | 0.00 | 0.00 | 0.00,0.00,0.00 | 0.00 | 0.00 | 0.00,/home/ubuntu/rocksdb/db/lookup_key.h,65,"  if (start_ != space_) delete[] start_;",_ZN7rocksdb19ReadBenchmarkThread7ReadOneEv,ldr x0  [sp  #0x98]
100.00,67.41 | 32.27 | 0.32 | 0.00,0.00,0.00 | 0.00 | 0.00 | 0.00,0.00,0.00 | 0.00 | 0.00 | 0.00,0.00,0.00 | 0.00 | 0.00 | 0.00,/home/ubuntu/rocksdb/memtable/memtablerep_bench.cc,311,"  void ReadOne() {",_ZN7rocksdb19ReadBenchmarkThread7ReadOneEv,ldr x1  [x1  #0xe38]
100.00,100.00 | 0.00 | 0.00 | 0.00,0.00,0.00 | 0.00 | 0.00 | 0.00,0.00,0.00 | 0.00 | 0.00 | 0.00,0.00,0.00 | 0.00 | 0.00 | 0.00,/home/ubuntu/rocksdb/util/random.cc,49,"    ret[i] = static_cast<char>(' ' + Uniform(95));  // ' ' .. '~'",_ZN7rocksdb6Random12RandomStringB5cxx11Ei,ldr x4  [x20]
100.00,98.59 | 1.41 | 0.00 | 0.00,0.00,0.00 | 0.00 | 0.00 | 0.00,0.00,0.00 | 0.00 | 0.00 | 0.00,0.00,0.00 | 0.00 | 0.00 | 0.00,/home/ubuntu/rocksdb/memtable/inlineskiplist.h,898,"      *out_next = next;",_ZN7rocksdb14InlineSkipListIRKNS_11MemTableRep13KeyComparatorEE21RecomputeSpliceLevelsERKNS_5SliceEPNS5_6SpliceEi,str x19  [x0  x24]
100.00,97.94 | 1.72 | 0.34 | 0.00,0.00,0.00 | 0.00 | 0.00 | 0.00,0.00,0.00 | 0.00 | 0.00 | 0.00,0.00,0.00 | 0.00 | 0.00 | 0.00,/home/ubuntu/rocksdb/memtable/inlineskiplist.h,544,"  const DecodedKey key_decoded = compare_.decode_key(key);",_ZNK7rocksdb14InlineSkipListIRKNS_11MemTableRep13KeyComparatorEE18FindGreaterOrEqualEPKcPPNS5_4NodeE,ldr x4  [x0  #0x10]
100.00,89.58 | 10.14 | 0.28 | 0.00,0.00,0.00 | 0.00 | 0.00 | 0.00,0.00,0.00 | 0.00 | 0.00 | 0.00,0.00,0.00 | 0.00 | 0.00 | 0.00,/home/ubuntu/rocksdb/memtable/inlineskiplist.h,897,"      *out_prev = before;",_ZN7rocksdb14InlineSkipListIRKNS_11MemTableRep13KeyComparatorEE21RecomputeSpliceLevelsERKNS_5SliceEPNS5_6SpliceEi,ldr x0  [sp  #0x68]
100.00,99.44 | 0.56 | 0.00 | 0.00,0.00,0.00 | 0.00 | 0.00 | 0.00,0.00,0.00 | 0.00 | 0.00 | 0.00,0.00,0.00 | 0.00 | 0.00 | 0.00,/usr/include/c++/11/bits/random.tcc,405,"	  _M_x[__k] = (_M_x[__k + __m] ^ (__y >> 1)",_ZNSt23mersenne_twister_engineImLm64ELm312ELm156ELm31ELm13043109905998158313ELm29ELm6148914691236517205ELm17ELm8202884508482404352ELm37ELm18444473444759240704ELm43ELm6364136223846793005EE11_M_gen_randEv,str x2  [x3]  #8
100.00,83.08 | 15.71 | 1.21 | 0.00,0.00,0.00 | 0.00 | 0.00 | 0.00,0.00,0.00 | 0.00 | 0.00 | 0.00,0.00,0.00 | 0.00 | 0.00 | 0.00,/home/ubuntu/rocksdb/db/lookup_key.h,31,"    return Slice(start_, static_cast<size_t>(end_ - start_));",_ZN7rocksdb12_GLOBAL__N_111SkipListRep3GetERKNS_9LookupKeyEPvPFbS5_PKcE,ldr x1  [x1]
97.83,2.22 | 20.00 | 76.67 | 1.11,2.17,0.00 | 0.00 | 100.00 | 0.00,0.00,0.00 | 0.00 | 0.00 | 0.00,0.00,0.00 | 0.00 | 0.00 | 0.00,(null),0,(null),(null),(null)
100.00,53.42 | 45.89 | 0.68 | 0.00,0.00,0.00 | 0.00 | 0.00 | 0.00,0.00,0.00 | 0.00 | 0.00 | 0.00,0.00,0.00 | 0.00 | 0.00 | 0.00,/home/ubuntu/rocksdb/util/coding.h,331,"  uint32_t len = 0;",_ZNK7rocksdb14InlineSkipListIRKNS_11MemTableRep13KeyComparatorEE18FindGreaterOrEqualEPKcPPNS5_4NodeE,str wzr  [sp  #0x68]
100.00,55.66 | 44.34 | 0.00 | 0.00,0.00,0.00 | 0.00 | 0.00 | 0.00,0.00,0.00 | 0.00 | 0.00 | 0.00,0.00,0.00 | 0.00 | 0.00 | 0.00,/home/ubuntu/rocksdb/memtable/skiplistrep.cc,93,"  }",_ZN7rocksdb12_GLOBAL__N_111SkipListRep3GetERKNS_9LookupKeyEPvPFbS5_PKcE,ldp x19  x20  [sp  #0x10]
100.00,98.07 | 1.45 | 0.48 | 0.00,0.00,0.00 | 0.00 | 0.00 | 0.00,0.00,0.00 | 0.00 | 0.00 | 0.00,0.00,0.00 | 0.00 | 0.00 | 0.00,/usr/include/c++/11/bits/random.tcc,413,"	  _M_x[__k] = (_M_x[__k + (__m - __n)] ^ (__y >> 1)",_ZNSt23mersenne_twister_engineImLm64ELm312ELm156ELm31ELm13043109905998158313ELm29ELm6148914691236517205ELm17ELm8202884508482404352ELm37ELm18444473444759240704ELm43ELm6364136223846793005EE11_M_gen_randEv,str x2  [x1  #0x4d8]
100.00,74.77 | 25.23 | 0.00 | 0.00,0.00,0.00 | 0.00 | 0.00 | 0.00,0.00,0.00 | 0.00 | 0.00 | 0.00,0.00,0.00 | 0.00 | 0.00 | 0.00,/home/ubuntu/rocksdb/memtable/inlineskiplist.h,573,"}",_ZNK7rocksdb14InlineSkipListIRKNS_11MemTableRep13KeyComparatorEE18FindGreaterOrEqualEPKcPPNS5_4NodeE,ldp x19  x20  [sp  #0x10]
100.00,79.49 | 19.23 | 1.28 | 0.00,0.00,0.00 | 0.00 | 0.00 | 0.00,0.00,0.00 | 0.00 | 0.00 | 0.00,0.00,0.00 | 0.00 | 0.00 | 0.00,/home/ubuntu/rocksdb/db/dbformat.cc,269,"}",_ZN7rocksdb9LookupKeyC2ERKNS_5SliceEmPS2_,ldp x21  x22  [sp  #0x20]
99.71,62.57 | 37.43 | 0.00 | 0.00,0.29,0.00 | 100.00 | 0.00 | 0.00,0.00,0.00 | 0.00 | 0.00 | 0.00,0.00,0.00 | 0.00 | 0.00 | 0.00,/home/ubuntu/rocksdb/memtable/inlineskiplist.h,573,"}",_ZNK7rocksdb14InlineSkipListIRKNS_11MemTableRep13KeyComparatorEE18FindGreaterOrEqualEPKcPPNS5_4NodeE,ldp x21  x22  [sp  #0x20]
100.00,98.48 | 1.52 | 0.00 | 0.00,0.00,0.00 | 0.00 | 0.00 | 0.00,0.00,0.00 | 0.00 | 0.00 | 0.00,0.00,0.00 | 0.00 | 0.00 | 0.00,/home/ubuntu/rocksdb/memtable/inlineskiplist.h,541,"  Node* x = head_;",_ZNK7rocksdb14InlineSkipListIRKNS_11MemTableRep13KeyComparatorEE18FindGreaterOrEqualEPKcPPNS5_4NodeE,ldr x25  [x0  #0x18]
99.68,90.10 | 9.90 | 0.00 | 0.00,0.32,0.00 | 100.00 | 0.00 | 0.00,0.00,0.00 | 0.00 | 0.00 | 0.00,0.00,0.00 | 0.00 | 0.00 | 0.00,???,0,???,???,???
100.00,59.64 | 40.36 | 0.00 | 0.00,0.00,0.00 | 0.00 | 0.00 | 0.00,0.00,0.00 | 0.00 | 0.00 | 0.00,0.00,0.00 | 0.00 | 0.00 | 0.00,/home/ubuntu/rocksdb/memtable/memtablerep_bench.cc,309,"  }",_ZN7rocksdb19ReadBenchmarkThread8callbackEPvPKc,ldp x29  x30  [sp]  #0x50
100.00,88.52 | 10.16 | 1.31 | 0.00,0.00,0.00 | 0.00 | 0.00 | 0.00,0.00,0.00 | 0.00 | 0.00 | 0.00,0.00,0.00 | 0.00 | 0.00 | 0.00,???,0,???,???,???
99.68,97.72 | 1.95 | 0.33 | 0.00,0.00,0.00 | 0.00 | 0.00 | 0.00,0.32,0.00 | 0.00 | 100.00 | 0.00,0.00,0.00 | 0.00 | 0.00 | 0.00,???,0,???,???,???
100.00,77.73 | 21.86 | 0.40 | 0.00,0.00,0.00 | 0.00 | 0.00 | 0.00,0.00,0.00 | 0.00 | 0.00 | 0.00,0.00,0.00 | 0.00 | 0.00 | 0.00,/home/ubuntu/rocksdb/memtable/inlineskiplist.h,912,"    FindSpliceForLevel<true>(key, splice->prev_[i + 1], splice->next_[i + 1], i,",_ZN7rocksdb14InlineSkipListIRKNS_11MemTableRep13KeyComparatorEE21RecomputeSpliceLevelsERKNS_5SliceEPNS5_6SpliceEi,ldp x2  x1  [x1  #8]
89.77,25.32 | 51.90 | 20.25 | 2.53,10.23,0.00 | 66.67 | 33.33 | 0.00,0.00,0.00 | 0.00 | 0.00 | 0.00,0.00,0.00 | 0.00 | 0.00 | 0.00,/usr/include/c++/11/bits/random.tcc,405,"	  _M_x[__k] = (_M_x[__k + __m] ^ (__y >> 1)",_ZNSt23mersenne_twister_engineImLm64ELm312ELm156ELm31ELm13043109905998158313ELm29ELm6148914691236517205ELm17ELm8202884508482404352ELm37ELm18444473444759240704ELm43ELm6364136223846793005EE11_M_gen_randEv,ldr x2  [x3  #0x4e0]
100.00,99.68 | 0.32 | 0.00 | 0.00,0.00,0.00 | 0.00 | 0.00 | 0.00,0.00,0.00 | 0.00 | 0.00 | 0.00,0.00,0.00 | 0.00 | 0.00 | 0.00,/usr/include/c++/11/bits/atomic_base.h,488,"	return __atomic_load_n(&_M_i, int(__m));",_ZNK7rocksdb14InlineSkipListIRKNS_11MemTableRep13KeyComparatorEE18FindGreaterOrEqualEPKcPPNS5_4NodeE,ldr w20  [x2]
100.00,97.65 | 0.00 | 1.47 | 0.88,0.00,0.00 | 0.00 | 0.00 | 0.00,0.00,0.00 | 0.00 | 0.00 | 0.00,0.00,0.00 | 0.00 | 0.00 | 0.00,/home/ubuntu/rocksdb/db/dbformat.cc,268,"  end_ = dst;",_ZN7rocksdb9LookupKeyC2ERKNS_5SliceEmPS2_,str x1  [x22  #0x10]
100.00,46.82 | 53.18 | 0.00 | 0.00,0.00,0.00 | 0.00 | 0.00 | 0.00,0.00,0.00 | 0.00 | 0.00 | 0.00,0.00,0.00 | 0.00 | 0.00 | 0.00,/home/ubuntu/rocksdb/memtable/skiplistrep.cc,93,"  }",_ZN7rocksdb12_GLOBAL__N_111SkipListRep3GetERKNS_9LookupKeyEPvPFbS5_PKcE,ldp x23  x24  [sp  #0x30]
100.00,99.78 | 0.22 | 0.00 | 0.00,0.00,0.00 | 0.00 | 0.00 | 0.00,0.00,0.00 | 0.00 | 0.00 | 0.00,0.00,0.00 | 0.00 | 0.00 | 0.00,/home/ubuntu/rocksdb/memtable/inlineskiplist.h,912,"    FindSpliceForLevel<true>(key, splice->prev_[i + 1], splice->next_[i + 1], i,",_ZN7rocksdb14InlineSkipListIRKNS_11MemTableRep13KeyComparatorEE21RecomputeSpliceLevelsERKNS_5SliceEPNS5_6SpliceEi,stp x2  x1  [sp  #0x68]
100.00,100.00 | 0.00 | 0.00 | 0.00,0.00,0.00 | 0.00 | 0.00 | 0.00,0.00,0.00 | 0.00 | 0.00 | 0.00,0.00,0.00 | 0.00 | 0.00 | 0.00,/home/ubuntu/rocksdb/util/user_comparator_wrapper.h,29,"  const Comparator* user_comparator() const { return user_comparator_; }",_ZN7rocksdb19ReadBenchmarkThread8callbackEPvPKc,ldr x0  [x19  #0x18]
100.00,97.83 | 2.17 | 0.00 | 0.00,0.00,0.00 | 0.00 | 0.00 | 0.00,0.00,0.00 | 0.00 | 0.00 | 0.00,0.00,0.00 | 0.00 | 0.00 | 0.00,/home/ubuntu/rocksdb/include/rocksdb/slice.h,278,"          (memcmp(x.data(), y.data(), x.size()) == 0));",_ZNK7rocksdb12_GLOBAL__N_122BytewiseComparatorImpl5EqualERKNS_5SliceES4_,ldr x0  [x3]
99.33,87.16 | 12.84 | 0.00 | 0.00,0.67,0.00 | 100.00 | 0.00 | 0.00,0.00,0.00 | 0.00 | 0.00 | 0.00,0.00,0.00 | 0.00 | 0.00 | 0.00,/home/ubuntu/rocksdb/memtable/memtablerep_bench.cc,322,"    table_->Get(lookup_key, &verify_args, callback);",_ZN7rocksdb19ReadBenchmarkThread7ReadOneEv,ldr x2  [x0]
99.69,97.83 | 1.55 | 0.31 | 0.31,0.31,0.00 | 100.00 | 0.00 | 0.00,0.00,0.00 | 0.00 | 0.00 | 0.00,0.00,0.00 | 0.00 | 0.00 | 0.00,/home/ubuntu/rocksdb/memtable/memtablerep_bench.cc,305,"                    callback_args->key->user_key())) {",_ZN7rocksdb19ReadBenchmarkThread8callbackEPvPKc,ldr x2  [x3  #0xf40]
100.00,96.05 | 3.95 | 0.00 | 0.00,0.00,0.00 | 0.00 | 0.00 | 0.00,0.00,0.00 | 0.00 | 0.00 | 0.00,0.00,0.00 | 0.00 | 0.00 | 0.00,/home/ubuntu/rocksdb/include/rocksdb/slice.h,61,"  size_t size() const { return size_; }",_ZNK7rocksdb12_GLOBAL__N_122BytewiseComparatorImpl5EqualERKNS_5SliceES4_,ldr x2  [x3  #8]
100.00,54.96 | 45.04 | 0.00 | 0.00,0.00,0.00 | 0.00 | 0.00 | 0.00,0.00,0.00 | 0.00 | 0.00 | 0.00,0.00,0.00 | 0.00 | 0.00 | 0.00,/usr/include/c++/11/bits/basic_string.h,195,"      { return _M_dataplus._M_p; }",_ZN7rocksdb19ReadBenchmarkThread7ReadOneEv,ldr x0  [sp  #0x78]
100.00,72.22 | 27.78 | 0.00 | 0.00,0.00,0.00 | 0.00 | 0.00 | 0.00,0.00,0.00 | 0.00 | 0.00 | 0.00,0.00,0.00 | 0.00 | 0.00 | 0.00,/usr/aarch64-linux-gnu/include/bits/string_fortified.h,29,"  return __builtin___memcpy_chk (__dest, __src, __len,",_ZN7rocksdb9LookupKeyC2ERKNS_5SliceEmPS2_,ldr x1  [x24]
100.00,83.69 | 16.31 | 0.00 | 0.00,0.00,0.00 | 0.00 | 0.00 | 0.00,0.00,0.00 | 0.00 | 0.00 | 0.00,0.00,0.00 | 0.00 | 0.00 | 0.00,/home/ubuntu/rocksdb/memtable/skiplistrep.cc,93,"  }",_ZN7rocksdb12_GLOBAL__N_111SkipListRep3GetERKNS_9LookupKeyEPvPFbS5_PKcE,ldr x2  [sp  #0x88]
100.00,47.12 | 52.88 | 0.00 | 0.00,0.00,0.00 | 0.00 | 0.00 | 0.00,0.00,0.00 | 0.00 | 0.00 | 0.00,0.00,0.00 | 0.00 | 0.00 | 0.00,/home/ubuntu/rocksdb/memtable/inlineskiplist.h,573,"}",_ZNK7rocksdb14InlineSkipListIRKNS_11MemTableRep13KeyComparatorEE18FindGreaterOrEqualEPKcPPNS5_4NodeE,ldr x27  [sp  #0x50]
100.00,68.88 | 31.12 | 0.00 | 0.00,0.00,0.00 | 0.00 | 0.00 | 0.00,0.00,0.00 | 0.00 | 0.00 | 0.00,0.00,0.00 | 0.00 | 0.00 | 0.00,/home/ubuntu/rocksdb/db/dbformat.cc,269,"}",_ZN7rocksdb9LookupKeyC2ERKNS_5SliceEmPS2_,ldp x19  x20  [sp  #0x10]
100.00,85.67 | 14.01 | 0.33 | 0.00,0.00,0.00 | 0.00 | 0.00 | 0.00,0.00,0.00 | 0.00 | 0.00 | 0.00,0.00,0.00 | 0.00 | 0.00 | 0.00,(null),0,(null),(null),(null)
100.00,96.74 | 3.26 | 0.00 | 0.00,0.00,0.00 | 0.00 | 0.00 | 0.00,0.00,0.00 | 0.00 | 0.00 | 0.00,0.00,0.00 | 0.00 | 0.00 | 0.00,(null),0,(null),(null),(null)
95.80,81.58 | 18.42 | 0.00 | 0.00,0.00,0.00 | 0.00 | 0.00 | 0.00,4.20,0.00 | 0.00 | 20.00 | 80.00,0.00,0.00 | 0.00 | 0.00 | 0.00,/home/ubuntu/rocksdb/memtable/memtablerep_bench.cc,315,"    LookupKey lookup_key(user_key, *sequence_);",_ZN7rocksdb19ReadBenchmarkThread7ReadOneEv,ldr x2  [x0]
100.00,87.10 | 12.90 | 0.00 | 0.00,0.00,0.00 | 0.00 | 0.00 | 0.00,0.00,0.00 | 0.00 | 0.00 | 0.00,0.00,0.00 | 0.00 | 0.00 | 0.00,(null),0,(null),(null),(null)
100.00,66.78 | 33.22 | 0.00 | 0.00,0.00,0.00 | 0.00 | 0.00 | 0.00,0.00,0.00 | 0.00 | 0.00 | 0.00,0.00,0.00 | 0.00 | 0.00 | 0.00,/home/ubuntu/rocksdb/util/comparator.cc,40,"  bool Equal(const Slice& a, const Slice& b) const override { return a == b; }",_ZNK7rocksdb12_GLOBAL__N_122BytewiseComparatorImpl5EqualERKNS_5SliceES4_,ldp x29  x30  [sp]  #0x10
100.00,86.82 | 13.18 | 0.00 | 0.00,0.00,0.00 | 0.00 | 0.00 | 0.00,0.00,0.00 | 0.00 | 0.00 | 0.00,0.00,0.00 | 0.00 | 0.00 | 0.00,/home/ubuntu/rocksdb/memtable/skiplistrep.cc,85,"  void Get(const LookupKey& k, void* callback_args,",_ZN7rocksdb12_GLOBAL__N_111SkipListRep3GetERKNS_9LookupKeyEPvPFbS5_PKcE,ldr x5  [x4  #0xba8]
100.00,0.00 | 94.48 | 4.14 | 1.38,0.00,0.00 | 0.00 | 0.00 | 0.00,0.00,0.00 | 0.00 | 0.00 | 0.00,0.00,0.00 | 0.00 | 0.00 | 0.00,/home/ubuntu/rocksdb/util/comparator.cc,323,"  STATIC_AVOID_DESTRUCTION(BytewiseComparatorImpl, bytewise);",_ZN7rocksdb18BytewiseComparatorEv,ldar x1  [x0]
100.00,38.14 | 61.86 | 0.00 | 0.00,0.00,0.00 | 0.00 | 0.00 | 0.00,0.00,0.00 | 0.00 | 0.00 | 0.00,0.00,0.00 | 0.00 | 0.00 | 0.00,/home/ubuntu/rocksdb/memtable/inlineskiplist.h,573,"}",_ZNK7rocksdb14InlineSkipListIRKNS_11MemTableRep13KeyComparatorEE18FindGreaterOrEqualEPKcPPNS5_4NodeE,ldp x23  x24  [sp  #0x30]
100.00,94.63 | 5.37 | 0.00 | 0.00,0.00,0.00 | 0.00 | 0.00 | 0.00,0.00,0.00 | 0.00 | 0.00 | 0.00,0.00,0.00 | 0.00 | 0.00 | 0.00,/home/ubuntu/rocksdb/memtable/inlineskiplist.h,573,"}",_ZNK7rocksdb14InlineSkipListIRKNS_11MemTableRep13KeyComparatorEE18FindGreaterOrEqualEPKcPPNS5_4NodeE,ldr x2  [sp  #0x78]
100.00,84.07 | 15.93 | 0.00 | 0.00,0.00,0.00 | 0.00 | 0.00 | 0.00,0.00,0.00 | 0.00 | 0.00 | 0.00,0.00,0.00 | 0.00 | 0.00 | 0.00,/home/ubuntu/rocksdb/memtable/memtablerep_bench.cc,309,"  }",_ZN7rocksdb19ReadBenchmarkThread8callbackEPvPKc,ldr x2  [sp  #0x48]
100.00,95.68 | 2.88 | 0.72 | 0.72,0.00,0.00 | 0.00 | 0.00 | 0.00,0.00,0.00 | 0.00 | 0.00 | 0.00,0.00,0.00 | 0.00 | 0.00 | 0.00,/home/ubuntu/rocksdb/memtable/inlineskiplist.h,544,"  const DecodedKey key_decoded = compare_.decode_key(key);",_ZNK7rocksdb14InlineSkipListIRKNS_11MemTableRep13KeyComparatorEE18FindGreaterOrEqualEPKcPPNS5_4NodeE,ldr x3  [x3]
100.00,94.37 | 5.63 | 0.00 | 0.00,0.00,0.00 | 0.00 | 0.00 | 0.00,0.00,0.00 | 0.00 | 0.00 | 0.00,0.00,0.00 | 0.00 | 0.00 | 0.00,/home/ubuntu/rocksdb/include/rocksdb/slice.h,278,"          (memcmp(x.data(), y.data(), x.size()) == 0));",_ZNK7rocksdb12_GLOBAL__N_122BytewiseComparatorImpl5EqualERKNS_5SliceES4_,ldr x1  [x1]
100.00,99.75 | 0.25 | 0.00 | 0.00,0.00,0.00 | 0.00 | 0.00 | 0.00,0.00,0.00 | 0.00 | 0.00 | 0.00,0.00,0.00 | 0.00 | 0.00 | 0.00,/home/ubuntu/rocksdb/util/random.cc,49,"    ret[i] = static_cast<char>(' ' + Uniform(95));  // ' ' .. '~'",_ZN7rocksdb6Random12RandomStringB5cxx11Ei,strb w2  [x4  x1]
100.00,98.63 | 1.37 | 0.00 | 0.00,0.00,0.00 | 0.00 | 0.00 | 0.00,0.00,0.00 | 0.00 | 0.00 | 0.00,0.00,0.00 | 0.00 | 0.00 | 0.00,/home/ubuntu/rocksdb/memtable/memtablerep_bench.cc,305,"                    callback_args->key->user_key())) {",_ZN7rocksdb19ReadBenchmarkThread8callbackEPvPKc,ldr x5  [x19  #8]
100.00,24.68 | 54.43 | 20.89 | 0.00,0.00,0.00 | 0.00 | 0.00 | 0.00,0.00,0.00 | 0.00 | 0.00 | 0.00,0.00,0.00 | 0.00 | 0.00 | 0.00,/home/ubuntu/rocksdb/include/rocksdb/slice.h,43,"  Slice(const std::string& s) : data_(s.data()), size_(s.size()) {}",_ZN7rocksdb19ReadBenchmarkThread7ReadOneEv,ldp x4  x1  [sp  #0x78]
100.00,54.23 | 45.77 | 0.00 | 0.00,0.00,0.00 | 0.00 | 0.00 | 0.00,0.00,0.00 | 0.00 | 0.00 | 0.00,0.00,0.00 | 0.00 | 0.00 | 0.00,/home/ubuntu/rocksdb/memtable/inlineskiplist.h,573,"}",_ZNK7rocksdb14InlineSkipListIRKNS_11MemTableRep13KeyComparatorEE18FindGreaterOrEqualEPKcPPNS5_4NodeE,ldr x0  [x0  #0xba8]
100.00,100.00 | 0.00 | 0.00 | 0.00,0.00,0.00 | 0.00 | 0.00 | 0.00,0.00,0.00 | 0.00 | 0.00 | 0.00,0.00,0.00 | 0.00 | 0.00 | 0.00,/usr/include/c++/11/bits/random.tcc,450,"    mersenne_twister_engine<_UIntType, __w, __n, __m, __r, __a, __u, __d,",_ZNSt23mersenne_twister_engineImLm64ELm312ELm156ELm31ELm13043109905998158313ELm29ELm6148914691236517205ELm17ELm8202884508482404352ELm37ELm18444473444759240704ELm43ELm6364136223846793005EEclEv,stp x29  x30  [sp  #-0x20]!
100.00,91.10 | 8.90 | 0.00 | 0.00,0.00,0.00 | 0.00 | 0.00 | 0.00,0.00,0.00 | 0.00 | 0.00 | 0.00,0.00,0.00 | 0.00 | 0.00 | 0.00,/home/ubuntu/rocksdb/memtable/memtablerep_bench.cc,181,"    switch (mode_) {",_ZN7rocksdb19ReadBenchmarkThread7ReadOneEv,ldr w0  [x20  #8]
100.00,93.71 | 6.29 | 0.00 | 0.00,0.00,0.00 | 0.00 | 0.00 | 0.00,0.00,0.00 | 0.00 | 0.00 | 0.00,0.00,0.00 | 0.00 | 0.00 | 0.00,/home/ubuntu/rocksdb/util/coding.h,108,"    uint32_t result = *(reinterpret_cast<const unsigned char*>(p));",_ZN7rocksdb19ReadBenchmarkThread8callbackEPvPKc,ldrb w2  [x0]
100.00,96.62 | 3.38 | 0.00 | 0.00,0.00,0.00 | 0.00 | 0.00 | 0.00,0.00,0.00 | 0.00 | 0.00 | 0.00,0.00,0.00 | 0.00 | 0.00 | 0.00,/home/ubuntu/rocksdb/util/random.h,157,"  uint64_t Next() { return generator_(); }",_ZN7rocksdb19ReadBenchmarkThread7ReadOneEv,ldr x0  [x20]
100.00,100.00 | 0.00 | 0.00 | 0.00,0.00,0.00 | 0.00 | 0.00 | 0.00,0.00,0.00 | 0.00 | 0.00 | 0.00,0.00,0.00 | 0.00 | 0.00 | 0.00,/home/ubuntu/rocksdb/util/coding.cc,29,"    *(ptr++) = v;",_ZN7rocksdb14EncodeVarint32EPcj,strb w3  [x0]  #1
100.00,100.00 | 0.00 | 0.00 | 0.00,0.00,0.00 | 0.00 | 0.00 | 0.00,0.00,0.00 | 0.00 | 0.00 | 0.00,0.00,0.00 | 0.00 | 0.00 | 0.00,/usr/include/c++/11/bits/random.tcc,450,"    mersenne_twister_engine<_UIntType, __w, __n, __m, __r, __a, __u, __d,",_ZNSt23mersenne_twister_engineImLm64ELm312ELm156ELm31ELm13043109905998158313ELm29ELm6148914691236517205ELm17ELm8202884508482404352ELm37ELm18444473444759240704ELm43ELm6364136223846793005EEclEv,str x19  [sp  #0x10]
100.00,7.59 | 91.03 | 1.38 | 0.00,0.00,0.00 | 0.00 | 0.00 | 0.00,0.00,0.00 | 0.00 | 0.00 | 0.00,0.00,0.00 | 0.00 | 0.00 | 0.00,/home/ubuntu/rocksdb/memtable/memtablerep_bench.cc,375,"    for (unsigned int i = 0; i < num_ops_; ++i) {",_ZNSt6thread11_State_implINS_8_InvokerISt5tupleIJN7rocksdb29ConcurrentReadBenchmarkThreadEEEEEE6_M_runEv,ldr x0  [x20  #0x30]
100.00,91.75 | 8.25 | 0.00 | 0.00,0.00,0.00 | 0.00 | 0.00 | 0.00,0.00,0.00 | 0.00 | 0.00 | 0.00,0.00,0.00 | 0.00 | 0.00 | 0.00,/usr/include/c++/11/bits/basic_string.h,195,"      { return _M_dataplus._M_p; }",_ZN7rocksdb12_GLOBAL__N_111SkipListRep3GetERKNS_9LookupKeyEPvPFbS5_PKcE,ldr x0  [sp  #0x68]
100.00,100.00 | 0.00 | 0.00 | 0.00,0.00,0.00 | 0.00 | 0.00 | 0.00,0.00,0.00 | 0.00 | 0.00 | 0.00,0.00,0.00 | 0.00 | 0.00 | 0.00,/home/ubuntu/rocksdb/util/random.h,59,"      seed_ -= M;",_ZN7rocksdb6Random12RandomStringB5cxx11Ei,str w3  [x19]
100.00,92.54 | 7.46 | 0.00 | 0.00,0.00,0.00 | 0.00 | 0.00 | 0.00,0.00,0.00 | 0.00 | 0.00 | 0.00,0.00,0.00 | 0.00 | 0.00 | 0.00,/home/ubuntu/rocksdb/memtable/memtablerep_bench.cc,304,"            ->Equal(Slice(key_ptr, key_length - 8),",_ZN7rocksdb19ReadBenchmarkThread8callbackEPvPKc,ldr x3  [x6  #0x98]
95.65,0.00 | 25.00 | 70.45 | 4.55,4.35,0.00 | 0.00 | 100.00 | 0.00,0.00,0.00 | 0.00 | 0.00 | 0.00,0.00,0.00 | 0.00 | 0.00 | 0.00,(null),0,(null),(null),(null)
100.00,99.66 | 0.00 | 0.34 | 0.00,0.00,0.00 | 0.00 | 0.00 | 0.00,0.00,0.00 | 0.00 | 0.00 | 0.00,0.00,0.00 | 0.00 | 0.00 | 0.00,/home/ubuntu/rocksdb/util/comparator.cc,322,"const Comparator* BytewiseComparator() {",_ZN7rocksdb18BytewiseComparatorEv,str x19  [sp  #0x10]
100.00,95.06 | 4.94 | 0.00 | 0.00,0.00,0.00 | 0.00 | 0.00 | 0.00,0.00,0.00 | 0.00 | 0.00 | 0.00,0.00,0.00 | 0.00 | 0.00 | 0.00,/home/ubuntu/rocksdb/memtable/inlineskiplist.h,544,"  const DecodedKey key_decoded = compare_.decode_key(key);",_ZNK7rocksdb14InlineSkipListIRKNS_11MemTableRep13KeyComparatorEE18FindGreaterOrEqualEPKcPPNS5_4NodeE,ldr x3  [x4]
100.00,88.32 | 11.68 | 0.00 | 0.00,0.00,0.00 | 0.00 | 0.00 | 0.00,0.00,0.00 | 0.00 | 0.00 | 0.00,0.00,0.00 | 0.00 | 0.00 | 0.00,/home/ubuntu/rocksdb/memtable/memtablerep_bench.cc,309,"  }",_ZN7rocksdb19ReadBenchmarkThread8callbackEPvPKc,ldr x19  [sp  #0x10]
100.00,0.00 | 96.86 | 3.14 | 0.00,0.00,0.00 | 0.00 | 0.00 | 0.00,0.00,0.00 | 0.00 | 0.00 | 0.00,0.00,0.00 | 0.00 | 0.00 | 0.00,???,0,???,???,???
100.00,100.00 | 0.00 | 0.00 | 0.00,0.00,0.00 | 0.00 | 0.00 | 0.00,0.00,0.00 | 0.00 | 0.00 | 0.00,0.00,0.00 | 0.00 | 0.00 | 0.00,/usr/include/c++/11/bits/basic_string.h,191,"      { _M_string_length = __length; }",_ZN7rocksdb19ReadBenchmarkThread7ReadOneEv,stp x21  xzr  [sp  #0x78]
100.00,100.00 | 0.00 | 0.00 | 0.00,0.00,0.00 | 0.00 | 0.00 | 0.00,0.00,0.00 | 0.00 | 0.00 | 0.00,0.00,0.00 | 0.00 | 0.00 | 0.00,/usr/aarch64-linux-gnu/include/bits/string_fortified.h,29,"  return __builtin___memcpy_chk (__dest, __src, __len,",_ZN7rocksdb9LookupKeyC2ERKNS_5SliceEmPS2_,str x20  [x1]  #8
100.00,21.74 | 69.57 | 8.70 | 0.00,0.00,0.00 | 0.00 | 0.00 | 0.00,0.00,0.00 | 0.00 | 0.00 | 0.00,0.00,0.00 | 0.00 | 0.00 | 0.00,/home/ubuntu/rocksdb/include/rocksdb/slice.h,61,"  size_t size() const { return size_; }",_ZN7rocksdb9LookupKeyC2ERKNS_5SliceEmPS2_,ldr x23  [x1  #8]
100.00,100.00 | 0.00 | 0.00 | 0.00,0.00,0.00 | 0.00 | 0.00 | 0.00,0.00,0.00 | 0.00 | 0.00 | 0.00,0.00,0.00 | 0.00 | 0.00 | 0.00,/home/ubuntu/rocksdb/db/dbformat.cc,245,"LookupKey::LookupKey(const Slice& _user_key, SequenceNumber s,",_ZN7rocksdb9LookupKeyC2ERKNS_5SliceEmPS2_,stp x23  x24  [sp  #0x30]
100.00,0.68 | 95.89 | 3.42 | 0.00,0.00,0.00 | 0.00 | 0.00 | 0.00,0.00,0.00 | 0.00 | 0.00 | 0.00,0.00,0.00 | 0.00 | 0.00 | 0.00,(null),0,(null),(null),(null)
100.00,3.52 | 94.37 | 1.41 | 0.70,0.00,0.00 | 0.00 | 0.00 | 0.00,0.00,0.00 | 0.00 | 0.00 | 0.00,0.00,0.00 | 0.00 | 0.00 | 0.00,/home/ubuntu/rocksdb/memtable/memtablerep_bench.cc,297,"  static bool callback(void* arg, const char* entry) {",_ZN7rocksdb19ReadBenchmarkThread8callbackEPvPKc,ldr x2  [x2  #0xe38]
100.00,98.59 | 0.00 | 0.71 | 0.71,0.00,0.00 | 0.00 | 0.00 | 0.00,0.00,0.00 | 0.00 | 0.00 | 0.00,0.00,0.00 | 0.00 | 0.00 | 0.00,/home/ubuntu/rocksdb/util/comparator.cc,322,"const Comparator* BytewiseComparator() {",_ZN7rocksdb18BytewiseComparatorEv,stp x29  x30  [sp  #-0x20]!
100.00,100.00 | 0.00 | 0.00 | 0.00,0.00,0.00 | 0.00 | 0.00 | 0.00,0.00,0.00 | 0.00 | 0.00 | 0.00,0.00,0.00 | 0.00 | 0.00 | 0.00,/home/ubuntu/rocksdb/memtable/memtablerep_bench.cc,311,"  void ReadOne() {",_ZN7rocksdb19ReadBenchmarkThread7ReadOneEv,stp x23  x24  [sp  #0x30]
100.00,100.00 | 0.00 | 0.00 | 0.00,0.00,0.00 | 0.00 | 0.00 | 0.00,0.00,0.00 | 0.00 | 0.00 | 0.00,0.00,0.00 | 0.00 | 0.00 | 0.00,/home/ubuntu/rocksdb/util/user_comparator_wrapper.h,25,"      : user_comparator_(user_cmp) {}",_ZN7rocksdb19ReadBenchmarkThread7ReadOneEv,str x2  [sp  #0x50]
100.00,100.00 | 0.00 | 0.00 | 0.00,0.00,0.00 | 0.00 | 0.00 | 0.00,0.00,0.00 | 0.00 | 0.00 | 0.00,0.00,0.00 | 0.00 | 0.00 | 0.00,/home/ubuntu/rocksdb/memtable/memtablerep_bench.cc,297,"  static bool callback(void* arg, const char* entry) {",_ZN7rocksdb19ReadBenchmarkThread8callbackEPvPKc,ldr x1  [x2]
100.00,97.26 | 2.74 | 0.00 | 0.00,0.00,0.00 | 0.00 | 0.00 | 0.00,0.00,0.00 | 0.00 | 0.00 | 0.00,0.00,0.00 | 0.00 | 0.00 | 0.00,/home/ubuntu/rocksdb/memtable/memtablerep_bench.cc,304,"            ->Equal(Slice(key_ptr, key_length - 8),",_ZN7rocksdb19ReadBenchmarkThread8callbackEPvPKc,ldr x6  [x0]
100.00,99.67 | 0.33 | 0.00 | 0.00,0.00,0.00 | 0.00 | 0.00 | 0.00,0.00,0.00 | 0.00 | 0.00 | 0.00,0.00,0.00 | 0.00 | 0.00 | 0.00,/home/ubuntu/rocksdb/include/rocksdb/slice.h,43,"  Slice(const std::string& s) : data_(s.data()), size_(s.size()) {}",_ZN7rocksdb19ReadBenchmarkThread7ReadOneEv,str x1  [sp  #0x60]
100.00,100.00 | 0.00 | 0.00 | 0.00,0.00,0.00 | 0.00 | 0.00 | 0.00,0.00,0.00 | 0.00 | 0.00 | 0.00,0.00,0.00 | 0.00 | 0.00 | 0.00,/home/ubuntu/rocksdb/memtable/memtablerep_bench.cc,304,"            ->Equal(Slice(key_ptr, key_length - 8),",_ZN7rocksdb19ReadBenchmarkThread8callbackEPvPKc,stp x1  x2  [sp  #0x28]
100.00,100.00 | 0.00 | 0.00 | 0.00,0.00,0.00 | 0.00 | 0.00 | 0.00,0.00,0.00 | 0.00 | 0.00 | 0.00,0.00,0.00 | 0.00 | 0.00 | 0.00,/usr/include/c++/11/bits/char_traits.h,357,"      { __c1 = __c2; }",_ZN7rocksdb19ReadBenchmarkThread7ReadOneEv,strb wzr  [sp  #0x88]
98.97,91.67 | 5.21 | 1.04 | 2.08,0.00,0.00 | 0.00 | 0.00 | 0.00,1.03,0.00 | 0.00 | 0.00 | 100.00,0.00,0.00 | 0.00 | 0.00 | 0.00,/usr/include/c++/11/bits/random.tcc,413,"	  _M_x[__k] = (_M_x[__k + (__m - __n)] ^ (__y >> 1)",_ZNSt23mersenne_twister_engineImLm64ELm312ELm156ELm31ELm13043109905998158313ELm29ELm6148914691236517205ELm17ELm8202884508482404352ELm37ELm18444473444759240704ELm43ELm6364136223846793005EE11_M_gen_randEv,ldur x2  [x1  #-8]
100.00,98.15 | 1.85 | 0.00 | 0.00,0.00,0.00 | 0.00 | 0.00 | 0.00,0.00,0.00 | 0.00 | 0.00 | 0.00,0.00,0.00 | 0.00 | 0.00 | 0.00,/home/ubuntu/rocksdb/include/rocksdb/slice.h,43,"  Slice(const std::string& s) : data_(s.data()), size_(s.size()) {}",_ZN7rocksdb19ReadBenchmarkThread7ReadOneEv,str x4  [sp  #0x58]
100.00,62.68 | 37.32 | 0.00 | 0.00,0.00,0.00 | 0.00 | 0.00 | 0.00,0.00,0.00 | 0.00 | 0.00 | 0.00,0.00,0.00 | 0.00 | 0.00 | 0.00,/home/ubuntu/rocksdb/memtable/memtablerep_bench.cc,327,"  }",_ZN7rocksdb19ReadBenchmarkThread7ReadOneEv,ldr x1  [x0]
100.00,100.00 | 0.00 | 0.00 | 0.00,0.00,0.00 | 0.00 | 0.00 | 0.00,0.00,0.00 | 0.00 | 0.00 | 0.00,0.00,0.00 | 0.00 | 0.00 | 0.00,(null),0,(null),(null),(null)
100.00,100.00 | 0.00 | 0.00 | 0.00,0.00,0.00 | 0.00 | 0.00 | 0.00,0.00,0.00 | 0.00 | 0.00 | 0.00,0.00,0.00 | 0.00 | 0.00 | 0.00,(null),0,(null),(null),(null)
100.00,100.00 | 0.00 | 0.00 | 0.00,0.00,0.00 | 0.00 | 0.00 | 0.00,0.00,0.00 | 0.00 | 0.00 | 0.00,0.00,0.00 | 0.00 | 0.00 | 0.00,/home/ubuntu/rocksdb/memtable/skiplistrep.cc,187,"    ~Iterator() override = default;",_ZN7rocksdb12_GLOBAL__N_111SkipListRep3GetERKNS_9LookupKeyEPvPFbS5_PKcE,str x21  [sp  #0x50]
100.00,0.00 | 99.28 | 0.72 | 0.00,0.00,0.00 | 0.00 | 0.00 | 0.00,0.00,0.00 | 0.00 | 0.00 | 0.00,0.00,0.00 | 0.00 | 0.00 | 0.00,???,0,???,???,???
100.00,100.00 | 0.00 | 0.00 | 0.00,0.00,0.00 | 0.00 | 0.00 | 0.00,0.00,0.00 | 0.00 | 0.00 | 0.00,0.00,0.00 | 0.00 | 0.00 | 0.00,/home/ubuntu/rocksdb/memtable/skiplistrep.cc,85,"  void Get(const LookupKey& k, void* callback_args,",_ZN7rocksdb12_GLOBAL__N_111SkipListRep3GetERKNS_9LookupKeyEPvPFbS5_PKcE,stp x29  x30  [sp  #-0x90]!
97.14,0.00 | 97.06 | 2.94 | 0.00,2.86,0.00 | 25.00 | 75.00 | 0.00,0.00,0.00 | 0.00 | 0.00 | 0.00,0.00,0.00 | 0.00 | 0.00 | 0.00,???,0,???,???,???
100.00,0.00 | 98.51 | 1.49 | 0.00,0.00,0.00 | 0.00 | 0.00 | 0.00,0.00,0.00 | 0.00 | 0.00 | 0.00,0.00,0.00 | 0.00 | 0.00 | 0.00,/home/ubuntu/rocksdb/util/comparator.cc,324,"  return &bytewise;",_ZN7rocksdb18BytewiseComparatorEv,ldr x0  [x19  #8]
100.00,100.00 | 0.00 | 0.00 | 0.00,0.00,0.00 | 0.00 | 0.00 | 0.00,0.00,0.00 | 0.00 | 0.00 | 0.00,0.00,0.00 | 0.00 | 0.00 | 0.00,/home/ubuntu/rocksdb/memtable/inlineskiplist.h,453,"  node_ = list_->FindGreaterOrEqual(target, nullptr);",_ZN7rocksdb12_GLOBAL__N_111SkipListRep3GetERKNS_9LookupKeyEPvPFbS5_PKcE,str x0  [sp  #0x60]
98.95,92.55 | 4.26 | 1.06 | 2.13,0.00,0.00 | 0.00 | 0.00 | 0.00,1.05,0.00 | 0.00 | 0.00 | 100.00,0.00,0.00 | 0.00 | 0.00 | 0.00,/usr/include/c++/11/bits/random.tcc,412,"			   | (_M_x[__k + 1] & __lower_mask));",_ZNSt23mersenne_twister_engineImLm64ELm312ELm156ELm31ELm13043109905998158313ELm29ELm6148914691236517205ELm17ELm8202884508482404352ELm37ELm18444473444759240704ELm43ELm6364136223846793005EE11_M_gen_randEv,ldr x4  [x1  #0x4e0]
100.00,100.00 | 0.00 | 0.00 | 0.00,0.00,0.00 | 0.00 | 0.00 | 0.00,0.00,0.00 | 0.00 | 0.00 | 0.00,0.00,0.00 | 0.00 | 0.00 | 0.00,/home/ubuntu/rocksdb/memtable/skiplistrep.cc,85,"  void Get(const LookupKey& k, void* callback_args,",_ZN7rocksdb12_GLOBAL__N_111SkipListRep3GetERKNS_9LookupKeyEPvPFbS5_PKcE,stp x19  x20  [sp  #0x10]
100.00,72.48 | 27.52 | 0.00 | 0.00,0.00,0.00 | 0.00 | 0.00 | 0.00,0.00,0.00 | 0.00 | 0.00 | 0.00,0.00,0.00 | 0.00 | 0.00 | 0.00,/home/ubuntu/rocksdb/memtable/memtablerep_bench.cc,309,"  }",_ZN7rocksdb19ReadBenchmarkThread8callbackEPvPKc,ldr x1  [x0]
100.00,100.00 | 0.00 | 0.00 | 0.00,0.00,0.00 | 0.00 | 0.00 | 0.00,0.00,0.00 | 0.00 | 0.00 | 0.00,0.00,0.00 | 0.00 | 0.00 | 0.00,/home/ubuntu/rocksdb/memtable/memtablerep_bench.cc,311,"  void ReadOne() {",_ZN7rocksdb19ReadBenchmarkThread7ReadOneEv,stp x19  x20  [sp  #0x10]
100.00,100.00 | 0.00 | 0.00 | 0.00,0.00,0.00 | 0.00 | 0.00 | 0.00,0.00,0.00 | 0.00 | 0.00 | 0.00,0.00,0.00 | 0.00 | 0.00 | 0.00,/home/ubuntu/rocksdb/memtable/memtablerep_bench.cc,321,"    verify_args.comparator = &internal_key_comp;",_ZN7rocksdb19ReadBenchmarkThread7ReadOneEv,str x22  [sp  #0x70]
99.21,0.00 | 97.62 | 2.38 | 0.00,0.00,0.00 | 0.00 | 0.00 | 0.00,0.79,0.00 | 0.00 | 0.00 | 100.00,0.00,0.00 | 0.00 | 0.00 | 0.00,/home/ubuntu/rocksdb/memtable/inlineskiplist.h,542,"  int level = GetMaxHeight() - 1;",_ZNK7rocksdb14InlineSkipListIRKNS_11MemTableRep13KeyComparatorEE18FindGreaterOrEqualEPKcPPNS5_4NodeE,ldr x2  [x2  #0x970]
100.00,100.00 | 0.00 | 0.00 | 0.00,0.00,0.00 | 0.00 | 0.00 | 0.00,0.00,0.00 | 0.00 | 0.00 | 0.00,0.00,0.00 | 0.00 | 0.00 | 0.00,(null),0,(null),(null),(null)
100.00,100.00 | 0.00 | 0.00 | 0.00,0.00,0.00 | 0.00 | 0.00 | 0.00,0.00,0.00 | 0.00 | 0.00 | 0.00,0.00,0.00 | 0.00 | 0.00 | 0.00,/home/ubuntu/rocksdb/memtable/memtablerep_bench.cc,311,"  void ReadOne() {",_ZN7rocksdb19ReadBenchmarkThread7ReadOneEv,str x0  [sp  #0x178]
100.00,39.85 | 60.15 | 0.00 | 0.00,0.00,0.00 | 0.00 | 0.00 | 0.00,0.00,0.00 | 0.00 | 0.00 | 0.00,0.00,0.00 | 0.00 | 0.00 | 0.00,/home/ubuntu/rocksdb/memtable/skiplistrep.cc,93,"  }",_ZN7rocksdb12_GLOBAL__N_111SkipListRep3GetERKNS_9LookupKeyEPvPFbS5_PKcE,ldr x1  [x0]
100.00,89.73 | 10.27 | 0.00 | 0.00,0.00,0.00 | 0.00 | 0.00 | 0.00,0.00,0.00 | 0.00 | 0.00 | 0.00,0.00,0.00 | 0.00 | 0.00 | 0.00,/home/ubuntu/rocksdb/util/coding.h,335,"  return Slice(p, len);",_ZNK7rocksdb14InlineSkipListIRKNS_11MemTableRep13KeyComparatorEE18FindGreaterOrEqualEPKcPPNS5_4NodeE,stp x0  x1  [sp  #0x68]
100.00,99.69 | 0.31 | 0.00 | 0.00,0.00,0.00 | 0.00 | 0.00 | 0.00,0.00,0.00 | 0.00 | 0.00 | 0.00,0.00,0.00 | 0.00 | 0.00 | 0.00,(null),0,(null),(null),(null)
100.00,100.00 | 0.00 | 0.00 | 0.00,0.00,0.00 | 0.00 | 0.00 | 0.00,0.00,0.00 | 0.00 | 0.00 | 0.00,0.00,0.00 | 0.00 | 0.00 | 0.00,/home/ubuntu/rocksdb/memtable/memtablerep_bench.cc,318,"    verify_args.found = false;",_ZN7rocksdb19ReadBenchmarkThread7ReadOneEv,strb wzr  [sp  #0x58]
100.00,99.30 | 0.00 | 0.70 | 0.00,0.00,0.00 | 0.00 | 0.00 | 0.00,0.00,0.00 | 0.00 | 0.00 | 0.00,0.00,0.00 | 0.00 | 0.00 | 0.00,/home/ubuntu/rocksdb/db/dbformat.cc,245,"LookupKey::LookupKey(const Slice& _user_key, SequenceNumber s,",_ZN7rocksdb9LookupKeyC2ERKNS_5SliceEmPS2_,stp x19  x20  [sp  #0x10]
100.00,100.00 | 0.00 | 0.00 | 0.00,0.00,0.00 | 0.00 | 0.00 | 0.00,0.00,0.00 | 0.00 | 0.00 | 0.00,0.00,0.00 | 0.00 | 0.00 | 0.00,/home/ubuntu/rocksdb/memtable/memtablerep_bench.cc,320,"    verify_args.table = table_;",_ZN7rocksdb19ReadBenchmarkThread7ReadOneEv,stp x20  x0  [sp  #0x60]
100.00,100.00 | 0.00 | 0.00 | 0.00,0.00,0.00 | 0.00 | 0.00 | 0.00,0.00,0.00 | 0.00 | 0.00 | 0.00,0.00,0.00 | 0.00 | 0.00 | 0.00,/home/ubuntu/rocksdb/db/dbformat.cc,245,"LookupKey::LookupKey(const Slice& _user_key, SequenceNumber s,",_ZN7rocksdb9LookupKeyC2ERKNS_5SliceEmPS2_,stp x29  x30  [sp  #-0x50]!
98.00,12.24 | 36.73 | 46.94 | 4.08,2.00,0.00 | 0.00 | 100.00 | 0.00,0.00,0.00 | 0.00 | 0.00 | 0.00,0.00,0.00 | 0.00 | 0.00 | 0.00,/usr/include/c++/11/bits/atomic_base.h,488,"	return __atomic_load_n(&_M_i, int(__m));",_ZNSt6thread11_State_implINS_8_InvokerISt5tupleIJN7rocksdb29ConcurrentFillBenchmarkThreadEEEEEE6_M_runEv,ldar w2  [x0]
100.00,100.00 | 0.00 | 0.00 | 0.00,0.00,0.00 | 0.00 | 0.00 | 0.00,0.00,0.00 | 0.00 | 0.00 | 0.00,0.00,0.00 | 0.00 | 0.00 | 0.00,/home/ubuntu/rocksdb/memtable/memtablerep_bench.cc,297,"  static bool callback(void* arg, const char* entry) {",_ZN7rocksdb19ReadBenchmarkThread8callbackEPvPKc,str x19  [sp  #0x10]
100.00,100.00 | 0.00 | 0.00 | 0.00,0.00,0.00 | 0.00 | 0.00 | 0.00,0.00,0.00 | 0.00 | 0.00 | 0.00,0.00,0.00 | 0.00 | 0.00 | 0.00,/home/ubuntu/rocksdb/memtable/memtablerep_bench.cc,185,"        return rand_->Next() % num_;",_ZN7rocksdb19ReadBenchmarkThread7ReadOneEv,str x2  [sp  #0x48]
100.00,100.00 | 0.00 | 0.00 | 0.00,0.00,0.00 | 0.00 | 0.00 | 0.00,0.00,0.00 | 0.00 | 0.00 | 0.00,0.00,0.00 | 0.00 | 0.00 | 0.00,/home/ubuntu/rocksdb/db/dbformat.cc,256,"  start_ = dst;",_ZN7rocksdb9LookupKeyC2ERKNS_5SliceEmPS2_,str x0  [x22]
100.00,99.68 | 0.00 | 0.00 | 0.32,0.00,0.00 | 0.00 | 0.00 | 0.00,0.00,0.00 | 0.00 | 0.00 | 0.00,0.00,0.00 | 0.00 | 0.00 | 0.00,/home/ubuntu/rocksdb/db/dbformat.h,399,"  explicit InternalKeyComparator(const Comparator* c) : user_comparator_(c) {}",_ZN7rocksdb19ReadBenchmarkThread7ReadOneEv,str x1  [sp  #0x48]
100.00,100.00 | 0.00 | 0.00 | 0.00,0.00,0.00 | 0.00 | 0.00 | 0.00,0.00,0.00 | 0.00 | 0.00 | 0.00,0.00,0.00 | 0.00 | 0.00 | 0.00,/home/ubuntu/rocksdb/memtable/memtablerep_bench.cc,297,"  static bool callback(void* arg, const char* entry) {",_ZN7rocksdb19ReadBenchmarkThread8callbackEPvPKc,str x1  [sp  #0x48]
100.00,100.00 | 0.00 | 0.00 | 0.00,0.00,0.00 | 0.00 | 0.00 | 0.00,0.00,0.00 | 0.00 | 0.00 | 0.00,0.00,0.00 | 0.00 | 0.00 | 0.00,/home/ubuntu/rocksdb/memtable/memtablerep_bench.cc,311,"  void ReadOne() {",_ZN7rocksdb19ReadBenchmarkThread7ReadOneEv,stp x29  x30  [sp  #-0x180]!
100.00,87.50 | 12.50 | 0.00 | 0.00,0.00,0.00 | 0.00 | 0.00 | 0.00,0.00,0.00 | 0.00 | 0.00 | 0.00,0.00,0.00 | 0.00 | 0.00 | 0.00,/home/ubuntu/rocksdb/memtable/memtablerep_bench.cc,185,"        return rand_->Next() % num_;",_ZN7rocksdb19ReadBenchmarkThread7ReadOneEv,ldr x3  [x20  #0x10]
100.00,4.86 | 93.75 | 1.39 | 0.00,0.00,0.00 | 0.00 | 0.00 | 0.00,0.00,0.00 | 0.00 | 0.00 | 0.00,0.00,0.00 | 0.00 | 0.00 | 0.00,/home/ubuntu/rocksdb/include/rocksdb/slice.h,277,"  return ((x.size() == y.size()) &&",_ZNK7rocksdb12_GLOBAL__N_122BytewiseComparatorImpl5EqualERKNS_5SliceES4_,ldr x4  [x2  #8]
100.00,100.00 | 0.00 | 0.00 | 0.00,0.00,0.00 | 0.00 | 0.00 | 0.00,0.00,0.00 | 0.00 | 0.00 | 0.00,0.00,0.00 | 0.00 | 0.00 | 0.00,/home/ubuntu/rocksdb/memtable/memtablerep_bench.cc,305,"                    callback_args->key->user_key())) {",_ZN7rocksdb19ReadBenchmarkThread8callbackEPvPKc,str x1  [sp  #0x40]
100.00,46.53 | 38.19 | 15.28 | 0.00,0.00,0.00 | 0.00 | 0.00 | 0.00,0.00,0.00 | 0.00 | 0.00 | 0.00,0.00,0.00 | 0.00 | 0.00 | 0.00,/home/ubuntu/rocksdb/util/comparator.cc,325,"}",_ZN7rocksdb18BytewiseComparatorEv,ldp x29  x30  [sp]  #0x20
100.00,100.00 | 0.00 | 0.00 | 0.00,0.00,0.00 | 0.00 | 0.00 | 0.00,0.00,0.00 | 0.00 | 0.00 | 0.00,0.00,0.00 | 0.00 | 0.00 | 0.00,/home/ubuntu/rocksdb/db/dbformat.cc,245,"LookupKey::LookupKey(const Slice& _user_key, SequenceNumber s,",_ZN7rocksdb9LookupKeyC2ERKNS_5SliceEmPS2_,str x25  [sp  #0x40]
100.00,100.00 | 0.00 | 0.00 | 0.00,0.00,0.00 | 0.00 | 0.00 | 0.00,0.00,0.00 | 0.00 | 0.00 | 0.00,0.00,0.00 | 0.00 | 0.00 | 0.00,/home/ubuntu/rocksdb/db/dbformat.cc,245,"LookupKey::LookupKey(const Slice& _user_key, SequenceNumber s,",_ZN7rocksdb9LookupKeyC2ERKNS_5SliceEmPS2_,stp x21  x22  [sp  #0x20]
100.00,87.73 | 12.27 | 0.00 | 0.00,0.00,0.00 | 0.00 | 0.00 | 0.00,0.00,0.00 | 0.00 | 0.00 | 0.00,0.00,0.00 | 0.00 | 0.00 | 0.00,/home/ubuntu/rocksdb/memtable/inlineskiplist.h,912,"    FindSpliceForLevel<true>(key, splice->prev_[i + 1], splice->next_[i + 1], i,",_ZN7rocksdb14InlineSkipListIRKNS_11MemTableRep13KeyComparatorEE21RecomputeSpliceLevelsERKNS_5SliceEPNS5_6SpliceEi,ldr x1  [sp  #0x78]
100.00,100.00 | 0.00 | 0.00 | 0.00,0.00,0.00 | 0.00 | 0.00 | 0.00,0.00,0.00 | 0.00 | 0.00 | 0.00,0.00,0.00 | 0.00 | 0.00 | 0.00,/home/ubuntu/rocksdb/memtable/memtablerep_bench.cc,297,"  static bool callback(void* arg, const char* entry) {",_ZN7rocksdb19ReadBenchmarkThread8callbackEPvPKc,stp x29  x30  [sp  #-0x50]!
100.00,100.00 | 0.00 | 0.00 | 0.00,0.00,0.00 | 0.00 | 0.00 | 0.00,0.00,0.00 | 0.00 | 0.00 | 0.00,0.00,0.00 | 0.00 | 0.00 | 0.00,/home/ubuntu/rocksdb/memtable/memtablerep_bench.cc,311,"  void ReadOne() {",_ZN7rocksdb19ReadBenchmarkThread7ReadOneEv,stp x21  x22  [sp  #0x20]
100.00,81.34 | 18.66 | 0.00 | 0.00,0.00,0.00 | 0.00 | 0.00 | 0.00,0.00,0.00 | 0.00 | 0.00 | 0.00,0.00,0.00 | 0.00 | 0.00 | 0.00,/home/ubuntu/rocksdb/memtable/inlineskiplist.h,573,"}",_ZNK7rocksdb14InlineSkipListIRKNS_11MemTableRep13KeyComparatorEE18FindGreaterOrEqualEPKcPPNS5_4NodeE,ldr x1  [x0]
100.00,95.28 | 4.72 | 0.00 | 0.00,0.00,0.00 | 0.00 | 0.00 | 0.00,0.00,0.00 | 0.00 | 0.00 | 0.00,0.00,0.00 | 0.00 | 0.00 | 0.00,/home/ubuntu/rocksdb/memtable/memtablerep_bench.cc,320,"    verify_args.table = table_;",_ZN7rocksdb19ReadBenchmarkThread7ReadOneEv,ldr x0  [x19  #8]
86.27,4.55 | 70.45 | 22.73 | 2.27,11.76,0.00 | 0.00 | 100.00 | 0.00,0.00,0.00 | 0.00 | 0.00 | 0.00,1.96,0.00 | 0.00 | 0.00 | 100.00,(null),0,(null),(null),(null)
100.00,100.00 | 0.00 | 0.00 | 0.00,0.00,0.00 | 0.00 | 0.00 | 0.00,0.00,0.00 | 0.00 | 0.00 | 0.00,0.00,0.00 | 0.00 | 0.00 | 0.00,/home/ubuntu/rocksdb/util/comparator.cc,40,"  bool Equal(const Slice& a, const Slice& b) const override { return a == b; }",_ZNK7rocksdb12_GLOBAL__N_122BytewiseComparatorImpl5EqualERKNS_5SliceES4_,stp x29  x30  [sp  #-0x10]!
100.00,94.38 | 1.12 | 2.25 | 2.25,0.00,0.00 | 0.00 | 0.00 | 0.00,0.00,0.00 | 0.00 | 0.00 | 0.00,0.00,0.00 | 0.00 | 0.00 | 0.00,/usr/include/c++/11/bits/random.tcc,411,"	  _UIntType __y = ((_M_x[__k] & __upper_mask)",_ZNSt23mersenne_twister_engineImLm64ELm312ELm156ELm31ELm13043109905998158313ELm29ELm6148914691236517205ELm17ELm8202884508482404352ELm37ELm18444473444759240704ELm43ELm6364136223846793005EE11_M_gen_randEv,ldr x3  [x1  #0x4e0]
100.00,100.00 | 0.00 | 0.00 | 0.00,0.00,0.00 | 0.00 | 0.00 | 0.00,0.00,0.00 | 0.00 | 0.00 | 0.00,0.00,0.00 | 0.00 | 0.00 | 0.00,/home/ubuntu/rocksdb/util/coding.h,110,"      *value = result;",_ZN7rocksdb19ReadBenchmarkThread8callbackEPvPKc,str w2  [sp  #0x24]
100.00,95.77 | 4.23 | 0.00 | 0.00,0.00,0.00 | 0.00 | 0.00 | 0.00,0.00,0.00 | 0.00 | 0.00 | 0.00,0.00,0.00 | 0.00 | 0.00 | 0.00,/home/ubuntu/rocksdb/memtable/memtablerep_bench.cc,311,"  void ReadOne() {",_ZN7rocksdb19ReadBenchmarkThread7ReadOneEv,ldr x0  [x1]
100.00,95.10 | 4.90 | 0.00 | 0.00,0.00,0.00 | 0.00 | 0.00 | 0.00,0.00,0.00 | 0.00 | 0.00 | 0.00,0.00,0.00 | 0.00 | 0.00 | 0.00,/home/ubuntu/rocksdb/util/user_comparator_wrapper.h,29,"  const Comparator* user_comparator() const { return user_comparator_; }",_ZN7rocksdb19ReadBenchmarkThread8callbackEPvPKc,ldr x0  [x0  #8]
100.00,100.00 | 0.00 | 0.00 | 0.00,0.00,0.00 | 0.00 | 0.00 | 0.00,0.00,0.00 | 0.00 | 0.00 | 0.00,0.00,0.00 | 0.00 | 0.00 | 0.00,/home/ubuntu/rocksdb/memtable/memtablerep_bench.cc,305,"                    callback_args->key->user_key())) {",_ZN7rocksdb19ReadBenchmarkThread8callbackEPvPKc,str x4  [sp  #0x38]
100.00,56.25 | 41.88 | 1.88 | 0.00,0.00,0.00 | 0.00 | 0.00 | 0.00,0.00,0.00 | 0.00 | 0.00 | 0.00,0.00,0.00 | 0.00 | 0.00 | 0.00,/usr/include/c++/11/bits/random.tcc,466,"    }",_ZNSt23mersenne_twister_engineImLm64ELm312ELm156ELm31ELm13043109905998158313ELm29ELm6148914691236517205ELm17ELm8202884508482404352ELm37ELm18444473444759240704ELm43ELm6364136223846793005EEclEv,ldr x19  [sp  #0x10]
100.00,57.78 | 35.56 | 5.93 | 0.74,0.00,0.00 | 0.00 | 0.00 | 0.00,0.00,0.00 | 0.00 | 0.00 | 0.00,0.00,0.00 | 0.00 | 0.00 | 0.00,/home/ubuntu/rocksdb/util/comparator.cc,325,"}",_ZN7rocksdb18BytewiseComparatorEv,ldr x19  [sp  #0x10]
100.00,98.80 | 0.60 | 0.00 | 0.60,0.00,0.00 | 0.00 | 0.00 | 0.00,0.00,0.00 | 0.00 | 0.00 | 0.00,0.00,0.00 | 0.00 | 0.00 | 0.00,/home/ubuntu/rocksdb/memtable/memtablerep_bench.cc,305,"                    callback_args->key->user_key())) {",_ZN7rocksdb19ReadBenchmarkThread8callbackEPvPKc,ldr x5  [x19  #8]
100.00,100.00 | 0.00 | 0.00 | 0.00,0.00,0.00 | 0.00 | 0.00 | 0.00,0.00,0.00 | 0.00 | 0.00 | 0.00,0.00,0.00 | 0.00 | 0.00 | 0.00,(null),0,(null),(null),(null)
100.00,95.12 | 4.88 | 0.00 | 0.00,0.00,0.00 | 0.00 | 0.00 | 0.00,0.00,0.00 | 0.00 | 0.00 | 0.00,0.00,0.00 | 0.00 | 0.00 | 0.00,/home/ubuntu/rocksdb/memtable/memtablerep_bench.cc,315,"    LookupKey lookup_key(user_key, *sequence_);",_ZN7rocksdb19ReadBenchmarkThread7ReadOneEv,ldr x0  [x19  #0x28]
100.00,100.00 | 0.00 | 0.00 | 0.00,0.00,0.00 | 0.00 | 0.00 | 0.00,0.00,0.00 | 0.00 | 0.00 | 0.00,0.00,0.00 | 0.00 | 0.00 | 0.00,/home/ubuntu/rocksdb/db/dbformat.cc,259,"  kstart_ = dst;",_ZN7rocksdb9LookupKeyC2ERKNS_5SliceEmPS2_,str x0  [x22  #8]
100.00,96.18 | 3.18 | 0.64 | 0.00,0.00,0.00 | 0.00 | 0.00 | 0.00,0.00,0.00 | 0.00 | 0.00 | 0.00,0.00,0.00 | 0.00 | 0.00 | 0.00,/home/ubuntu/rocksdb/memtable/inlineskiplist.h,897,"      *out_prev = before;",_ZN7rocksdb14InlineSkipListIRKNS_11MemTableRep13KeyComparatorEE21RecomputeSpliceLevelsERKNS_5SliceEPNS5_6SpliceEi,str x25  [x0  x24]
100.00,75.68 | 21.62 | 2.03 | 0.68,0.00,0.00 | 0.00 | 0.00 | 0.00,0.00,0.00 | 0.00 | 0.00 | 0.00,0.00,0.00 | 0.00 | 0.00 | 0.00,/home/ubuntu/rocksdb/db/dbformat.cc,269,"}",_ZN7rocksdb9LookupKeyC2ERKNS_5SliceEmPS2_,ldp x19  x20  [sp  #0x10]
100.00,98.72 | 0.00 | 0.64 | 0.64,0.00,0.00 | 0.00 | 0.00 | 0.00,0.00,0.00 | 0.00 | 0.00 | 0.00,0.00,0.00 | 0.00 | 0.00 | 0.00,/home/ubuntu/rocksdb/memtable/memtablerep_bench.cc,321,"    verify_args.comparator = &internal_key_comp;",_ZN7rocksdb19ReadBenchmarkThread7ReadOneEv,str x22  [sp  #0x70]
100.00,22.22 | 76.39 | 1.39 | 0.00,0.00,0.00 | 0.00 | 0.00 | 0.00,0.00,0.00 | 0.00 | 0.00 | 0.00,0.00,0.00 | 0.00 | 0.00 | 0.00,/home/ubuntu/rocksdb/memtable/memtablerep_bench.cc,327,"  }",_ZN7rocksdb19ReadBenchmarkThread7ReadOneEv,ldp x23  x24  [sp  #0x30]
100.00,97.18 | 2.11 | 0.70 | 0.00,0.00,0.00 | 0.00 | 0.00 | 0.00,0.00,0.00 | 0.00 | 0.00 | 0.00,0.00,0.00 | 0.00 | 0.00 | 0.00,/home/ubuntu/rocksdb/memtable/inlineskiplist.h,898,"      *out_next = next;",_ZN7rocksdb14InlineSkipListIRKNS_11MemTableRep13KeyComparatorEE21RecomputeSpliceLevelsERKNS_5SliceEPNS5_6SpliceEi,str x19  [x0  x24]
100.00,99.28 | 0.72 | 0.00 | 0.00,0.00,0.00 | 0.00 | 0.00 | 0.00,0.00,0.00 | 0.00 | 0.00 | 0.00,0.00,0.00 | 0.00 | 0.00 | 0.00,/home/ubuntu/rocksdb/db/lookup_key.h,43,"    return Slice(kstart_, static_cast<size_t>(end_ - kstart_ - 8));",_ZN7rocksdb19ReadBenchmarkThread8callbackEPvPKc,ldr x1  [x5  #0x10]
100.00,17.61 | 81.69 | 0.70 | 0.00,0.00,0.00 | 0.00 | 0.00 | 0.00,0.00,0.00 | 0.00 | 0.00 | 0.00,0.00,0.00 | 0.00 | 0.00 | 0.00,/home/ubuntu/rocksdb/memtable/memtablerep_bench.cc,327,"  }",_ZN7rocksdb19ReadBenchmarkThread7ReadOneEv,ldp x21  x22  [sp  #0x20]
100.00,100.00 | 0.00 | 0.00 | 0.00,0.00,0.00 | 0.00 | 0.00 | 0.00,0.00,0.00 | 0.00 | 0.00 | 0.00,0.00,0.00 | 0.00 | 0.00 | 0.00,(null),0,(null),(null),(null)
100.00,99.28 | 0.72 | 0.00 | 0.00,0.00,0.00 | 0.00 | 0.00 | 0.00,0.00,0.00 | 0.00 | 0.00 | 0.00,0.00,0.00 | 0.00 | 0.00 | 0.00,/home/ubuntu/rocksdb/db/lookup_key.h,43,"    return Slice(kstart_, static_cast<size_t>(end_ - kstart_ - 8));",_ZN7rocksdb19ReadBenchmarkThread8callbackEPvPKc,ldr x4  [x5  #8]
100.00,52.82 | 42.96 | 4.23 | 0.00,0.00,0.00 | 0.00 | 0.00 | 0.00,0.00,0.00 | 0.00 | 0.00 | 0.00,0.00,0.00 | 0.00 | 0.00 | 0.00,/home/ubuntu/rocksdb/db/dbformat.cc,269,"}",_ZN7rocksdb9LookupKeyC2ERKNS_5SliceEmPS2_,ldp x29  x30  [sp]  #0x50
100.00,62.91 | 36.42 | 0.66 | 0.00,0.00,0.00 | 0.00 | 0.00 | 0.00,0.00,0.00 | 0.00 | 0.00 | 0.00,0.00,0.00 | 0.00 | 0.00 | 0.00,/home/ubuntu/rocksdb/memtable/memtablerep_bench.cc,327,"  }",_ZN7rocksdb19ReadBenchmarkThread7ReadOneEv,ldr x0  [x0  #0xe38]
100.00,93.28 | 6.72 | 0.00 | 0.00,0.00,0.00 | 0.00 | 0.00 | 0.00,0.00,0.00 | 0.00 | 0.00 | 0.00,0.00,0.00 | 0.00 | 0.00 | 0.00,/home/ubuntu/rocksdb/memtable/skiplistrep.cc,85,"  void Get(const LookupKey& k, void* callback_args,",_ZN7rocksdb12_GLOBAL__N_111SkipListRep3GetERKNS_9LookupKeyEPvPFbS5_PKcE,ldr x6  [x5]
100.00,77.78 | 19.61 | 2.61 | 0.00,0.00,0.00 | 0.00 | 0.00 | 0.00,0.00,0.00 | 0.00 | 0.00 | 0.00,0.00,0.00 | 0.00 | 0.00 | 0.00,/home/ubuntu/rocksdb/db/dbformat.cc,269,"}",_ZN7rocksdb9LookupKeyC2ERKNS_5SliceEmPS2_,ldp x21  x22  [sp  #0x20]
100.00,100.00 | 0.00 | 0.00 | 0.00,0.00,0.00 | 0.00 | 0.00 | 0.00,0.00,0.00 | 0.00 | 0.00 | 0.00,0.00,0.00 | 0.00 | 0.00 | 0.00,/usr/include/c++/11/bits/atomic_base.h,796,"	__atomic_store_n(&_M_p, __p, int(__m));",_ZN7rocksdb14InlineSkipListIRKNS_11MemTableRep13KeyComparatorEE6InsertILb0EEEbPKcPNS5_6SpliceEb,stlr x23  [x1]
100.00,90.61 | 8.84 | 0.55 | 0.00,0.00,0.00 | 0.00 | 0.00 | 0.00,0.00,0.00 | 0.00 | 0.00 | 0.00,0.00,0.00 | 0.00 | 0.00 | 0.00,/home/ubuntu/rocksdb/memtable/inlineskiplist.h,898,"      *out_next = next;",_ZN7rocksdb14InlineSkipListIRKNS_11MemTableRep13KeyComparatorEE21RecomputeSpliceLevelsERKNS_5SliceEPNS5_6SpliceEi,ldr x0  [sp  #0x70]
100.00,93.41 | 6.59 | 0.00 | 0.00,0.00,0.00 | 0.00 | 0.00 | 0.00,0.00,0.00 | 0.00 | 0.00 | 0.00,0.00,0.00 | 0.00 | 0.00 | 0.00,???,0,???,???,???
100.00,45.03 | 54.97 | 0.00 | 0.00,0.00,0.00 | 0.00 | 0.00 | 0.00,0.00,0.00 | 0.00 | 0.00 | 0.00,0.00,0.00 | 0.00 | 0.00 | 0.00,/home/ubuntu/rocksdb/memtable/skiplistrep.cc,93,"  }",_ZN7rocksdb12_GLOBAL__N_111SkipListRep3GetERKNS_9LookupKeyEPvPFbS5_PKcE,ldp x29  x30  [sp]  #0x90
100.00,26.15 | 73.85 | 0.00 | 0.00,0.00,0.00 | 0.00 | 0.00 | 0.00,0.00,0.00 | 0.00 | 0.00 | 0.00,0.00,0.00 | 0.00 | 0.00 | 0.00,/home/ubuntu/rocksdb/memtable/memtablerep_bench.cc,327,"  }",_ZN7rocksdb19ReadBenchmarkThread7ReadOneEv,ldp x29  x30  [sp]  #0x180
100.00,65.16 | 34.84 | 0.00 | 0.00,0.00,0.00 | 0.00 | 0.00 | 0.00,0.00,0.00 | 0.00 | 0.00 | 0.00,0.00,0.00 | 0.00 | 0.00 | 0.00,/usr/aarch64-linux-gnu/include/bits/string_fortified.h,29,"  return __builtin___memcpy_chk (__dest, __src, __len,",_ZN7rocksdb9LookupKeyC2ERKNS_5SliceEmPS2_,ldr x1  [x24]
100.00,68.00 | 31.33 | 0.67 | 0.00,0.00,0.00 | 0.00 | 0.00 | 0.00,0.00,0.00 | 0.00 | 0.00 | 0.00,0.00,0.00 | 0.00 | 0.00 | 0.00,/usr/include/c++/11/bits/random.tcc,466,"    }",_ZNSt23mersenne_twister_engineImLm64ELm312ELm156ELm31ELm13043109905998158313ELm29ELm6148914691236517205ELm17ELm8202884508482404352ELm37ELm18444473444759240704ELm43ELm6364136223846793005EEclEv,ldp x29  x30  [sp]  #0x20
100.00,53.28 | 46.72 | 0.00 | 0.00,0.00,0.00 | 0.00 | 0.00 | 0.00,0.00,0.00 | 0.00 | 0.00 | 0.00,0.00,0.00 | 0.00 | 0.00 | 0.00,(null),0,(null),(null),(null)
100.00,64.15 | 35.85 | 0.00 | 0.00,0.00,0.00 | 0.00 | 0.00 | 0.00,0.00,0.00 | 0.00 | 0.00 | 0.00,0.00,0.00 | 0.00 | 0.00 | 0.00,/usr/include/c++/11/bits/atomic_base.h,820,"	return __atomic_load_n(&_M_p, int(__m));",_ZN7rocksdb14InlineSkipListIRKNS_11MemTableRep13KeyComparatorEE6InsertILb0EEEbPKcPNS5_6SpliceEb,ldar x0  [x1]
100.00,100.00 | 0.00 | 0.00 | 0.00,0.00,0.00 | 0.00 | 0.00 | 0.00,0.00,0.00 | 0.00 | 0.00 | 0.00,0.00,0.00 | 0.00 | 0.00 | 0.00,/home/ubuntu/rocksdb/memtable/inlineskiplist.h,912,"    FindSpliceForLevel<true>(key, splice->prev_[i + 1], splice->next_[i + 1], i,",_ZN7rocksdb14InlineSkipListIRKNS_11MemTableRep13KeyComparatorEE21RecomputeSpliceLevelsERKNS_5SliceEPNS5_6SpliceEi,stp x2  x1  [sp  #0x68]
87.50,0.00 | 31.43 | 65.71 | 2.86,12.50,0.00 | 20.00 | 80.00 | 0.00,0.00,0.00 | 0.00 | 0.00 | 0.00,0.00,0.00 | 0.00 | 0.00 | 0.00,(null),0,(null),(null),(null)
100.00,98.56 | 1.44 | 0.00 | 0.00,0.00,0.00 | 0.00 | 0.00 | 0.00,0.00,0.00 | 0.00 | 0.00 | 0.00,0.00,0.00 | 0.00 | 0.00 | 0.00,/home/ubuntu/rocksdb/memtable/inlineskiplist.h,544,"  const DecodedKey key_decoded = compare_.decode_key(key);",_ZNK7rocksdb14InlineSkipListIRKNS_11MemTableRep13KeyComparatorEE18FindGreaterOrEqualEPKcPPNS5_4NodeE,ldr x4  [x0  #0x10]
100.00,96.88 | 1.88 | 0.62 | 0.62,0.00,0.00 | 0.00 | 0.00 | 0.00,0.00,0.00 | 0.00 | 0.00 | 0.00,0.00,0.00 | 0.00 | 0.00 | 0.00,/home/ubuntu/rocksdb/memtable/memtablerep_bench.cc,305,"                    callback_args->key->user_key())) {",_ZN7rocksdb19ReadBenchmarkThread8callbackEPvPKc,ldr x2  [x3  #0xf40]
100.00,91.18 | 8.82 | 0.00 | 0.00,0.00,0.00 | 0.00 | 0.00 | 0.00,0.00,0.00 | 0.00 | 0.00 | 0.00,0.00,0.00 | 0.00 | 0.00 | 0.00,/home/ubuntu/rocksdb/memtable/inlineskiplist.h,897,"      *out_prev = before;",_ZN7rocksdb14InlineSkipListIRKNS_11MemTableRep13KeyComparatorEE21RecomputeSpliceLevelsERKNS_5SliceEPNS5_6SpliceEi,ldr x0  [sp  #0x68]
99.26,20.74 | 79.26 | 0.00 | 0.00,0.74,0.00 | 100.00 | 0.00 | 0.00,0.00,0.00 | 0.00 | 0.00 | 0.00,0.00,0.00 | 0.00 | 0.00 | 0.00,/home/ubuntu/rocksdb/memtable/memtablerep_bench.cc,327,"  }",_ZN7rocksdb19ReadBenchmarkThread7ReadOneEv,ldp x19  x20  [sp  #0x10]
100.00,52.94 | 45.59 | 1.47 | 0.00,0.00,0.00 | 0.00 | 0.00 | 0.00,0.00,0.00 | 0.00 | 0.00 | 0.00,0.00,0.00 | 0.00 | 0.00 | 0.00,/home/ubuntu/rocksdb/db/dbformat.cc,269,"}",_ZN7rocksdb9LookupKeyC2ERKNS_5SliceEmPS2_,ldp x23  x24  [sp  #0x30]
100.00,86.58 | 12.75 | 0.67 | 0.00,0.00,0.00 | 0.00 | 0.00 | 0.00,0.00,0.00 | 0.00 | 0.00 | 0.00,0.00,0.00 | 0.00 | 0.00 | 0.00,???,0,???,???,???
100.00,85.71 | 8.16 | 4.08 | 2.04,0.00,0.00 | 0.00 | 0.00 | 0.00,0.00,0.00 | 0.00 | 0.00 | 0.00,0.00,0.00 | 0.00 | 0.00 | 0.00,(null),0,(null),(null),(null)
100.00,62.14 | 37.86 | 0.00 | 0.00,0.00,0.00 | 0.00 | 0.00 | 0.00,0.00,0.00 | 0.00 | 0.00 | 0.00,0.00,0.00 | 0.00 | 0.00 | 0.00,/home/ubuntu/rocksdb/memtable/skiplistrep.cc,93,"  }",_ZN7rocksdb12_GLOBAL__N_111SkipListRep3GetERKNS_9LookupKeyEPvPFbS5_PKcE,ldr x0  [x0  #0xba8]
100.00,92.59 | 7.41 | 0.00 | 0.00,0.00,0.00 | 0.00 | 0.00 | 0.00,0.00,0.00 | 0.00 | 0.00 | 0.00,0.00,0.00 | 0.00 | 0.00 | 0.00,/home/ubuntu/rocksdb/util/coding.h,108,"    uint32_t result = *(reinterpret_cast<const unsigned char*>(p));",_ZNK7rocksdb14InlineSkipListIRKNS_11MemTableRep13KeyComparatorEE18FindGreaterOrEqualEPKcPPNS5_4NodeE,ldrb w1  [x1]
100.00,82.39 | 17.61 | 0.00 | 0.00,0.00,0.00 | 0.00 | 0.00 | 0.00,0.00,0.00 | 0.00 | 0.00 | 0.00,0.00,0.00 | 0.00 | 0.00 | 0.00,/home/ubuntu/rocksdb/memtable/memtablerep_bench.cc,309,"  }",_ZN7rocksdb19ReadBenchmarkThread8callbackEPvPKc,ldr x2  [sp  #0x48]
100.00,60.90 | 39.10 | 0.00 | 0.00,0.00,0.00 | 0.00 | 0.00 | 0.00,0.00,0.00 | 0.00 | 0.00 | 0.00,0.00,0.00 | 0.00 | 0.00 | 0.00,(null),0,(null),(null),(null)
100.00,52.99 | 40.17 | 6.84 | 0.00,0.00,0.00 | 0.00 | 0.00 | 0.00,0.00,0.00 | 0.00 | 0.00 | 0.00,0.00,0.00 | 0.00 | 0.00 | 0.00,/home/ubuntu/rocksdb/db/dbformat.cc,269,"}",_ZN7rocksdb9LookupKeyC2ERKNS_5SliceEmPS2_,ldr x25  [sp  #0x40]
100.00,69.23 | 30.77 | 0.00 | 0.00,0.00,0.00 | 0.00 | 0.00 | 0.00,0.00,0.00 | 0.00 | 0.00 | 0.00,0.00,0.00 | 0.00 | 0.00 | 0.00,/home/ubuntu/rocksdb/memtable/memtablerep_bench.cc,311,"  void ReadOne() {",_ZN7rocksdb19ReadBenchmarkThread7ReadOneEv,ldr x1  [x1  #0xe38]
100.00,39.73 | 59.59 | 0.68 | 0.00,0.00,0.00 | 0.00 | 0.00 | 0.00,0.00,0.00 | 0.00 | 0.00 | 0.00,0.00,0.00 | 0.00 | 0.00 | 0.00,/home/ubuntu/rocksdb/memtable/skiplistrep.cc,93,"  }",_ZN7rocksdb12_GLOBAL__N_111SkipListRep3GetERKNS_9LookupKeyEPvPFbS5_PKcE,ldp x21  x22  [sp  #0x20]
100.00,51.82 | 48.18 | 0.00 | 0.00,0.00,0.00 | 0.00 | 0.00 | 0.00,0.00,0.00 | 0.00 | 0.00 | 0.00,0.00,0.00 | 0.00 | 0.00 | 0.00,/home/ubuntu/rocksdb/db/lookup_key.h,65,"  if (start_ != space_) delete[] start_;",_ZN7rocksdb19ReadBenchmarkThread7ReadOneEv,ldr x0  [sp  #0x98]
100.00,84.14 | 13.10 | 2.76 | 0.00,0.00,0.00 | 0.00 | 0.00 | 0.00,0.00,0.00 | 0.00 | 0.00 | 0.00,0.00,0.00 | 0.00 | 0.00 | 0.00,/home/ubuntu/rocksdb/db/lookup_key.h,31,"    return Slice(start_, static_cast<size_t>(end_ - start_));",_ZN7rocksdb12_GLOBAL__N_111SkipListRep3GetERKNS_9LookupKeyEPvPFbS5_PKcE,ldr x1  [x1]
100.00,86.25 | 13.75 | 0.00 | 0.00,0.00,0.00 | 0.00 | 0.00 | 0.00,0.00,0.00 | 0.00 | 0.00 | 0.00,0.00,0.00 | 0.00 | 0.00 | 0.00,/usr/include/c++/11/bits/basic_string.h,195,"      { return _M_dataplus._M_p; }",_ZN7rocksdb12_GLOBAL__N_111SkipListRep3GetERKNS_9LookupKeyEPvPFbS5_PKcE,ldr x0  [sp  #0x68]
100.00,84.44 | 14.81 | 0.00 | 0.74,0.00,0.00 | 0.00 | 0.00 | 0.00,0.00,0.00 | 0.00 | 0.00 | 0.00,0.00,0.00 | 0.00 | 0.00 | 0.00,/home/ubuntu/rocksdb/memtable/memtablerep_bench.cc,309,"  }",_ZN7rocksdb19ReadBenchmarkThread8callbackEPvPKc,ldr x0  [x0  #0xe38]
100.00,49.29 | 50.71 | 0.00 | 0.00,0.00,0.00 | 0.00 | 0.00 | 0.00,0.00,0.00 | 0.00 | 0.00 | 0.00,0.00,0.00 | 0.00 | 0.00 | 0.00,/home/ubuntu/rocksdb/memtable/memtablerep_bench.cc,327,"  }",_ZN7rocksdb19ReadBenchmarkThread7ReadOneEv,ldr x2  [sp  #0x178]
100.00,46.36 | 53.64 | 0.00 | 0.00,0.00,0.00 | 0.00 | 0.00 | 0.00,0.00,0.00 | 0.00 | 0.00 | 0.00,0.00,0.00 | 0.00 | 0.00 | 0.00,/home/ubuntu/rocksdb/memtable/inlineskiplist.h,573,"}",_ZNK7rocksdb14InlineSkipListIRKNS_11MemTableRep13KeyComparatorEE18FindGreaterOrEqualEPKcPPNS5_4NodeE,ldr x27  [sp  #0x50]
100.00,63.16 | 36.84 | 0.00 | 0.00,0.00,0.00 | 0.00 | 0.00 | 0.00,0.00,0.00 | 0.00 | 0.00 | 0.00,0.00,0.00 | 0.00 | 0.00 | 0.00,/home/ubuntu/rocksdb/memtable/inlineskiplist.h,529,"  return (n != nullptr) && (compare_(n->Key(), key) < 0);",_ZN7rocksdb14InlineSkipListIRKNS_11MemTableRep13KeyComparatorEE6InsertILb0EEEbPKcPNS5_6SpliceEb,ldr x3  [x3  #0x10]
100.00,92.41 | 7.59 | 0.00 | 0.00,0.00,0.00 | 0.00 | 0.00 | 0.00,0.00,0.00 | 0.00 | 0.00 | 0.00,0.00,0.00 | 0.00 | 0.00 | 0.00,/home/ubuntu/rocksdb/include/rocksdb/slice.h,278,"          (memcmp(x.data(), y.data(), x.size()) == 0));",_ZNK7rocksdb12_GLOBAL__N_122BytewiseComparatorImpl5EqualERKNS_5SliceES4_,ldr x1  [x1]
100.00,98.10 | 1.90 | 0.00 | 0.00,0.00,0.00 | 0.00 | 0.00 | 0.00,0.00,0.00 | 0.00 | 0.00 | 0.00,0.00,0.00 | 0.00 | 0.00 | 0.00,(null),0,(null),(null),(null)
100.00,98.61 | 1.39 | 0.00 | 0.00,0.00,0.00 | 0.00 | 0.00 | 0.00,0.00,0.00 | 0.00 | 0.00 | 0.00,0.00,0.00 | 0.00 | 0.00 | 0.00,/usr/include/c++/11/bits/atomic_base.h,488,"	return __atomic_load_n(&_M_i, int(__m));",_ZNK7rocksdb14InlineSkipListIRKNS_11MemTableRep13KeyComparatorEE18FindGreaterOrEqualEPKcPPNS5_4NodeE,ldr w20  [x2]
97.22,94.29 | 5.00 | 0.71 | 0.00,2.78,0.00 | 100.00 | 0.00 | 0.00,0.00,0.00 | 0.00 | 0.00 | 0.00,0.00,0.00 | 0.00 | 0.00 | 0.00,/home/ubuntu/rocksdb/memtable/memtablerep_bench.cc,322,"    table_->Get(lookup_key, &verify_args, callback);",_ZN7rocksdb19ReadBenchmarkThread7ReadOneEv,ldr x3  [x3  #0xfc0]
100.00,55.63 | 44.37 | 0.00 | 0.00,0.00,0.00 | 0.00 | 0.00 | 0.00,0.00,0.00 | 0.00 | 0.00 | 0.00,0.00,0.00 | 0.00 | 0.00 | 0.00,/usr/include/c++/11/bits/basic_string.h,195,"      { return _M_dataplus._M_p; }",_ZN7rocksdb19ReadBenchmarkThread7ReadOneEv,ldr x0  [sp  #0x78]
100.00,50.77 | 49.23 | 0.00 | 0.00,0.00,0.00 | 0.00 | 0.00 | 0.00,0.00,0.00 | 0.00 | 0.00 | 0.00,0.00,0.00 | 0.00 | 0.00 | 0.00,/usr/include/c++/11/bits/atomic_base.h,796,"	__atomic_store_n(&_M_p, __p, int(__m));",_ZN7rocksdb14InlineSkipListIRKNS_11MemTableRep13KeyComparatorEE6InsertILb0EEEbPKcPNS5_6SpliceEb,ldr x0  [x1  x19]
100.00,100.00 | 0.00 | 0.00 | 0.00,0.00,0.00 | 0.00 | 0.00 | 0.00,0.00,0.00 | 0.00 | 0.00 | 0.00,0.00,0.00 | 0.00 | 0.00 | 0.00,/home/ubuntu/rocksdb/util/comparator.cc,322,"const Comparator* BytewiseComparator() {",_ZN7rocksdb18BytewiseComparatorEv,str x19  [sp  #0x10]
100.00,69.13 | 30.87 | 0.00 | 0.00,0.00,0.00 | 0.00 | 0.00 | 0.00,0.00,0.00 | 0.00 | 0.00 | 0.00,0.00,0.00 | 0.00 | 0.00 | 0.00,/home/ubuntu/rocksdb/util/comparator.cc,40,"  bool Equal(const Slice& a, const Slice& b) const override { return a == b; }",_ZNK7rocksdb12_GLOBAL__N_122BytewiseComparatorImpl5EqualERKNS_5SliceES4_,ldp x29  x30  [sp]  #0x10
100.00,17.83 | 82.17 | 0.00 | 0.00,0.00,0.00 | 0.00 | 0.00 | 0.00,0.00,0.00 | 0.00 | 0.00 | 0.00,0.00,0.00 | 0.00 | 0.00 | 0.00,/home/ubuntu/rocksdb/memtable/inlineskiplist.h,573,"}",_ZNK7rocksdb14InlineSkipListIRKNS_11MemTableRep13KeyComparatorEE18FindGreaterOrEqualEPKcPPNS5_4NodeE,ldp x29  x30  [sp]  #0x80
100.00,98.66 | 1.34 | 0.00 | 0.00,0.00,0.00 | 0.00 | 0.00 | 0.00,0.00,0.00 | 0.00 | 0.00 | 0.00,0.00,0.00 | 0.00 | 0.00 | 0.00,/home/ubuntu/rocksdb/memtable/inlineskiplist.h,541,"  Node* x = head_;",_ZNK7rocksdb14InlineSkipListIRKNS_11MemTableRep13KeyComparatorEE18FindGreaterOrEqualEPKcPPNS5_4NodeE,ldr x25  [x0  #0x18]
98.11,38.46 | 59.62 | 0.00 | 1.92,0.00,0.00 | 0.00 | 0.00 | 0.00,1.89,0.00 | 0.00 | 0.00 | 100.00,0.00,0.00 | 0.00 | 0.00 | 0.00,/home/ubuntu/rocksdb/memtable/memtablerep_bench.cc,255,"    *bytes_written_ += encoded_len;",_ZN7rocksdb19FillBenchmarkThread7FillOneEv,ldr x1  [x2]
100.00,96.09 | 3.91 | 0.00 | 0.00,0.00,0.00 | 0.00 | 0.00 | 0.00,0.00,0.00 | 0.00 | 0.00 | 0.00,0.00,0.00 | 0.00 | 0.00 | 0.00,/home/ubuntu/rocksdb/memtable/inlineskiplist.h,534,"InlineSkipList<Comparator>::FindGreaterOrEqual(",_ZNK7rocksdb14InlineSkipListIRKNS_11MemTableRep13KeyComparatorEE18FindGreaterOrEqualEPKcPPNS5_4NodeE,ldr x4  [x3]
100.00,49.29 | 50.71 | 0.00 | 0.00,0.00,0.00 | 0.00 | 0.00 | 0.00,0.00,0.00 | 0.00 | 0.00 | 0.00,0.00,0.00 | 0.00 | 0.00 | 0.00,/home/ubuntu/rocksdb/memtable/skiplistrep.cc,93,"  }",_ZN7rocksdb12_GLOBAL__N_111SkipListRep3GetERKNS_9LookupKeyEPvPFbS5_PKcE,ldp x19  x20  [sp  #0x10]
100.00,32.14 | 67.86 | 0.00 | 0.00,0.00,0.00 | 0.00 | 0.00 | 0.00,0.00,0.00 | 0.00 | 0.00 | 0.00,0.00,0.00 | 0.00 | 0.00 | 0.00,/home/ubuntu/rocksdb/memtable/inlineskiplist.h,573,"}",_ZNK7rocksdb14InlineSkipListIRKNS_11MemTableRep13KeyComparatorEE18FindGreaterOrEqualEPKcPPNS5_4NodeE,ldp x23  x24  [sp  #0x30]
99.28,94.20 | 5.80 | 0.00 | 0.00,0.72,0.00 | 100.00 | 0.00 | 0.00,0.00,0.00 | 0.00 | 0.00 | 0.00,0.00,0.00 | 0.00 | 0.00 | 0.00,???,0,???,???,???
100.00,47.24 | 52.76 | 0.00 | 0.00,0.00,0.00 | 0.00 | 0.00 | 0.00,0.00,0.00 | 0.00 | 0.00 | 0.00,0.00,0.00 | 0.00 | 0.00 | 0.00,/home/ubuntu/rocksdb/memtable/memtablerep_bench.cc,323,"    if (verify_args.found) {",_ZN7rocksdb19ReadBenchmarkThread7ReadOneEv,ldrb w0  [sp  #0x58]
100.00,92.36 | 7.64 | 0.00 | 0.00,0.00,0.00 | 0.00 | 0.00 | 0.00,0.00,0.00 | 0.00 | 0.00 | 0.00,0.00,0.00 | 0.00 | 0.00 | 0.00,/home/ubuntu/rocksdb/memtable/inlineskiplist.h,573,"}",_ZNK7rocksdb14InlineSkipListIRKNS_11MemTableRep13KeyComparatorEE18FindGreaterOrEqualEPKcPPNS5_4NodeE,ldr x2  [sp  #0x78]
100.00,0.00 | 95.56 | 4.44 | 0.00,0.00,0.00 | 0.00 | 0.00 | 0.00,0.00,0.00 | 0.00 | 0.00 | 0.00,0.00,0.00 | 0.00 | 0.00 | 0.00,/home/ubuntu/rocksdb/memtable/memtablerep_bench.cc,242,"    KeyHandle handle = table_->Allocate(encoded_len, &buf);",_ZN7rocksdb19FillBenchmarkThread7FillOneEv,ldr x3  [x3]
100.00,100.00 | 0.00 | 0.00 | 0.00,0.00,0.00 | 0.00 | 0.00 | 0.00,0.00,0.00 | 0.00 | 0.00 | 0.00,0.00,0.00 | 0.00 | 0.00 | 0.00,/usr/include/c++/11/bits/random.tcc,413,"	  _M_x[__k] = (_M_x[__k + (__m - __n)] ^ (__y >> 1)",_ZNSt23mersenne_twister_engineImLm64ELm312ELm156ELm31ELm13043109905998158313ELm29ELm6148914691236517205ELm17ELm8202884508482404352ELm37ELm18444473444759240704ELm43ELm6364136223846793005EE11_M_gen_randEv,str x2  [x1  #0x4d8]
96.36,0.00 | 98.11 | 1.89 | 0.00,3.64,0.00 | 0.00 | 100.00 | 0.00,0.00,0.00 | 0.00 | 0.00 | 0.00,0.00,0.00 | 0.00 | 0.00 | 0.00,/home/ubuntu/rocksdb/memtable/memtablerep_bench.cc,280,"    while ((*threads_done_).load() < (FLAGS_num_threads - 1)) {",_ZNSt6thread11_State_implINS_8_InvokerISt5tupleIJN7rocksdb29ConcurrentFillBenchmarkThreadEEEEEE6_M_runEv,ldr w1  [x20]
100.00,88.10 | 11.11 | 0.79 | 0.00,0.00,0.00 | 0.00 | 0.00 | 0.00,0.00,0.00 | 0.00 | 0.00 | 0.00,0.00,0.00 | 0.00 | 0.00 | 0.00,/home/ubuntu/rocksdb/memtable/memtablerep_bench.cc,185,"        return rand_->Next() % num_;",_ZN7rocksdb19ReadBenchmarkThread7ReadOneEv,ldr x4  [sp  #0x80]
84.00,42.86 | 42.86 | 0.00 | 14.29,4.00,0.00 | 100.00 | 0.00 | 0.00,12.00,0.00 | 0.00 | 0.00 | 100.00,0.00,0.00 | 0.00 | 0.00 | 0.00,/home/ubuntu/rocksdb/memtable/memtablerep_bench.cc,325,"      ++*read_hits_;",_ZN7rocksdb19ReadBenchmarkThread7ReadOneEv,ldr x0  [x1]
100.00,96.27 | 3.73 | 0.00 | 0.00,0.00,0.00 | 0.00 | 0.00 | 0.00,0.00,0.00 | 0.00 | 0.00 | 0.00,0.00,0.00 | 0.00 | 0.00 | 0.00,/home/ubuntu/rocksdb/memtable/inlineskiplist.h,534,"InlineSkipList<Comparator>::FindGreaterOrEqual(",_ZNK7rocksdb14InlineSkipListIRKNS_11MemTableRep13KeyComparatorEE18FindGreaterOrEqualEPKcPPNS5_4NodeE,ldr x3  [x3  #0xba8]
100.00,63.38 | 36.62 | 0.00 | 0.00,0.00,0.00 | 0.00 | 0.00 | 0.00,0.00,0.00 | 0.00 | 0.00 | 0.00,0.00,0.00 | 0.00 | 0.00 | 0.00,/home/ubuntu/rocksdb/memtable/inlineskiplist.h,573,"}",_ZNK7rocksdb14InlineSkipListIRKNS_11MemTableRep13KeyComparatorEE18FindGreaterOrEqualEPKcPPNS5_4NodeE,ldp x21  x22  [sp  #0x20]
100.00,43.41 | 56.59 | 0.00 | 0.00,0.00,0.00 | 0.00 | 0.00 | 0.00,0.00,0.00 | 0.00 | 0.00 | 0.00,0.00,0.00 | 0.00 | 0.00 | 0.00,/home/ubuntu/rocksdb/memtable/skiplistrep.cc,93,"  }",_ZN7rocksdb12_GLOBAL__N_111SkipListRep3GetERKNS_9LookupKeyEPvPFbS5_PKcE,ldp x23  x24  [sp  #0x30]
100.00,93.33 | 6.67 | 0.00 | 0.00,0.00,0.00 | 0.00 | 0.00 | 0.00,0.00,0.00 | 0.00 | 0.00 | 0.00,0.00,0.00 | 0.00 | 0.00 | 0.00,/home/ubuntu/rocksdb/util/coding.h,108,"    uint32_t result = *(reinterpret_cast<const unsigned char*>(p));",_ZN7rocksdb19ReadBenchmarkThread8callbackEPvPKc,ldrb w2  [x0]
100.00,18.10 | 81.90 | 0.00 | 0.00,0.00,0.00 | 0.00 | 0.00 | 0.00,0.00,0.00 | 0.00 | 0.00 | 0.00,0.00,0.00 | 0.00 | 0.00 | 0.00,/home/ubuntu/rocksdb/memtable/inlineskiplist.h,573,"}",_ZNK7rocksdb14InlineSkipListIRKNS_11MemTableRep13KeyComparatorEE18FindGreaterOrEqualEPKcPPNS5_4NodeE,ldp x25  x26  [sp  #0x40]
100.00,82.46 | 17.54 | 0.00 | 0.00,0.00,0.00 | 0.00 | 0.00 | 0.00,0.00,0.00 | 0.00 | 0.00 | 0.00,0.00,0.00 | 0.00 | 0.00 | 0.00,/home/ubuntu/rocksdb/memtable/inlineskiplist.h,1077,"      if (UNLIKELY(i == 0 && splice->prev_[i] != head_ &&",_ZN7rocksdb14InlineSkipListIRKNS_11MemTableRep13KeyComparatorEE6InsertILb0EEEbPKcPNS5_6SpliceEb,ldr x1  [x1]
100.00,89.13 | 10.87 | 0.00 | 0.00,0.00,0.00 | 0.00 | 0.00 | 0.00,0.00,0.00 | 0.00 | 0.00 | 0.00,0.00,0.00 | 0.00 | 0.00 | 0.00,(null),0,(null),(null),(null)
100.00,97.39 | 0.65 | 1.31 | 0.65,0.00,0.00 | 0.00 | 0.00 | 0.00,0.00,0.00 | 0.00 | 0.00 | 0.00,0.00,0.00 | 0.00 | 0.00 | 0.00,/home/ubuntu/rocksdb/db/dbformat.cc,268,"  end_ = dst;",_ZN7rocksdb9LookupKeyC2ERKNS_5SliceEmPS2_,str x1  [x22  #0x10]
100.00,91.47 | 8.53 | 0.00 | 0.00,0.00,0.00 | 0.00 | 0.00 | 0.00,0.00,0.00 | 0.00 | 0.00 | 0.00,0.00,0.00 | 0.00 | 0.00 | 0.00,/home/ubuntu/rocksdb/db/dbformat.h,399,"  explicit InternalKeyComparator(const Comparator* c) : user_comparator_(c) {}",_ZN7rocksdb19ReadBenchmarkThread7ReadOneEv,ldr x1  [x1  #0xfb8]
100.00,97.87 | 2.13 | 0.00 | 0.00,0.00,0.00 | 0.00 | 0.00 | 0.00,0.00,0.00 | 0.00 | 0.00 | 0.00,0.00,0.00 | 0.00 | 0.00 | 0.00,/home/ubuntu/rocksdb/util/user_comparator_wrapper.h,29,"  const Comparator* user_comparator() const { return user_comparator_; }",_ZN7rocksdb19ReadBenchmarkThread8callbackEPvPKc,ldr x0  [x19  #0x18]
100.00,100.00 | 0.00 | 0.00 | 0.00,0.00,0.00 | 0.00 | 0.00 | 0.00,0.00,0.00 | 0.00 | 0.00 | 0.00,0.00,0.00 | 0.00 | 0.00 | 0.00,/usr/include/c++/11/bits/random.tcc,405,"	  _M_x[__k] = (_M_x[__k + __m] ^ (__y >> 1)",_ZNSt23mersenne_twister_engineImLm64ELm312ELm156ELm31ELm13043109905998158313ELm29ELm6148914691236517205ELm17ELm8202884508482404352ELm37ELm18444473444759240704ELm43ELm6364136223846793005EE11_M_gen_randEv,str x2  [x3]  #8
100.00,70.80 | 29.20 | 0.00 | 0.00,0.00,0.00 | 0.00 | 0.00 | 0.00,0.00,0.00 | 0.00 | 0.00 | 0.00,0.00,0.00 | 0.00 | 0.00 | 0.00,/home/ubuntu/rocksdb/memtable/memtablerep_bench.cc,309,"  }",_ZN7rocksdb19ReadBenchmarkThread8callbackEPvPKc,ldp x29  x30  [sp]  #0x50
100.00,89.55 | 10.45 | 0.00 | 0.00,0.00,0.00 | 0.00 | 0.00 | 0.00,0.00,0.00 | 0.00 | 0.00 | 0.00,0.00,0.00 | 0.00 | 0.00 | 0.00,(null),0,(null),(null),(null)
100.00,100.00 | 0.00 | 0.00 | 0.00,0.00,0.00 | 0.00 | 0.00 | 0.00,0.00,0.00 | 0.00 | 0.00 | 0.00,0.00,0.00 | 0.00 | 0.00 | 0.00,/usr/include/c++/11/bits/atomic_base.h,796,"	__atomic_store_n(&_M_p, __p, int(__m));",_ZN7rocksdb14InlineSkipListIRKNS_11MemTableRep13KeyComparatorEE6InsertILb0EEEbPKcPNS5_6SpliceEb,stlr x23  [x1]
100.00,100.00 | 0.00 | 0.00 | 0.00,0.00,0.00 | 0.00 | 0.00 | 0.00,0.00,0.00 | 0.00 | 0.00 | 0.00,0.00,0.00 | 0.00 | 0.00 | 0.00,/usr/include/c++/11/bits/random.tcc,450,"    mersenne_twister_engine<_UIntType, __w, __n, __m, __r, __a, __u, __d,",_ZNSt23mersenne_twister_engineImLm64ELm312ELm156ELm31ELm13043109905998158313ELm29ELm6148914691236517205ELm17ELm8202884508482404352ELm37ELm18444473444759240704ELm43ELm6364136223846793005EEclEv,stp x29  x30  [sp  #-0x20]!
100.00,40.43 | 59.57 | 0.00 | 0.00,0.00,0.00 | 0.00 | 0.00 | 0.00,0.00,0.00 | 0.00 | 0.00 | 0.00,0.00,0.00 | 0.00 | 0.00 | 0.00,/home/ubuntu/rocksdb/memtable/memtablerep_bench.cc,254,"    table_->Insert(handle);",_ZN7rocksdb19FillBenchmarkThread7FillOneEv,ldr x2  [x2  #8]
94.44,0.00 | 52.94 | 47.06 | 0.00,5.56,0.00 | 0.00 | 0.00 | 100.00,0.00,0.00 | 0.00 | 0.00 | 0.00,0.00,0.00 | 0.00 | 0.00 | 0.00,/usr/include/c++/11/bits/atomic_base.h,488,"	return __atomic_load_n(&_M_i, int(__m));",_ZNSt6thread11_State_implINS_8_InvokerISt5tupleIJN7rocksdb29ConcurrentFillBenchmarkThreadEEEEEE6_M_runEv,ldar w2  [x0]
100.00,100.00 | 0.00 | 0.00 | 0.00,0.00,0.00 | 0.00 | 0.00 | 0.00,0.00,0.00 | 0.00 | 0.00 | 0.00,0.00,0.00 | 0.00 | 0.00 | 0.00,/home/ubuntu/rocksdb/memtable/inlineskiplist.h,1093,"      splice->prev_[i] = x;",_ZN7rocksdb14InlineSkipListIRKNS_11MemTableRep13KeyComparatorEE6InsertILb0EEEbPKcPNS5_6SpliceEb,str x23  [x1  x0  lsl #3]
100.00,84.67 | 14.60 | 0.73 | 0.00,0.00,0.00 | 0.00 | 0.00 | 0.00,0.00,0.00 | 0.00 | 0.00 | 0.00,0.00,0.00 | 0.00 | 0.00 | 0.00,/home/ubuntu/rocksdb/memtable/memtablerep_bench.cc,309,"  }",_ZN7rocksdb19ReadBenchmarkThread8callbackEPvPKc,ldr x19  [sp  #0x10]
83.33,60.00 | 25.00 | 5.00 | 10.00,4.17,0.00 | 100.00 | 0.00 | 0.00,12.50,0.00 | 0.00 | 0.00 | 100.00,0.00,0.00 | 0.00 | 0.00 | 0.00,/home/ubuntu/rocksdb/memtable/memtablerep_bench.cc,324,"      *bytes_read_ += VarintLength(16) + 16 + FLAGS_item_size;",_ZN7rocksdb19ReadBenchmarkThread7ReadOneEv,ldr x3  [x2]
100.00,100.00 | 0.00 | 0.00 | 0.00,0.00,0.00 | 0.00 | 0.00 | 0.00,0.00,0.00 | 0.00 | 0.00 | 0.00,0.00,0.00 | 0.00 | 0.00 | 0.00,/usr/include/c++/11/bits/char_traits.h,357,"      { __c1 = __c2; }",_ZN7rocksdb19ReadBenchmarkThread7ReadOneEv,strb wzr  [sp  #0x88]
100.00,82.44 | 17.56 | 0.00 | 0.00,0.00,0.00 | 0.00 | 0.00 | 0.00,0.00,0.00 | 0.00 | 0.00 | 0.00,0.00,0.00 | 0.00 | 0.00 | 0.00,/home/ubuntu/rocksdb/memtable/skiplistrep.cc,93,"  }",_ZN7rocksdb12_GLOBAL__N_111SkipListRep3GetERKNS_9LookupKeyEPvPFbS5_PKcE,ldr x2  [sp  #0x88]
100.00,100.00 | 0.00 | 0.00 | 0.00,0.00,0.00 | 0.00 | 0.00 | 0.00,0.00,0.00 | 0.00 | 0.00 | 0.00,0.00,0.00 | 0.00 | 0.00 | 0.00,/home/ubuntu/rocksdb/memtable/memtablerep_bench.cc,297,"  static bool callback(void* arg, const char* entry) {",_ZN7rocksdb19ReadBenchmarkThread8callbackEPvPKc,str x1  [sp  #0x48]
100.00,96.83 | 3.17 | 0.00 | 0.00,0.00,0.00 | 0.00 | 0.00 | 0.00,0.00,0.00 | 0.00 | 0.00 | 0.00,0.00,0.00 | 0.00 | 0.00 | 0.00,/home/ubuntu/rocksdb/include/rocksdb/slice.h,278,"          (memcmp(x.data(), y.data(), x.size()) == 0));",_ZNK7rocksdb12_GLOBAL__N_122BytewiseComparatorImpl5EqualERKNS_5SliceES4_,ldr x0  [x3]
100.00,97.73 | 0.00 | 0.00 | 2.27,0.00,0.00 | 0.00 | 0.00 | 0.00,0.00,0.00 | 0.00 | 0.00 | 0.00,0.00,0.00 | 0.00 | 0.00 | 0.00,/home/ubuntu/rocksdb/memtable/inlineskiplist.h,911,"  for (int i = recompute_level - 1; i >= 0; --i) {",_ZN7rocksdb14InlineSkipListIRKNS_11MemTableRep13KeyComparatorEE21RecomputeSpliceLevelsERKNS_5SliceEPNS5_6SpliceEi,stp x27  x28  [sp  #0x50]
100.00,100.00 | 0.00 | 0.00 | 0.00,0.00,0.00 | 0.00 | 0.00 | 0.00,0.00,0.00 | 0.00 | 0.00 | 0.00,0.00,0.00 | 0.00 | 0.00 | 0.00,/home/ubuntu/rocksdb/memtable/memtablerep_bench.cc,311,"  void ReadOne() {",_ZN7rocksdb19ReadBenchmarkThread7ReadOneEv,stp x23  x24  [sp  #0x30]
100.00,58.18 | 41.82 | 0.00 | 0.00,0.00,0.00 | 0.00 | 0.00 | 0.00,0.00,0.00 | 0.00 | 0.00 | 0.00,0.00,0.00 | 0.00 | 0.00 | 0.00,/home/ubuntu/rocksdb/memtable/memtablerep_bench.cc,241,"        FLAGS_item_size + VarintLength(internal_key_size) + internal_key_size;",_ZN7rocksdb19FillBenchmarkThread7FillOneEv,ldr w21  [x4]
100.00,67.24 | 32.76 | 0.00 | 0.00,0.00,0.00 | 0.00 | 0.00 | 0.00,0.00,0.00 | 0.00 | 0.00 | 0.00,0.00,0.00 | 0.00 | 0.00 | 0.00,/home/ubuntu/rocksdb/memtable/inlineskiplist.h,573,"}",_ZNK7rocksdb14InlineSkipListIRKNS_11MemTableRep13KeyComparatorEE18FindGreaterOrEqualEPKcPPNS5_4NodeE,ldp x19  x20  [sp  #0x10]
100.00,56.00 | 44.00 | 0.00 | 0.00,0.00,0.00 | 0.00 | 0.00 | 0.00,0.00,0.00 | 0.00 | 0.00 | 0.00,0.00,0.00 | 0.00 | 0.00 | 0.00,/home/ubuntu/rocksdb/memtable/inlineskiplist.h,342,"    (&next_[0] - n)->store(x, std::memory_order_release);",_ZN7rocksdb14InlineSkipListIRKNS_11MemTableRep13KeyComparatorEE6InsertILb0EEEbPKcPNS5_6SpliceEb,ldr x1  [x1  x19]
100.00,100.00 | 0.00 | 0.00 | 0.00,0.00,0.00 | 0.00 | 0.00 | 0.00,0.00,0.00 | 0.00 | 0.00 | 0.00,0.00,0.00 | 0.00 | 0.00 | 0.00,/usr/include/c++/11/bits/random.tcc,450,"    mersenne_twister_engine<_UIntType, __w, __n, __m, __r, __a, __u, __d,",_ZNSt23mersenne_twister_engineImLm64ELm312ELm156ELm31ELm13043109905998158313ELm29ELm6148914691236517205ELm17ELm8202884508482404352ELm37ELm18444473444759240704ELm43ELm6364136223846793005EEclEv,str x19  [sp  #0x10]
98.36,0.00 | 93.33 | 6.67 | 0.00,1.64,0.00 | 0.00 | 100.00 | 0.00,0.00,0.00 | 0.00 | 0.00 | 0.00,0.00,0.00 | 0.00 | 0.00 | 0.00,/home/ubuntu/rocksdb/memtable/memtablerep_bench.cc,256,"  }",_ZN7rocksdb19FillBenchmarkThread7FillOneEv,ldr x0  [x0  #0xe38]
100.00,100.00 | 0.00 | 0.00 | 0.00,0.00,0.00 | 0.00 | 0.00 | 0.00,0.00,0.00 | 0.00 | 0.00 | 0.00,0.00,0.00 | 0.00 | 0.00 | 0.00,/usr/include/c++/11/bits/basic_string.h,191,"      { _M_string_length = __length; }",_ZN7rocksdb19ReadBenchmarkThread7ReadOneEv,stp x21  xzr  [sp  #0x78]
100.00,56.67 | 43.33 | 0.00 | 0.00,0.00,0.00 | 0.00 | 0.00 | 0.00,0.00,0.00 | 0.00 | 0.00 | 0.00,0.00,0.00 | 0.00 | 0.00 | 0.00,/home/ubuntu/rocksdb/memtable/inlineskiplist.h,922,"  const DecodedKey key_decoded = compare_.decode_key(key);",_ZN7rocksdb14InlineSkipListIRKNS_11MemTableRep13KeyComparatorEE6InsertILb0EEEbPKcPNS5_6SpliceEb,ldr x5  [x0]
100.00,100.00 | 0.00 | 0.00 | 0.00,0.00,0.00 | 0.00 | 0.00 | 0.00,0.00,0.00 | 0.00 | 0.00 | 0.00,0.00,0.00 | 0.00 | 0.00 | 0.00,(null),0,(null),(null),(null)
100.00,100.00 | 0.00 | 0.00 | 0.00,0.00,0.00 | 0.00 | 0.00 | 0.00,0.00,0.00 | 0.00 | 0.00 | 0.00,0.00,0.00 | 0.00 | 0.00 | 0.00,/home/ubuntu/rocksdb/memtable/memtablerep_bench.cc,297,"  static bool callback(void* arg, const char* entry) {",_ZN7rocksdb19ReadBenchmarkThread8callbackEPvPKc,str x19  [sp  #0x10]
100.00,92.17 | 6.96 | 0.87 | 0.00,0.00,0.00 | 0.00 | 0.00 | 0.00,0.00,0.00 | 0.00 | 0.00 | 0.00,0.00,0.00 | 0.00 | 0.00 | 0.00,/home/ubuntu/rocksdb/memtable/skiplistrep.cc,85,"  void Get(const LookupKey& k, void* callback_args,",_ZN7rocksdb12_GLOBAL__N_111SkipListRep3GetERKNS_9LookupKeyEPvPFbS5_PKcE,ldr x5  [x4  #0xba8]
100.00,100.00 | 0.00 | 0.00 | 0.00,0.00,0.00 | 0.00 | 0.00 | 0.00,0.00,0.00 | 0.00 | 0.00 | 0.00,0.00,0.00 | 0.00 | 0.00 | 0.00,/home/ubuntu/rocksdb/memtable/memtablerep_bench.cc,255,"    *bytes_written_ += encoded_len;",_ZN7rocksdb19FillBenchmarkThread7FillOneEv,str x1  [x2]
100.00,100.00 | 0.00 | 0.00 | 0.00,0.00,0.00 | 0.00 | 0.00 | 0.00,0.00,0.00 | 0.00 | 0.00 | 0.00,0.00,0.00 | 0.00 | 0.00 | 0.00,/home/ubuntu/rocksdb/include/rocksdb/slice.h,43,"  Slice(const std::string& s) : data_(s.data()), size_(s.size()) {}",_ZN7rocksdb19ReadBenchmarkThread7ReadOneEv,str x1  [sp  #0x60]
100.00,100.00 | 0.00 | 0.00 | 0.00,0.00,0.00 | 0.00 | 0.00 | 0.00,0.00,0.00 | 0.00 | 0.00 | 0.00,0.00,0.00 | 0.00 | 0.00 | 0.00,/usr/aarch64-linux-gnu/include/bits/string_fortified.h,29,"  return __builtin___memcpy_chk (__dest, __src, __len,",_ZN7rocksdb9LookupKeyC2ERKNS_5SliceEmPS2_,str x20  [x1]  #8
100.00,100.00 | 0.00 | 0.00 | 0.00,0.00,0.00 | 0.00 | 0.00 | 0.00,0.00,0.00 | 0.00 | 0.00 | 0.00,0.00,0.00 | 0.00 | 0.00 | 0.00,/home/ubuntu/rocksdb/util/coding.cc,29,"    *(ptr++) = v;",_ZN7rocksdb14EncodeVarint32EPcj,strb w3  [x0]  #1
100.00,100.00 | 0.00 | 0.00 | 0.00,0.00,0.00 | 0.00 | 0.00 | 0.00,0.00,0.00 | 0.00 | 0.00 | 0.00,0.00,0.00 | 0.00 | 0.00 | 0.00,/home/ubuntu/rocksdb/memtable/skiplistrep.cc,85,"  void Get(const LookupKey& k, void* callback_args,",_ZN7rocksdb12_GLOBAL__N_111SkipListRep3GetERKNS_9LookupKeyEPvPFbS5_PKcE,stp x19  x20  [sp  #0x10]
98.41,95.16 | 4.84 | 0.00 | 0.00,1.59,0.00 | 0.00 | 100.00 | 0.00,0.00,0.00 | 0.00 | 0.00 | 0.00,0.00,0.00 | 0.00 | 0.00 | 0.00,/home/ubuntu/rocksdb/util/random.cc,27,"  auto rv = tls_instance;",_ZN7rocksdb6Random14GetTLSInstanceEv,ldr x0  [x19  #8]
100.00,44.68 | 55.32 | 0.00 | 0.00,0.00,0.00 | 0.00 | 0.00 | 0.00,0.00,0.00 | 0.00 | 0.00 | 0.00,0.00,0.00 | 0.00 | 0.00 | 0.00,/home/ubuntu/rocksdb/memtable/inlineskiplist.h,989,"      } else if (splice->prev_[recompute_height] != head_ &&",_ZN7rocksdb14InlineSkipListIRKNS_11MemTableRep13KeyComparatorEE6InsertILb0EEEbPKcPNS5_6SpliceEb,ldr x1  [x1  x19  lsl #3]
100.00,62.86 | 37.14 | 0.00 | 0.00,0.00,0.00 | 0.00 | 0.00 | 0.00,0.00,0.00 | 0.00 | 0.00 | 0.00,0.00,0.00 | 0.00 | 0.00 | 0.00,/home/ubuntu/rocksdb/memtable/inlineskiplist.h,573,"}",_ZNK7rocksdb14InlineSkipListIRKNS_11MemTableRep13KeyComparatorEE18FindGreaterOrEqualEPKcPPNS5_4NodeE,ldr x0  [x0  #0xba8]
100.00,60.94 | 39.06 | 0.00 | 0.00,0.00,0.00 | 0.00 | 0.00 | 0.00,0.00,0.00 | 0.00 | 0.00 | 0.00,0.00,0.00 | 0.00 | 0.00 | 0.00,/home/ubuntu/rocksdb/memtable/inlineskiplist.h,1088,"      splice->prev_[i]->SetNext(i, x);",_ZN7rocksdb14InlineSkipListIRKNS_11MemTableRep13KeyComparatorEE6InsertILb0EEEbPKcPNS5_6SpliceEb,ldr x1  [x21  #8]
100.00,100.00 | 0.00 | 0.00 | 0.00,0.00,0.00 | 0.00 | 0.00 | 0.00,0.00,0.00 | 0.00 | 0.00 | 0.00,0.00,0.00 | 0.00 | 0.00 | 0.00,/home/ubuntu/rocksdb/util/user_comparator_wrapper.h,25,"      : user_comparator_(user_cmp) {}",_ZN7rocksdb19ReadBenchmarkThread7ReadOneEv,str x2  [sp  #0x50]
100.00,48.78 | 51.22 | 0.00 | 0.00,0.00,0.00 | 0.00 | 0.00 | 0.00,0.00,0.00 | 0.00 | 0.00 | 0.00,0.00,0.00 | 0.00 | 0.00 | 0.00,/home/ubuntu/rocksdb/memtable/inlineskiplist.h,922,"  const DecodedKey key_decoded = compare_.decode_key(key);",_ZN7rocksdb14InlineSkipListIRKNS_11MemTableRep13KeyComparatorEE6InsertILb0EEEbPKcPNS5_6SpliceEb,ldr x2  [x5]
100.00,100.00 | 0.00 | 0.00 | 0.00,0.00,0.00 | 0.00 | 0.00 | 0.00,0.00,0.00 | 0.00 | 0.00 | 0.00,0.00,0.00 | 0.00 | 0.00 | 0.00,/home/ubuntu/rocksdb/memtable/memtablerep_bench.cc,311,"  void ReadOne() {",_ZN7rocksdb19ReadBenchmarkThread7ReadOneEv,stp x19  x20  [sp  #0x10]
100.00,100.00 | 0.00 | 0.00 | 0.00,0.00,0.00 | 0.00 | 0.00 | 0.00,0.00,0.00 | 0.00 | 0.00 | 0.00,0.00,0.00 | 0.00 | 0.00 | 0.00,/home/ubuntu/rocksdb/db/dbformat.cc,245,"LookupKey::LookupKey(const Slice& _user_key, SequenceNumber s,",_ZN7rocksdb9LookupKeyC2ERKNS_5SliceEmPS2_,str x25  [sp  #0x40]
100.00,100.00 | 0.00 | 0.00 | 0.00,0.00,0.00 | 0.00 | 0.00 | 0.00,0.00,0.00 | 0.00 | 0.00 | 0.00,0.00,0.00 | 0.00 | 0.00 | 0.00,/home/ubuntu/rocksdb/memtable/memtablerep_bench.cc,311,"  void ReadOne() {",_ZN7rocksdb19ReadBenchmarkThread7ReadOneEv,stp x21  x22  [sp  #0x20]
100.00,99.25 | 0.00 | 0.75 | 0.00,0.00,0.00 | 0.00 | 0.00 | 0.00,0.00,0.00 | 0.00 | 0.00 | 0.00,0.00,0.00 | 0.00 | 0.00 | 0.00,/home/ubuntu/rocksdb/util/comparator.cc,322,"const Comparator* BytewiseComparator() {",_ZN7rocksdb18BytewiseComparatorEv,stp x29  x30  [sp  #-0x20]!
100.00,85.98 | 14.02 | 0.00 | 0.00,0.00,0.00 | 0.00 | 0.00 | 0.00,0.00,0.00 | 0.00 | 0.00 | 0.00,0.00,0.00 | 0.00 | 0.00 | 0.00,/home/ubuntu/rocksdb/memtable/inlineskiplist.h,898,"      *out_next = next;",_ZN7rocksdb14InlineSkipListIRKNS_11MemTableRep13KeyComparatorEE21RecomputeSpliceLevelsERKNS_5SliceEPNS5_6SpliceEi,ldr x0  [sp  #0x70]
100.00,0.00 | 93.88 | 6.12 | 0.00,0.00,0.00 | 0.00 | 0.00 | 0.00,0.00,0.00 | 0.00 | 0.00 | 0.00,0.00,0.00 | 0.00 | 0.00 | 0.00,/home/ubuntu/rocksdb/memtable/inlineskiplist.h,922,"  const DecodedKey key_decoded = compare_.decode_key(key);",_ZN7rocksdb14InlineSkipListIRKNS_11MemTableRep13KeyComparatorEE6InsertILb0EEEbPKcPNS5_6SpliceEb,ldr x4  [x4  #0x970]
100.00,29.63 | 70.37 | 0.00 | 0.00,0.00,0.00 | 0.00 | 0.00 | 0.00,0.00,0.00 | 0.00 | 0.00 | 0.00,0.00,0.00 | 0.00 | 0.00 | 0.00,/home/ubuntu/rocksdb/memtable/inlineskiplist.h,1115,"}",_ZN7rocksdb14InlineSkipListIRKNS_11MemTableRep13KeyComparatorEE6InsertILb0EEEbPKcPNS5_6SpliceEb,ldr x2  [x1]
95.83,21.74 | 78.26 | 0.00 | 0.00,4.17,0.00 | 0.00 | 100.00 | 0.00,0.00,0.00 | 0.00 | 0.00 | 0.00,0.00,0.00 | 0.00 | 0.00 | 0.00,/home/ubuntu/rocksdb/memtable/inlineskiplist.h,799,"  char* raw = allocator_->AllocateAligned(prefix + sizeof(Node) + key_size);",_ZN7rocksdb12_GLOBAL__N_111SkipListRep8AllocateEmPPc,ldr x4  [x4  #0x18]
100.00,37.78 | 62.22 | 0.00 | 0.00,0.00,0.00 | 0.00 | 0.00 | 0.00,0.00,0.00 | 0.00 | 0.00 | 0.00,0.00,0.00 | 0.00 | 0.00 | 0.00,/home/ubuntu/rocksdb/memtable/inlineskiplist.h,978,"          splice->next_[recompute_height]) {",_ZN7rocksdb14InlineSkipListIRKNS_11MemTableRep13KeyComparatorEE6InsertILb0EEEbPKcPNS5_6SpliceEb,ldr x4  [x1  x19  lsl #3]
100.00,100.00 | 0.00 | 0.00 | 0.00,0.00,0.00 | 0.00 | 0.00 | 0.00,0.00,0.00 | 0.00 | 0.00 | 0.00,0.00,0.00 | 0.00 | 0.00 | 0.00,/home/ubuntu/rocksdb/memtable/skiplistrep.cc,85,"  void Get(const LookupKey& k, void* callback_args,",_ZN7rocksdb12_GLOBAL__N_111SkipListRep3GetERKNS_9LookupKeyEPvPFbS5_PKcE,stp x29  x30  [sp  #-0x90]!
100.00,100.00 | 0.00 | 0.00 | 0.00,0.00,0.00 | 0.00 | 0.00 | 0.00,0.00,0.00 | 0.00 | 0.00 | 0.00,0.00,0.00 | 0.00 | 0.00 | 0.00,/home/ubuntu/rocksdb/memtable/memtablerep_bench.cc,320,"    verify_args.table = table_;",_ZN7rocksdb19ReadBenchmarkThread7ReadOneEv,stp x20  x0  [sp  #0x60]
100.00,100.00 | 0.00 | 0.00 | 0.00,0.00,0.00 | 0.00 | 0.00 | 0.00,0.00,0.00 | 0.00 | 0.00 | 0.00,0.00,0.00 | 0.00 | 0.00 | 0.00,/home/ubuntu/rocksdb/memtable/memtablerep_bench.cc,311,"  void ReadOne() {",_ZN7rocksdb19ReadBenchmarkThread7ReadOneEv,str x0  [sp  #0x178]
100.00,100.00 | 0.00 | 0.00 | 0.00,0.00,0.00 | 0.00 | 0.00 | 0.00,0.00,0.00 | 0.00 | 0.00 | 0.00,0.00,0.00 | 0.00 | 0.00 | 0.00,/home/ubuntu/rocksdb/memtable/memtablerep_bench.cc,318,"    verify_args.found = false;",_ZN7rocksdb19ReadBenchmarkThread7ReadOneEv,strb wzr  [sp  #0x58]
100.00,98.57 | 1.43 | 0.00 | 0.00,0.00,0.00 | 0.00 | 0.00 | 0.00,0.00,0.00 | 0.00 | 0.00 | 0.00,0.00,0.00 | 0.00 | 0.00 | 0.00,/home/ubuntu/rocksdb/include/rocksdb/slice.h,43,"  Slice(const std::string& s) : data_(s.data()), size_(s.size()) {}",_ZN7rocksdb19ReadBenchmarkThread7ReadOneEv,str x4  [sp  #0x58]
100.00,6.56 | 88.52 | 4.92 | 0.00,0.00,0.00 | 0.00 | 0.00 | 0.00,0.00,0.00 | 0.00 | 0.00 | 0.00,0.00,0.00 | 0.00 | 0.00 | 0.00,/home/ubuntu/rocksdb/memtable/memtablerep_bench.cc,256,"  }",_ZN7rocksdb19FillBenchmarkThread7FillOneEv,ldp x23  x24  [sp  #0x30]
100.00,100.00 | 0.00 | 0.00 | 0.00,0.00,0.00 | 0.00 | 0.00 | 0.00,0.00,0.00 | 0.00 | 0.00 | 0.00,0.00,0.00 | 0.00 | 0.00 | 0.00,/home/ubuntu/rocksdb/db/dbformat.cc,245,"LookupKey::LookupKey(const Slice& _user_key, SequenceNumber s,",_ZN7rocksdb9LookupKeyC2ERKNS_5SliceEmPS2_,stp x23  x24  [sp  #0x30]
100.00,92.73 | 7.27 | 0.00 | 0.00,0.00,0.00 | 0.00 | 0.00 | 0.00,0.00,0.00 | 0.00 | 0.00 | 0.00,0.00,0.00 | 0.00 | 0.00 | 0.00,/home/ubuntu/rocksdb/include/rocksdb/slice.h,61,"  size_t size() const { return size_; }",_ZNK7rocksdb12_GLOBAL__N_122BytewiseComparatorImpl5EqualERKNS_5SliceES4_,ldr x2  [x3  #8]
100.00,100.00 | 0.00 | 0.00 | 0.00,0.00,0.00 | 0.00 | 0.00 | 0.00,0.00,0.00 | 0.00 | 0.00 | 0.00,0.00,0.00 | 0.00 | 0.00 | 0.00,/home/ubuntu/rocksdb/memtable/memtablerep_bench.cc,311,"  void ReadOne() {",_ZN7rocksdb19ReadBenchmarkThread7ReadOneEv,stp x29  x30  [sp  #-0x180]!
100.00,100.00 | 0.00 | 0.00 | 0.00,0.00,0.00 | 0.00 | 0.00 | 0.00,0.00,0.00 | 0.00 | 0.00 | 0.00,0.00,0.00 | 0.00 | 0.00 | 0.00,/home/ubuntu/rocksdb/db/dbformat.cc,245,"LookupKey::LookupKey(const Slice& _user_key, SequenceNumber s,",_ZN7rocksdb9LookupKeyC2ERKNS_5SliceEmPS2_,stp x19  x20  [sp  #0x10]
100.00,100.00 | 0.00 | 0.00 | 0.00,0.00,0.00 | 0.00 | 0.00 | 0.00,0.00,0.00 | 0.00 | 0.00 | 0.00,0.00,0.00 | 0.00 | 0.00 | 0.00,/home/ubuntu/rocksdb/util/comparator.cc,40,"  bool Equal(const Slice& a, const Slice& b) const override { return a == b; }",_ZNK7rocksdb12_GLOBAL__N_122BytewiseComparatorImpl5EqualERKNS_5SliceES4_,stp x29  x30  [sp  #-0x10]!
100.00,56.10 | 43.90 | 0.00 | 0.00,0.00,0.00 | 0.00 | 0.00 | 0.00,0.00,0.00 | 0.00 | 0.00 | 0.00,0.00,0.00 | 0.00 | 0.00 | 0.00,/home/ubuntu/rocksdb/memtable/memtablerep_bench.cc,256,"  }",_ZN7rocksdb19FillBenchmarkThread7FillOneEv,ldr x1  [x0]
100.00,100.00 | 0.00 | 0.00 | 0.00,0.00,0.00 | 0.00 | 0.00 | 0.00,0.00,0.00 | 0.00 | 0.00 | 0.00,0.00,0.00 | 0.00 | 0.00 | 0.00,(null),0,(null),(null),(null)
100.00,100.00 | 0.00 | 0.00 | 0.00,0.00,0.00 | 0.00 | 0.00 | 0.00,0.00,0.00 | 0.00 | 0.00 | 0.00,0.00,0.00 | 0.00 | 0.00 | 0.00,(null),0,(null),(null),(null)
100.00,100.00 | 0.00 | 0.00 | 0.00,0.00,0.00 | 0.00 | 0.00 | 0.00,0.00,0.00 | 0.00 | 0.00 | 0.00,0.00,0.00 | 0.00 | 0.00 | 0.00,/home/ubuntu/rocksdb/db/dbformat.cc,245,"LookupKey::LookupKey(const Slice& _user_key, SequenceNumber s,",_ZN7rocksdb9LookupKeyC2ERKNS_5SliceEmPS2_,stp x29  x30  [sp  #-0x50]!
100.00,77.78 | 22.22 | 0.00 | 0.00,0.00,0.00 | 0.00 | 0.00 | 0.00,0.00,0.00 | 0.00 | 0.00 | 0.00,0.00,0.00 | 0.00 | 0.00 | 0.00,/home/ubuntu/rocksdb/memtable/inlineskiplist.h,1077,"      if (UNLIKELY(i == 0 && splice->prev_[i] != head_ &&",_ZN7rocksdb14InlineSkipListIRKNS_11MemTableRep13KeyComparatorEE6InsertILb0EEEbPKcPNS5_6SpliceEb,ldr x3  [x3  #0x10]
100.00,100.00 | 0.00 | 0.00 | 0.00,0.00,0.00 | 0.00 | 0.00 | 0.00,0.00,0.00 | 0.00 | 0.00 | 0.00,0.00,0.00 | 0.00 | 0.00 | 0.00,/usr/include/c++/11/bits/atomic_base.h,796,"	__atomic_store_n(&_M_p, __p, int(__m));",_ZN7rocksdb14InlineSkipListIRKNS_11MemTableRep13KeyComparatorEE6InsertILb0EEEbPKcPNS5_6SpliceEb,str x0  [x2]
100.00,100.00 | 0.00 | 0.00 | 0.00,0.00,0.00 | 0.00 | 0.00 | 0.00,0.00,0.00 | 0.00 | 0.00 | 0.00,0.00,0.00 | 0.00 | 0.00 | 0.00,/home/ubuntu/rocksdb/db/dbformat.cc,245,"LookupKey::LookupKey(const Slice& _user_key, SequenceNumber s,",_ZN7rocksdb9LookupKeyC2ERKNS_5SliceEmPS2_,stp x21  x22  [sp  #0x20]
100.00,100.00 | 0.00 | 0.00 | 0.00,0.00,0.00 | 0.00 | 0.00 | 0.00,0.00,0.00 | 0.00 | 0.00 | 0.00,0.00,0.00 | 0.00 | 0.00 | 0.00,/home/ubuntu/rocksdb/memtable/memtablerep_bench.cc,185,"        return rand_->Next() % num_;",_ZN7rocksdb19ReadBenchmarkThread7ReadOneEv,str x2  [sp  #0x48]
100.00,100.00 | 0.00 | 0.00 | 0.00,0.00,0.00 | 0.00 | 0.00 | 0.00,0.00,0.00 | 0.00 | 0.00 | 0.00,0.00,0.00 | 0.00 | 0.00 | 0.00,/home/ubuntu/rocksdb/memtable/skiplistrep.cc,187,"    ~Iterator() override = default;",_ZN7rocksdb12_GLOBAL__N_111SkipListRep3GetERKNS_9LookupKeyEPvPFbS5_PKcE,str x21  [sp  #0x50]
100.00,100.00 | 0.00 | 0.00 | 0.00,0.00,0.00 | 0.00 | 0.00 | 0.00,0.00,0.00 | 0.00 | 0.00 | 0.00,0.00,0.00 | 0.00 | 0.00 | 0.00,/home/ubuntu/rocksdb/memtable/memtablerep_bench.cc,305,"                    callback_args->key->user_key())) {",_ZN7rocksdb19ReadBenchmarkThread8callbackEPvPKc,str x4  [sp  #0x38]
100.00,99.28 | 0.72 | 0.00 | 0.00,0.00,0.00 | 0.00 | 0.00 | 0.00,0.00,0.00 | 0.00 | 0.00 | 0.00,0.00,0.00 | 0.00 | 0.00 | 0.00,/home/ubuntu/rocksdb/db/dbformat.h,399,"  explicit InternalKeyComparator(const Comparator* c) : user_comparator_(c) {}",_ZN7rocksdb19ReadBenchmarkThread7ReadOneEv,str x1  [sp  #0x48]
100.00,50.00 | 50.00 | 0.00 | 0.00,0.00,0.00 | 0.00 | 0.00 | 0.00,0.00,0.00 | 0.00 | 0.00 | 0.00,0.00,0.00 | 0.00 | 0.00 | 0.00,/home/ubuntu/rocksdb/memtable/inlineskiplist.h,529,"  return (n != nullptr) && (compare_(n->Key(), key) < 0);",_ZN7rocksdb14InlineSkipListIRKNS_11MemTableRep13KeyComparatorEE6InsertILb0EEEbPKcPNS5_6SpliceEb,ldr x3  [x0]
60.00,33.33 | 33.33 | 0.00 | 33.33,10.00,0.00 | 100.00 | 0.00 | 0.00,30.00,0.00 | 0.00 | 0.00 | 100.00,0.00,0.00 | 0.00 | 0.00 | 0.00,/home/ubuntu/rocksdb/memtable/memtablerep_bench.cc,325,"      ++*read_hits_;",_ZN7rocksdb19ReadBenchmarkThread7ReadOneEv,ldr x0  [x1]
100.00,89.58 | 10.42 | 0.00 | 0.00,0.00,0.00 | 0.00 | 0.00 | 0.00,0.00,0.00 | 0.00 | 0.00 | 0.00,0.00,0.00 | 0.00 | 0.00 | 0.00,/home/ubuntu/rocksdb/memtable/inlineskiplist.h,1072,"      if (UNLIKELY(i == 0 && splice->next_[i] != nullptr &&",_ZN7rocksdb14InlineSkipListIRKNS_11MemTableRep13KeyComparatorEE6InsertILb0EEEbPKcPNS5_6SpliceEb,ldr x3  [x3  #0x10]
95.35,100.00 | 0.00 | 0.00 | 0.00,2.33,0.00 | 100.00 | 0.00 | 0.00,2.33,0.00 | 0.00 | 100.00 | 0.00,0.00,0.00 | 0.00 | 0.00 | 0.00,/home/ubuntu/rocksdb/memtable/memtablerep_bench.cc,242,"    KeyHandle handle = table_->Allocate(encoded_len, &buf);",_ZN7rocksdb19FillBenchmarkThread7FillOneEv,ldr x3  [x0]
100.00,41.46 | 58.54 | 0.00 | 0.00,0.00,0.00 | 0.00 | 0.00 | 0.00,0.00,0.00 | 0.00 | 0.00 | 0.00,0.00,0.00 | 0.00 | 0.00 | 0.00,/home/ubuntu/rocksdb/memtable/inlineskiplist.h,335,"    return ((&next_[0] - n)->load(std::memory_order_acquire));",_ZN7rocksdb14InlineSkipListIRKNS_11MemTableRep13KeyComparatorEE6InsertILb0EEEbPKcPNS5_6SpliceEb,ldr x1  [x0  x19  lsl #3]
100.00,63.27 | 34.69 | 2.04 | 0.00,0.00,0.00 | 0.00 | 0.00 | 0.00,0.00,0.00 | 0.00 | 0.00 | 0.00,0.00,0.00 | 0.00 | 0.00 | 0.00,/home/ubuntu/rocksdb/memtable/memtablerep_bench.cc,254,"    table_->Insert(handle);",_ZN7rocksdb19FillBenchmarkThread7FillOneEv,ldr x2  [x0]
100.00,36.54 | 63.46 | 0.00 | 0.00,0.00,0.00 | 0.00 | 0.00 | 0.00,0.00,0.00 | 0.00 | 0.00 | 0.00,0.00,0.00 | 0.00 | 0.00 | 0.00,/home/ubuntu/rocksdb/memtable/inlineskiplist.h,978,"          splice->next_[recompute_height]) {",_ZN7rocksdb14InlineSkipListIRKNS_11MemTableRep13KeyComparatorEE6InsertILb0EEEbPKcPNS5_6SpliceEb,ldr x1  [x21  #0x10]
100.00,63.64 | 36.36 | 0.00 | 0.00,0.00,0.00 | 0.00 | 0.00 | 0.00,0.00,0.00 | 0.00 | 0.00 | 0.00,0.00,0.00 | 0.00 | 0.00 | 0.00,/home/ubuntu/rocksdb/memtable/inlineskiplist.h,919,"bool InlineSkipList<Comparator>::Insert(const char* key, Splice* splice,",_ZN7rocksdb14InlineSkipListIRKNS_11MemTableRep13KeyComparatorEE6InsertILb0EEEbPKcPNS5_6SpliceEb,ldr x6  [x5]
100.00,70.37 | 27.78 | 1.85 | 0.00,0.00,0.00 | 0.00 | 0.00 | 0.00,0.00,0.00 | 0.00 | 0.00 | 0.00,0.00,0.00 | 0.00 | 0.00 | 0.00,/home/ubuntu/rocksdb/memtable/inlineskiplist.h,939,"  if (splice->height_ < max_height) {",_ZN7rocksdb14InlineSkipListIRKNS_11MemTableRep13KeyComparatorEE6InsertILb0EEEbPKcPNS5_6SpliceEb,ldr w0  [x21]
100.00,87.23 | 12.77 | 0.00 | 0.00,0.00,0.00 | 0.00 | 0.00 | 0.00,0.00,0.00 | 0.00 | 0.00 | 0.00,0.00,0.00 | 0.00 | 0.00 | 0.00,/home/ubuntu/rocksdb/memtable/memtablerep_bench.cc,237,"  void FillOne() {",_ZN7rocksdb19FillBenchmarkThread7FillOneEv,ldr x5  [x1]
100.00,45.65 | 54.35 | 0.00 | 0.00,0.00,0.00 | 0.00 | 0.00 | 0.00,0.00,0.00 | 0.00 | 0.00 | 0.00,0.00,0.00 | 0.00 | 0.00 | 0.00,/usr/include/c++/11/bits/atomic_base.h,488,"	return __atomic_load_n(&_M_i, int(__m));",_ZNSt6thread11_State_implINS_8_InvokerISt5tupleIJN7rocksdb29ConcurrentFillBenchmarkThreadEEEEEE6_M_runEv,ldr x0  [x19  #0x68]
100.00,100.00 | 0.00 | 0.00 | 0.00,0.00,0.00 | 0.00 | 0.00 | 0.00,0.00,0.00 | 0.00 | 0.00 | 0.00,0.00,0.00 | 0.00 | 0.00 | 0.00,/home/ubuntu/rocksdb/memtable/memtablerep_bench.cc,297,"  static bool callback(void* arg, const char* entry) {",_ZN7rocksdb19ReadBenchmarkThread8callbackEPvPKc,stp x29  x30  [sp  #-0x50]!
97.56,85.00 | 15.00 | 0.00 | 0.00,0.00,0.00 | 0.00 | 0.00 | 0.00,0.00,0.00 | 0.00 | 0.00 | 0.00,2.44,0.00 | 0.00 | 0.00 | 100.00,???,0,???,???,???
100.00,89.29 | 10.71 | 0.00 | 0.00,0.00,0.00 | 0.00 | 0.00 | 0.00,0.00,0.00 | 0.00 | 0.00 | 0.00,0.00,0.00 | 0.00 | 0.00 | 0.00,/home/ubuntu/rocksdb/util/random.cc,23,"Random* Random::GetTLSInstance() {",_ZN7rocksdb6Random14GetTLSInstanceEv,ldr x2  [x1]
100.00,60.78 | 39.22 | 0.00 | 0.00,0.00,0.00 | 0.00 | 0.00 | 0.00,0.00,0.00 | 0.00 | 0.00 | 0.00,0.00,0.00 | 0.00 | 0.00 | 0.00,/home/ubuntu/rocksdb/memtable/inlineskiplist.h,1077,"      if (UNLIKELY(i == 0 && splice->prev_[i] != head_ &&",_ZN7rocksdb14InlineSkipListIRKNS_11MemTableRep13KeyComparatorEE6InsertILb0EEEbPKcPNS5_6SpliceEb,ldr x1  [x21  #8]
100.00,82.02 | 17.98 | 0.00 | 0.00,0.00,0.00 | 0.00 | 0.00 | 0.00,0.00,0.00 | 0.00 | 0.00 | 0.00,0.00,0.00 | 0.00 | 0.00 | 0.00,/home/ubuntu/rocksdb/memtable/inlineskiplist.h,897,"      *out_prev = before;",_ZN7rocksdb14InlineSkipListIRKNS_11MemTableRep13KeyComparatorEE21RecomputeSpliceLevelsERKNS_5SliceEPNS5_6SpliceEi,ldr x0  [sp  #0x68]
100.00,96.49 | 1.75 | 1.75 | 0.00,0.00,0.00 | 0.00 | 0.00 | 0.00,0.00,0.00 | 0.00 | 0.00 | 0.00,0.00,0.00 | 0.00 | 0.00 | 0.00,/home/ubuntu/rocksdb/memtable/memtablerep_bench.cc,248,"    EncodeFixed64(p, ++(*sequence_));",_ZN7rocksdb19FillBenchmarkThread7FillOneEv,str x3  [x0]
100.00,58.82 | 37.25 | 3.92 | 0.00,0.00,0.00 | 0.00 | 0.00 | 0.00,0.00,0.00 | 0.00 | 0.00 | 0.00,0.00,0.00 | 0.00 | 0.00 | 0.00,/usr/include/c++/11/bits/atomic_base.h,488,"	return __atomic_load_n(&_M_i, int(__m));",_ZN7rocksdb14InlineSkipListIRKNS_11MemTableRep13KeyComparatorEE6InsertILb0EEEbPKcPNS5_6SpliceEb,ldr w24  [x22]
100.00,63.46 | 36.54 | 0.00 | 0.00,0.00,0.00 | 0.00 | 0.00 | 0.00,0.00,0.00 | 0.00 | 0.00 | 0.00,0.00,0.00 | 0.00 | 0.00 | 0.00,/home/ubuntu/rocksdb/memtable/inlineskiplist.h,977,"      if (splice->prev_[recompute_height]->Next(recompute_height) !=",_ZN7rocksdb14InlineSkipListIRKNS_11MemTableRep13KeyComparatorEE6InsertILb0EEEbPKcPNS5_6SpliceEb,ldr x0  [x21  #8]
100.00,95.83 | 4.17 | 0.00 | 0.00,0.00,0.00 | 0.00 | 0.00 | 0.00,0.00,0.00 | 0.00 | 0.00 | 0.00,0.00,0.00 | 0.00 | 0.00 | 0.00,/home/ubuntu/rocksdb/memtable/inlineskiplist.h,897,"      *out_prev = before;",_ZN7rocksdb14InlineSkipListIRKNS_11MemTableRep13KeyComparatorEE21RecomputeSpliceLevelsERKNS_5SliceEPNS5_6SpliceEi,str x25  [x0  x24]
100.00,100.00 | 0.00 | 0.00 | 0.00,0.00,0.00 | 0.00 | 0.00 | 0.00,0.00,0.00 | 0.00 | 0.00 | 0.00,0.00,0.00 | 0.00 | 0.00 | 0.00,/home/ubuntu/rocksdb/db/dbformat.cc,256,"  start_ = dst;",_ZN7rocksdb9LookupKeyC2ERKNS_5SliceEmPS2_,str x0  [x22]
100.00,90.48 | 0.00 | 0.00 | 9.52,0.00,0.00 | 0.00 | 0.00 | 0.00,0.00,0.00 | 0.00 | 0.00 | 0.00,0.00,0.00 | 0.00 | 0.00 | 0.00,/home/ubuntu/rocksdb/memtable/inlineskiplist.h,911,"  for (int i = recompute_level - 1; i >= 0; --i) {",_ZN7rocksdb14InlineSkipListIRKNS_11MemTableRep13KeyComparatorEE21RecomputeSpliceLevelsERKNS_5SliceEPNS5_6SpliceEi,stp x25  x26  [sp  #0x40]
100.00,53.12 | 46.88 | 0.00 | 0.00,0.00,0.00 | 0.00 | 0.00 | 0.00,0.00,0.00 | 0.00 | 0.00 | 0.00,0.00,0.00 | 0.00 | 0.00 | 0.00,/home/ubuntu/rocksdb/memtable/inlineskiplist.h,922,"  const DecodedKey key_decoded = compare_.decode_key(key);",_ZN7rocksdb14InlineSkipListIRKNS_11MemTableRep13KeyComparatorEE6InsertILb0EEEbPKcPNS5_6SpliceEb,ldr x2  [x5]
100.00,92.19 | 6.25 | 0.00 | 1.56,0.00,0.00 | 0.00 | 0.00 | 0.00,0.00,0.00 | 0.00 | 0.00 | 0.00,0.00,0.00 | 0.00 | 0.00 | 0.00,/home/ubuntu/rocksdb/memtable/memtablerep_bench.cc,253,"    assert(p == buf + encoded_len);",_ZN7rocksdb19FillBenchmarkThread7FillOneEv,ldr x0  [sp  #0x40]
100.00,100.00 | 0.00 | 0.00 | 0.00,0.00,0.00 | 0.00 | 0.00 | 0.00,0.00,0.00 | 0.00 | 0.00 | 0.00,0.00,0.00 | 0.00 | 0.00 | 0.00,/home/ubuntu/rocksdb/memtable/inlineskiplist.h,453,"  node_ = list_->FindGreaterOrEqual(target, nullptr);",_ZN7rocksdb12_GLOBAL__N_111SkipListRep3GetERKNS_9LookupKeyEPvPFbS5_PKcE,str x0  [sp  #0x60]
100.00,100.00 | 0.00 | 0.00 | 0.00,0.00,0.00 | 0.00 | 0.00 | 0.00,0.00,0.00 | 0.00 | 0.00 | 0.00,0.00,0.00 | 0.00 | 0.00 | 0.00,/home/ubuntu/rocksdb/util/coding.h,110,"      *value = result;",_ZN7rocksdb19ReadBenchmarkThread8callbackEPvPKc,str w2  [sp  #0x24]
100.00,91.49 | 8.51 | 0.00 | 0.00,0.00,0.00 | 0.00 | 0.00 | 0.00,0.00,0.00 | 0.00 | 0.00 | 0.00,0.00,0.00 | 0.00 | 0.00 | 0.00,/home/ubuntu/rocksdb/memtable/inlineskiplist.h,1072,"      if (UNLIKELY(i == 0 && splice->next_[i] != nullptr &&",_ZN7rocksdb14InlineSkipListIRKNS_11MemTableRep13KeyComparatorEE6InsertILb0EEEbPKcPNS5_6SpliceEb,ldr x1  [x1]
100.00,13.64 | 86.36 | 0.00 | 0.00,0.00,0.00 | 0.00 | 0.00 | 0.00,0.00,0.00 | 0.00 | 0.00 | 0.00,0.00,0.00 | 0.00 | 0.00 | 0.00,/home/ubuntu/rocksdb/util/random.cc,34,"}",_ZN7rocksdb6Random14GetTLSInstanceEv,ldr x3  [sp  #0x28]
98.15,84.91 | 13.21 | 1.89 | 0.00,1.85,0.00 | 0.00 | 100.00 | 0.00,0.00,0.00 | 0.00 | 0.00 | 0.00,0.00,0.00 | 0.00 | 0.00 | 0.00,/home/ubuntu/rocksdb/memtable/memtablerep_bench.cc,152,"    if (pos_ + len > data_.size()) {",_ZN7rocksdb19FillBenchmarkThread7FillOneEv,ldr w0  [x5  #0x20]
97.78,84.09 | 13.64 | 2.27 | 0.00,2.22,0.00 | 100.00 | 0.00 | 0.00,0.00,0.00 | 0.00 | 0.00 | 0.00,0.00,0.00 | 0.00 | 0.00 | 0.00,/home/ubuntu/rocksdb/memtable/memtablerep_bench.cc,248,"    EncodeFixed64(p, ++(*sequence_));",_ZN7rocksdb19FillBenchmarkThread7FillOneEv,ldr x3  [x0]
97.62,21.95 | 73.17 | 2.44 | 2.44,2.38,0.00 | 0.00 | 100.00 | 0.00,0.00,0.00 | 0.00 | 0.00 | 0.00,0.00,0.00 | 0.00 | 0.00 | 0.00,/home/ubuntu/rocksdb/memtable/memtablerep_bench.cc,237,"  void FillOne() {",_ZN7rocksdb19FillBenchmarkThread7FillOneEv,ldr x1  [x1  #0xe38]
100.00,98.53 | 1.47 | 0.00 | 0.00,0.00,0.00 | 0.00 | 0.00 | 0.00,0.00,0.00 | 0.00 | 0.00 | 0.00,0.00,0.00 | 0.00 | 0.00 | 0.00,/home/ubuntu/rocksdb/memtable/inlineskiplist.h,898,"      *out_next = next;",_ZN7rocksdb14InlineSkipListIRKNS_11MemTableRep13KeyComparatorEE21RecomputeSpliceLevelsERKNS_5SliceEPNS5_6SpliceEi,str x23  [x0  x24]
100.00,92.00 | 0.00 | 0.00 | 8.00,0.00,0.00 | 0.00 | 0.00 | 0.00,0.00,0.00 | 0.00 | 0.00 | 0.00,0.00,0.00 | 0.00 | 0.00 | 0.00,/home/ubuntu/rocksdb/memtable/inlineskiplist.h,911,"  for (int i = recompute_level - 1; i >= 0; --i) {",_ZN7rocksdb14InlineSkipListIRKNS_11MemTableRep13KeyComparatorEE21RecomputeSpliceLevelsERKNS_5SliceEPNS5_6SpliceEi,stp x19  x20  [sp  #0x10]
100.00,68.00 | 32.00 | 0.00 | 0.00,0.00,0.00 | 0.00 | 0.00 | 0.00,0.00,0.00 | 0.00 | 0.00 | 0.00,0.00,0.00 | 0.00 | 0.00 | 0.00,/home/ubuntu/rocksdb/memtable/inlineskiplist.h,1077,"      if (UNLIKELY(i == 0 && splice->prev_[i] != head_ &&",_ZN7rocksdb14InlineSkipListIRKNS_11MemTableRep13KeyComparatorEE6InsertILb0EEEbPKcPNS5_6SpliceEb,ldr x3  [x0]
100.00,32.08 | 64.15 | 3.77 | 0.00,0.00,0.00 | 0.00 | 0.00 | 0.00,0.00,0.00 | 0.00 | 0.00 | 0.00,0.00,0.00 | 0.00 | 0.00 | 0.00,/home/ubuntu/rocksdb/memtable/memtablerep_bench.cc,243,"    assert(buf != nullptr);",_ZN7rocksdb19FillBenchmarkThread7FillOneEv,ldr x1  [sp  #0x40]
100.00,41.67 | 58.33 | 0.00 | 0.00,0.00,0.00 | 0.00 | 0.00 | 0.00,0.00,0.00 | 0.00 | 0.00 | 0.00,0.00,0.00 | 0.00 | 0.00 | 0.00,/home/ubuntu/rocksdb/memtable/inlineskiplist.h,1093,"      splice->prev_[i] = x;",_ZN7rocksdb14InlineSkipListIRKNS_11MemTableRep13KeyComparatorEE6InsertILb0EEEbPKcPNS5_6SpliceEb,ldr x1  [x21  #8]
100.00,100.00 | 0.00 | 0.00 | 0.00,0.00,0.00 | 0.00 | 0.00 | 0.00,0.00,0.00 | 0.00 | 0.00 | 0.00,0.00,0.00 | 0.00 | 0.00 | 0.00,/home/ubuntu/rocksdb/memtable/memtablerep_bench.cc,305,"                    callback_args->key->user_key())) {",_ZN7rocksdb19ReadBenchmarkThread8callbackEPvPKc,str x1  [sp  #0x40]
100.00,100.00 | 0.00 | 0.00 | 0.00,0.00,0.00 | 0.00 | 0.00 | 0.00,0.00,0.00 | 0.00 | 0.00 | 0.00,0.00,0.00 | 0.00 | 0.00 | 0.00,/home/ubuntu/rocksdb/db/dbformat.cc,259,"  kstart_ = dst;",_ZN7rocksdb9LookupKeyC2ERKNS_5SliceEmPS2_,str x0  [x22  #8]
100.00,60.00 | 40.00 | 0.00 | 0.00,0.00,0.00 | 0.00 | 0.00 | 0.00,0.00,0.00 | 0.00 | 0.00 | 0.00,0.00,0.00 | 0.00 | 0.00 | 0.00,/usr/include/c++/11/bits/atomic_base.h,820,"	return __atomic_load_n(&_M_p, int(__m));",_ZN7rocksdb14InlineSkipListIRKNS_11MemTableRep13KeyComparatorEE6InsertILb0EEEbPKcPNS5_6SpliceEb,ldar x0  [x1]
100.00,100.00 | 0.00 | 0.00 | 0.00,0.00,0.00 | 0.00 | 0.00 | 0.00,0.00,0.00 | 0.00 | 0.00 | 0.00,0.00,0.00 | 0.00 | 0.00 | 0.00,/home/ubuntu/rocksdb/memtable/memtablerep_bench.cc,304,"            ->Equal(Slice(key_ptr, key_length - 8),",_ZN7rocksdb19ReadBenchmarkThread8callbackEPvPKc,stp x1  x2  [sp  #0x28]
100.00,47.50 | 52.50 | 0.00 | 0.00,0.00,0.00 | 0.00 | 0.00 | 0.00,0.00,0.00 | 0.00 | 0.00 | 0.00,0.00,0.00 | 0.00 | 0.00 | 0.00,/home/ubuntu/rocksdb/memtable/inlineskiplist.h,1087,"      x->NoBarrier_SetNext(i, splice->next_[i]);",_ZN7rocksdb14InlineSkipListIRKNS_11MemTableRep13KeyComparatorEE6InsertILb0EEEbPKcPNS5_6SpliceEb,ldr x1  [x21  #0x10]
100.00,85.00 | 15.00 | 0.00 | 0.00,0.00,0.00 | 0.00 | 0.00 | 0.00,0.00,0.00 | 0.00 | 0.00 | 0.00,0.00,0.00 | 0.00 | 0.00 | 0.00,/home/ubuntu/rocksdb/memtable/inlineskiplist.h,1072,"      if (UNLIKELY(i == 0 && splice->next_[i] != nullptr &&",_ZN7rocksdb14InlineSkipListIRKNS_11MemTableRep13KeyComparatorEE6InsertILb0EEEbPKcPNS5_6SpliceEb,ldr x1  [x21  #0x10]
100.00,98.21 | 1.79 | 0.00 | 0.00,0.00,0.00 | 0.00 | 0.00 | 0.00,0.00,0.00 | 0.00 | 0.00 | 0.00,0.00,0.00 | 0.00 | 0.00 | 0.00,/home/ubuntu/rocksdb/memtable/inlineskiplist.h,911,"  for (int i = recompute_level - 1; i >= 0; --i) {",_ZN7rocksdb14InlineSkipListIRKNS_11MemTableRep13KeyComparatorEE21RecomputeSpliceLevelsERKNS_5SliceEPNS5_6SpliceEi,stp x25  x26  [sp  #0x40]
0.00,0.00 | 0.00 | 0.00 | 0.00,100.00,0.00 | 100.00 | 0.00 | 0.00,0.00,0.00 | 0.00 | 0.00 | 0.00,0.00,0.00 | 0.00 | 0.00 | 0.00,(null),0,(null),(null),(null)
100.00,65.22 | 34.78 | 0.00 | 0.00,0.00,0.00 | 0.00 | 0.00 | 0.00,0.00,0.00 | 0.00 | 0.00 | 0.00,0.00,0.00 | 0.00 | 0.00 | 0.00,/home/ubuntu/rocksdb/memtable/inlineskiplist.h,840,"  return Insert<false>(key, seq_splice_, false);",_ZN7rocksdb12_GLOBAL__N_111SkipListRep6InsertEPv,ldr x2  [x0  #0x38]
100.00,60.00 | 34.55 | 5.45 | 0.00,0.00,0.00 | 0.00 | 0.00 | 0.00,0.00,0.00 | 0.00 | 0.00 | 0.00,0.00,0.00 | 0.00 | 0.00 | 0.00,/home/ubuntu/rocksdb/memory/arena.cc,110,"  if (MemMapping::kHugePageSupported && hugetlb_size_ > 0 &&",_ZN7rocksdb5Arena15AllocateAlignedEmmPNS_6LoggerE,ldr x5  [x0  #0x8d8]
100.00,79.55 | 20.45 | 0.00 | 0.00,0.00,0.00 | 0.00 | 0.00 | 0.00,0.00,0.00 | 0.00 | 0.00 | 0.00,0.00,0.00 | 0.00 | 0.00 | 0.00,/home/ubuntu/rocksdb/memtable/memtablerep_bench.cc,242,"    KeyHandle handle = table_->Allocate(encoded_len, &buf);",_ZN7rocksdb19FillBenchmarkThread7FillOneEv,ldr x0  [x0  #8]
100.00,25.58 | 74.42 | 0.00 | 0.00,0.00,0.00 | 0.00 | 0.00 | 0.00,0.00,0.00 | 0.00 | 0.00 | 0.00,0.00,0.00 | 0.00 | 0.00 | 0.00,/home/ubuntu/rocksdb/memtable/memtablerep_bench.cc,255,"    *bytes_written_ += encoded_len;",_ZN7rocksdb19FillBenchmarkThread7FillOneEv,ldr x2  [x19  #0x18]
100.00,40.91 | 50.00 | 4.55 | 4.55,0.00,0.00 | 0.00 | 0.00 | 0.00,0.00,0.00 | 0.00 | 0.00 | 0.00,0.00,0.00 | 0.00 | 0.00 | 0.00,/home/ubuntu/rocksdb/memtable/inlineskiplist.h,529,"  return (n != nullptr) && (compare_(n->Key(), key) < 0);",_ZN7rocksdb14InlineSkipListIRKNS_11MemTableRep13KeyComparatorEE6InsertILb0EEEbPKcPNS5_6SpliceEb,ldr x3  [x3  #0x10]
100.00,6.67 | 84.44 | 8.89 | 0.00,0.00,0.00 | 0.00 | 0.00 | 0.00,0.00,0.00 | 0.00 | 0.00 | 0.00,0.00,0.00 | 0.00 | 0.00 | 0.00,/home/ubuntu/rocksdb/memtable/memtablerep_bench.cc,256,"  }",_ZN7rocksdb19FillBenchmarkThread7FillOneEv,ldp x29  x30  [sp]  #0x50
100.00,54.35 | 41.30 | 4.35 | 0.00,0.00,0.00 | 0.00 | 0.00 | 0.00,0.00,0.00 | 0.00 | 0.00 | 0.00,0.00,0.00 | 0.00 | 0.00 | 0.00,/home/ubuntu/rocksdb/memtable/inlineskiplist.h,989,"      } else if (splice->prev_[recompute_height] != head_ &&",_ZN7rocksdb14InlineSkipListIRKNS_11MemTableRep13KeyComparatorEE6InsertILb0EEEbPKcPNS5_6SpliceEb,ldr x0  [x26  #0x18]
100.00,8.00 | 90.00 | 2.00 | 0.00,0.00,0.00 | 0.00 | 0.00 | 0.00,0.00,0.00 | 0.00 | 0.00 | 0.00,0.00,0.00 | 0.00 | 0.00 | 0.00,/home/ubuntu/rocksdb/memtable/inlineskiplist.h,1115,"}",_ZN7rocksdb14InlineSkipListIRKNS_11MemTableRep13KeyComparatorEE6InsertILb0EEEbPKcPNS5_6SpliceEb,ldp x21  x22  [sp  #0x20]
100.00,63.04 | 34.78 | 2.17 | 0.00,0.00,0.00 | 0.00 | 0.00 | 0.00,0.00,0.00 | 0.00 | 0.00 | 0.00,0.00,0.00 | 0.00 | 0.00 | 0.00,/home/ubuntu/rocksdb/memtable/inlineskiplist.h,922,"  const DecodedKey key_decoded = compare_.decode_key(key);",_ZN7rocksdb14InlineSkipListIRKNS_11MemTableRep13KeyComparatorEE6InsertILb0EEEbPKcPNS5_6SpliceEb,ldr x0  [x0  #0x10]
100.00,16.67 | 79.17 | 4.17 | 0.00,0.00,0.00 | 0.00 | 0.00 | 0.00,0.00,0.00 | 0.00 | 0.00 | 0.00,0.00,0.00 | 0.00 | 0.00 | 0.00,/home/ubuntu/rocksdb/memtable/memtablerep_bench.cc,256,"  }",_ZN7rocksdb19FillBenchmarkThread7FillOneEv,ldp x19  x20  [sp  #0x10]
100.00,59.26 | 33.33 | 7.41 | 0.00,0.00,0.00 | 0.00 | 0.00 | 0.00,0.00,0.00 | 0.00 | 0.00 | 0.00,0.00,0.00 | 0.00 | 0.00 | 0.00,/home/ubuntu/rocksdb/memory/arena.cc,133,"  if (needed <= alloc_bytes_remaining_) {",_ZN7rocksdb5Arena15AllocateAlignedEmmPNS_6LoggerE,ldr x2  [x19  #0x8d0]
100.00,93.44 | 6.56 | 0.00 | 0.00,0.00,0.00 | 0.00 | 0.00 | 0.00,0.00,0.00 | 0.00 | 0.00 | 0.00,0.00,0.00 | 0.00 | 0.00 | 0.00,/home/ubuntu/rocksdb/util/random.cc,34,"}",_ZN7rocksdb6Random14GetTLSInstanceEv,ldr x19  [sp  #0x10]
100.00,100.00 | 0.00 | 0.00 | 0.00,0.00,0.00 | 0.00 | 0.00 | 0.00,0.00,0.00 | 0.00 | 0.00 | 0.00,0.00,0.00 | 0.00 | 0.00 | 0.00,/home/ubuntu/rocksdb/memtable/skiplistrep.cc,36,"    *buf = skip_list_.AllocateKey(len);",_ZN7rocksdb12_GLOBAL__N_111SkipListRep8AllocateEmPPc,str x0  [x20]
100.00,60.47 | 34.88 | 4.65 | 0.00,0.00,0.00 | 0.00 | 0.00 | 0.00,0.00,0.00 | 0.00 | 0.00 | 0.00,0.00,0.00 | 0.00 | 0.00 | 0.00,/home/ubuntu/rocksdb/memtable/inlineskiplist.h,529,"  return (n != nullptr) && (compare_(n->Key(), key) < 0);",_ZN7rocksdb14InlineSkipListIRKNS_11MemTableRep13KeyComparatorEE6InsertILb0EEEbPKcPNS5_6SpliceEb,ldr x0  [x26  #0x10]
100.00,4.65 | 86.05 | 9.30 | 0.00,0.00,0.00 | 0.00 | 0.00 | 0.00,0.00,0.00 | 0.00 | 0.00 | 0.00,0.00,0.00 | 0.00 | 0.00 | 0.00,/home/ubuntu/rocksdb/memtable/inlineskiplist.h,1115,"}",_ZN7rocksdb14InlineSkipListIRKNS_11MemTableRep13KeyComparatorEE6InsertILb0EEEbPKcPNS5_6SpliceEb,ldp x29  x30  [sp]  #0x80
98.15,22.64 | 77.36 | 0.00 | 0.00,1.85,0.00 | 100.00 | 0.00 | 0.00,0.00,0.00 | 0.00 | 0.00 | 0.00,0.00,0.00 | 0.00 | 0.00 | 0.00,/home/ubuntu/rocksdb/memtable/inlineskiplist.h,1115,"}",_ZN7rocksdb14InlineSkipListIRKNS_11MemTableRep13KeyComparatorEE6InsertILb0EEEbPKcPNS5_6SpliceEb,ldp x19  x20  [sp  #0x10]
100.00,10.91 | 89.09 | 0.00 | 0.00,0.00,0.00 | 0.00 | 0.00 | 0.00,0.00,0.00 | 0.00 | 0.00 | 0.00,0.00,0.00 | 0.00 | 0.00 | 0.00,/home/ubuntu/rocksdb/memtable/inlineskiplist.h,1021,"    RecomputeSpliceLevels(key_decoded, splice, recompute_height);",_ZN7rocksdb14InlineSkipListIRKNS_11MemTableRep13KeyComparatorEE6InsertILb0EEEbPKcPNS5_6SpliceEb,ldp x27  x28  [sp  #0x50]
100.00,89.80 | 10.20 | 0.00 | 0.00,0.00,0.00 | 0.00 | 0.00 | 0.00,0.00,0.00 | 0.00 | 0.00 | 0.00,0.00,0.00 | 0.00 | 0.00 | 0.00,/home/ubuntu/rocksdb/memory/arena.cc,109,"                             Logger* logger) {",_ZN7rocksdb5Arena15AllocateAlignedEmmPNS_6LoggerE,ldr x6  [x4]
100.00,63.64 | 36.36 | 0.00 | 0.00,0.00,0.00 | 0.00 | 0.00 | 0.00,0.00,0.00 | 0.00 | 0.00 | 0.00,0.00,0.00 | 0.00 | 0.00 | 0.00,/home/ubuntu/rocksdb/memtable/inlineskiplist.h,342,"    (&next_[0] - n)->store(x, std::memory_order_release);",_ZN7rocksdb14InlineSkipListIRKNS_11MemTableRep13KeyComparatorEE6InsertILb0EEEbPKcPNS5_6SpliceEb,ldr x1  [x1  x19]
100.00,29.17 | 66.67 | 4.17 | 0.00,0.00,0.00 | 0.00 | 0.00 | 0.00,0.00,0.00 | 0.00 | 0.00 | 0.00,0.00,0.00 | 0.00 | 0.00 | 0.00,/home/ubuntu/rocksdb/memtable/inlineskiplist.h,1115,"}",_ZN7rocksdb14InlineSkipListIRKNS_11MemTableRep13KeyComparatorEE6InsertILb0EEEbPKcPNS5_6SpliceEb,ldp x23  x24  [sp  #0x30]
100.00,50.88 | 49.12 | 0.00 | 0.00,0.00,0.00 | 0.00 | 0.00 | 0.00,0.00,0.00 | 0.00 | 0.00 | 0.00,0.00,0.00 | 0.00 | 0.00 | 0.00,/home/ubuntu/rocksdb/memtable/inlineskiplist.h,1077,"      if (UNLIKELY(i == 0 && splice->prev_[i] != head_ &&",_ZN7rocksdb14InlineSkipListIRKNS_11MemTableRep13KeyComparatorEE6InsertILb0EEEbPKcPNS5_6SpliceEb,ldr x0  [x26  #0x10]
100.00,4.55 | 93.18 | 2.27 | 0.00,0.00,0.00 | 0.00 | 0.00 | 0.00,0.00,0.00 | 0.00 | 0.00 | 0.00,0.00,0.00 | 0.00 | 0.00 | 0.00,???,0,???,???,???
100.00,7.14 | 85.71 | 7.14 | 0.00,0.00,0.00 | 0.00 | 0.00 | 0.00,0.00,0.00 | 0.00 | 0.00 | 0.00,0.00,0.00 | 0.00 | 0.00 | 0.00,/home/ubuntu/rocksdb/memtable/memtablerep_bench.cc,256,"  }",_ZN7rocksdb19FillBenchmarkThread7FillOneEv,ldp x21  x22  [sp  #0x20]
100.00,44.68 | 55.32 | 0.00 | 0.00,0.00,0.00 | 0.00 | 0.00 | 0.00,0.00,0.00 | 0.00 | 0.00 | 0.00,0.00,0.00 | 0.00 | 0.00 | 0.00,/home/ubuntu/rocksdb/memtable/memtablerep_bench.cc,241,"        FLAGS_item_size + VarintLength(internal_key_size) + internal_key_size;",_ZN7rocksdb19FillBenchmarkThread7FillOneEv,ldr x4  [x22  #0xe90]
100.00,90.91 | 9.09 | 0.00 | 0.00,0.00,0.00 | 0.00 | 0.00 | 0.00,0.00,0.00 | 0.00 | 0.00 | 0.00,0.00,0.00 | 0.00 | 0.00 | 0.00,/home/ubuntu/rocksdb/memtable/inlineskiplist.h,505,"  while (height < kMaxHeight_ && height < kMaxPossibleHeight &&",_ZN7rocksdb12_GLOBAL__N_111SkipListRep8AllocateEmPPc,ldr w3  [x0]
98.08,96.08 | 3.92 | 0.00 | 0.00,1.92,0.00 | 0.00 | 100.00 | 0.00,0.00,0.00 | 0.00 | 0.00 | 0.00,0.00,0.00 | 0.00 | 0.00 | 0.00,/home/ubuntu/rocksdb/memtable/memtablerep_bench.cc,248,"    EncodeFixed64(p, ++(*sequence_));",_ZN7rocksdb19FillBenchmarkThread7FillOneEv,ldr x0  [x19  #0x28]
100.00,23.91 | 73.91 | 2.17 | 0.00,0.00,0.00 | 0.00 | 0.00 | 0.00,0.00,0.00 | 0.00 | 0.00 | 0.00,0.00,0.00 | 0.00 | 0.00 | 0.00,/home/ubuntu/rocksdb/memtable/inlineskiplist.h,1115,"}",_ZN7rocksdb14InlineSkipListIRKNS_11MemTableRep13KeyComparatorEE6InsertILb0EEEbPKcPNS5_6SpliceEb,ldp x25  x26  [sp  #0x40]
100.00,80.00 | 16.00 | 4.00 | 0.00,0.00,0.00 | 0.00 | 0.00 | 0.00,0.00,0.00 | 0.00 | 0.00 | 0.00,0.00,0.00 | 0.00 | 0.00 | 0.00,/usr/include/c++/11/bits/basic_string.h,921,"      { return _M_string_length; }",_ZN7rocksdb19FillBenchmarkThread7FillOneEv,ldr x3  [x5  #8]
100.00,90.48 | 9.52 | 0.00 | 0.00,0.00,0.00 | 0.00 | 0.00 | 0.00,0.00,0.00 | 0.00 | 0.00 | 0.00,0.00,0.00 | 0.00 | 0.00 | 0.00,/home/ubuntu/rocksdb/util/random.cc,34,"}",_ZN7rocksdb6Random14GetTLSInstanceEv,ldr x2  [x1]
100.00,88.89 | 11.11 | 0.00 | 0.00,0.00,0.00 | 0.00 | 0.00 | 0.00,0.00,0.00 | 0.00 | 0.00 | 0.00,0.00,0.00 | 0.00 | 0.00 | 0.00,/home/ubuntu/rocksdb/util/random.h,157,"  uint64_t Next() { return generator_(); }",_ZN7rocksdb19FillBenchmarkThread7FillOneEv,ldr x0  [x24]
100.00,60.53 | 36.84 | 2.63 | 0.00,0.00,0.00 | 0.00 | 0.00 | 0.00,0.00,0.00 | 0.00 | 0.00 | 0.00,0.00,0.00 | 0.00 | 0.00 | 0.00,/home/ubuntu/rocksdb/memtable/inlineskiplist.h,989,"      } else if (splice->prev_[recompute_height] != head_ &&",_ZN7rocksdb14InlineSkipListIRKNS_11MemTableRep13KeyComparatorEE6InsertILb0EEEbPKcPNS5_6SpliceEb,ldr x1  [x21  #8]
100.00,46.43 | 53.57 | 0.00 | 0.00,0.00,0.00 | 0.00 | 0.00 | 0.00,0.00,0.00 | 0.00 | 0.00 | 0.00,0.00,0.00 | 0.00 | 0.00 | 0.00,/home/ubuntu/rocksdb/memtable/inlineskiplist.h,335,"    return ((&next_[0] - n)->load(std::memory_order_acquire));",_ZN7rocksdb14InlineSkipListIRKNS_11MemTableRep13KeyComparatorEE6InsertILb0EEEbPKcPNS5_6SpliceEb,ldr x1  [x0  x19  lsl #3]
100.00,95.35 | 4.65 | 0.00 | 0.00,0.00,0.00 | 0.00 | 0.00 | 0.00,0.00,0.00 | 0.00 | 0.00 | 0.00,0.00,0.00 | 0.00 | 0.00 | 0.00,/home/ubuntu/rocksdb/memtable/memtablerep_bench.cc,181,"    switch (mode_) {",_ZN7rocksdb19FillBenchmarkThread7FillOneEv,ldr w0  [x24  #8]
100.00,100.00 | 0.00 | 0.00 | 0.00,0.00,0.00 | 0.00 | 0.00 | 0.00,0.00,0.00 | 0.00 | 0.00 | 0.00,0.00,0.00 | 0.00 | 0.00 | 0.00,/home/ubuntu/rocksdb/util/coding.h,335,"  return Slice(p, len);",_ZN7rocksdb14InlineSkipListIRKNS_11MemTableRep13KeyComparatorEE6InsertILb0EEEbPKcPNS5_6SpliceEb,stp x0  x1  [sp  #0x68]
100.00,33.93 | 64.29 | 1.79 | 0.00,0.00,0.00 | 0.00 | 0.00 | 0.00,0.00,0.00 | 0.00 | 0.00 | 0.00,0.00,0.00 | 0.00 | 0.00 | 0.00,/home/ubuntu/rocksdb/memtable/skiplistrep.cc,38,"  }",_ZN7rocksdb12_GLOBAL__N_111SkipListRep8AllocateEmPPc,ldp x21  x22  [sp  #0x20]
100.00,36.96 | 63.04 | 0.00 | 0.00,0.00,0.00 | 0.00 | 0.00 | 0.00,0.00,0.00 | 0.00 | 0.00 | 0.00,0.00,0.00 | 0.00 | 0.00 | 0.00,/home/ubuntu/rocksdb/memtable/inlineskiplist.h,1115,"}",_ZN7rocksdb14InlineSkipListIRKNS_11MemTableRep13KeyComparatorEE6InsertILb0EEEbPKcPNS5_6SpliceEb,ldr x1  [x1  #0xba8]
100.00,45.00 | 50.00 | 0.00 | 5.00,0.00,0.00 | 0.00 | 0.00 | 0.00,0.00,0.00 | 0.00 | 0.00 | 0.00,0.00,0.00 | 0.00 | 0.00 | 0.00,/home/ubuntu/rocksdb/memtable/memtablerep_bench.cc,255,"    *bytes_written_ += encoded_len;",_ZN7rocksdb19FillBenchmarkThread7FillOneEv,ldr x1  [x2]
100.00,90.20 | 9.80 | 0.00 | 0.00,0.00,0.00 | 0.00 | 0.00 | 0.00,0.00,0.00 | 0.00 | 0.00 | 0.00,0.00,0.00 | 0.00 | 0.00 | 0.00,/home/ubuntu/rocksdb/memtable/inlineskiplist.h,799,"  char* raw = allocator_->AllocateAligned(prefix + sizeof(Node) + key_size);",_ZN7rocksdb12_GLOBAL__N_111SkipListRep8AllocateEmPPc,ldr x4  [x0]
100.00,43.86 | 56.14 | 0.00 | 0.00,0.00,0.00 | 0.00 | 0.00 | 0.00,0.00,0.00 | 0.00 | 0.00 | 0.00,0.00,0.00 | 0.00 | 0.00 | 0.00,/home/ubuntu/rocksdb/memtable/inlineskiplist.h,911,"  for (int i = recompute_level - 1; i >= 0; --i) {",_ZN7rocksdb14InlineSkipListIRKNS_11MemTableRep13KeyComparatorEE21RecomputeSpliceLevelsERKNS_5SliceEPNS5_6SpliceEi,ldp x27  x28  [sp  #0x50]
100.00,55.10 | 40.82 | 4.08 | 0.00,0.00,0.00 | 0.00 | 0.00 | 0.00,0.00,0.00 | 0.00 | 0.00 | 0.00,0.00,0.00 | 0.00 | 0.00 | 0.00,/home/ubuntu/rocksdb/memory/arena.cc,129,"      reinterpret_cast<uintptr_t>(aligned_alloc_ptr_) & (kAlignUnit - 1);",_ZN7rocksdb5Arena15AllocateAlignedEmmPNS_6LoggerE,ldr x0  [x19  #0x8c8]
100.00,79.49 | 20.51 | 0.00 | 0.00,0.00,0.00 | 0.00 | 0.00 | 0.00,0.00,0.00 | 0.00 | 0.00 | 0.00,0.00,0.00 | 0.00 | 0.00 | 0.00,/home/ubuntu/rocksdb/util/coding.h,108,"    uint32_t result = *(reinterpret_cast<const unsigned char*>(p));",_ZN7rocksdb14InlineSkipListIRKNS_11MemTableRep13KeyComparatorEE6InsertILb0EEEbPKcPNS5_6SpliceEb,ldrb w0  [x1]
100.00,91.49 | 8.51 | 0.00 | 0.00,0.00,0.00 | 0.00 | 0.00 | 0.00,0.00,0.00 | 0.00 | 0.00 | 0.00,0.00,0.00 | 0.00 | 0.00 | 0.00,/home/ubuntu/rocksdb/memtable/memtablerep_bench.cc,250,"    Slice bytes = generator_.Generate(FLAGS_item_size);",_ZN7rocksdb19FillBenchmarkThread7FillOneEv,ldr w2  [x22]
100.00,96.08 | 1.96 | 0.00 | 1.96,0.00,0.00 | 0.00 | 0.00 | 0.00,0.00,0.00 | 0.00 | 0.00 | 0.00,0.00,0.00 | 0.00 | 0.00 | 0.00,/home/ubuntu/rocksdb/memtable/inlineskiplist.h,911,"  for (int i = recompute_level - 1; i >= 0; --i) {",_ZN7rocksdb14InlineSkipListIRKNS_11MemTableRep13KeyComparatorEE21RecomputeSpliceLevelsERKNS_5SliceEPNS5_6SpliceEi,stp x23  x24  [sp  #0x30]
100.00,64.29 | 35.71 | 0.00 | 0.00,0.00,0.00 | 0.00 | 0.00 | 0.00,0.00,0.00 | 0.00 | 0.00 | 0.00,0.00,0.00 | 0.00 | 0.00 | 0.00,/home/ubuntu/rocksdb/memtable/inlineskiplist.h,989,"      } else if (splice->prev_[recompute_height] != head_ &&",_ZN7rocksdb14InlineSkipListIRKNS_11MemTableRep13KeyComparatorEE6InsertILb0EEEbPKcPNS5_6SpliceEb,ldr x1  [x1  x19  lsl #3]
100.00,94.44 | 5.56 | 0.00 | 0.00,0.00,0.00 | 0.00 | 0.00 | 0.00,0.00,0.00 | 0.00 | 0.00 | 0.00,0.00,0.00 | 0.00 | 0.00 | 0.00,/home/ubuntu/rocksdb/util/random.cc,34,"}",_ZN7rocksdb6Random14GetTLSInstanceEv,ldr x1  [x1  #0xba8]
100.00,82.50 | 17.50 | 0.00 | 0.00,0.00,0.00 | 0.00 | 0.00 | 0.00,0.00,0.00 | 0.00 | 0.00 | 0.00,0.00,0.00 | 0.00 | 0.00 | 0.00,/home/ubuntu/rocksdb/memtable/inlineskiplist.h,1072,"      if (UNLIKELY(i == 0 && splice->next_[i] != nullptr &&",_ZN7rocksdb14InlineSkipListIRKNS_11MemTableRep13KeyComparatorEE6InsertILb0EEEbPKcPNS5_6SpliceEb,ldr x3  [x0]
100.00,67.50 | 32.50 | 0.00 | 0.00,0.00,0.00 | 0.00 | 0.00 | 0.00,0.00,0.00 | 0.00 | 0.00 | 0.00,0.00,0.00 | 0.00 | 0.00 | 0.00,/home/ubuntu/rocksdb/memory/arena.cc,143,"}",_ZN7rocksdb5Arena15AllocateAlignedEmmPNS_6LoggerE,ldr x2  [x1]
100.00,80.77 | 19.23 | 0.00 | 0.00,0.00,0.00 | 0.00 | 0.00 | 0.00,0.00,0.00 | 0.00 | 0.00 | 0.00,0.00,0.00 | 0.00 | 0.00 | 0.00,/home/ubuntu/rocksdb/memtable/inlineskiplist.h,1077,"      if (UNLIKELY(i == 0 && splice->prev_[i] != head_ &&",_ZN7rocksdb14InlineSkipListIRKNS_11MemTableRep13KeyComparatorEE6InsertILb0EEEbPKcPNS5_6SpliceEb,ldr x1  [x1]
100.00,54.90 | 45.10 | 0.00 | 0.00,0.00,0.00 | 0.00 | 0.00 | 0.00,0.00,0.00 | 0.00 | 0.00 | 0.00,0.00,0.00 | 0.00 | 0.00 | 0.00,/home/ubuntu/rocksdb/memtable/inlineskiplist.h,1077,"      if (UNLIKELY(i == 0 && splice->prev_[i] != head_ &&",_ZN7rocksdb14InlineSkipListIRKNS_11MemTableRep13KeyComparatorEE6InsertILb0EEEbPKcPNS5_6SpliceEb,ldr x0  [x26  #0x18]
100.00,96.00 | 4.00 | 0.00 | 0.00,0.00,0.00 | 0.00 | 0.00 | 0.00,0.00,0.00 | 0.00 | 0.00 | 0.00,0.00,0.00 | 0.00 | 0.00 | 0.00,/home/ubuntu/rocksdb/util/random.cc,27,"  auto rv = tls_instance;",_ZN7rocksdb6Random14GetTLSInstanceEv,ldr x2  [x0  #0xa48]
100.00,81.13 | 16.98 | 1.89 | 0.00,0.00,0.00 | 0.00 | 0.00 | 0.00,0.00,0.00 | 0.00 | 0.00 | 0.00,0.00,0.00 | 0.00 | 0.00 | 0.00,/home/ubuntu/rocksdb/memtable/memtablerep_bench.cc,245,"    auto key = key_gen_->Next();",_ZN7rocksdb19FillBenchmarkThread7FillOneEv,ldr x24  [x19  #0x10]
100.00,98.08 | 0.00 | 0.00 | 1.92,0.00,0.00 | 0.00 | 0.00 | 0.00,0.00,0.00 | 0.00 | 0.00 | 0.00,0.00,0.00 | 0.00 | 0.00 | 0.00,/home/ubuntu/rocksdb/memtable/inlineskiplist.h,911,"  for (int i = recompute_level - 1; i >= 0; --i) {",_ZN7rocksdb14InlineSkipListIRKNS_11MemTableRep13KeyComparatorEE21RecomputeSpliceLevelsERKNS_5SliceEPNS5_6SpliceEi,stp x19  x20  [sp  #0x10]
100.00,70.45 | 29.55 | 0.00 | 0.00,0.00,0.00 | 0.00 | 0.00 | 0.00,0.00,0.00 | 0.00 | 0.00 | 0.00,0.00,0.00 | 0.00 | 0.00 | 0.00,/home/ubuntu/rocksdb/memtable/inlineskiplist.h,919,"bool InlineSkipList<Comparator>::Insert(const char* key, Splice* splice,",_ZN7rocksdb14InlineSkipListIRKNS_11MemTableRep13KeyComparatorEE6InsertILb0EEEbPKcPNS5_6SpliceEb,ldr x5  [x5  #0xba8]
100.00,55.00 | 45.00 | 0.00 | 0.00,0.00,0.00 | 0.00 | 0.00 | 0.00,0.00,0.00 | 0.00 | 0.00 | 0.00,0.00,0.00 | 0.00 | 0.00 | 0.00,/home/ubuntu/rocksdb/util/coding.h,335,"  return Slice(p, len);",_ZN7rocksdb14InlineSkipListIRKNS_11MemTableRep13KeyComparatorEE6InsertILb0EEEbPKcPNS5_6SpliceEb,ldur w25  [x19  #-8]
100.00,92.31 | 7.69 | 0.00 | 0.00,0.00,0.00 | 0.00 | 0.00 | 0.00,0.00,0.00 | 0.00 | 0.00 | 0.00,0.00,0.00 | 0.00 | 0.00 | 0.00,/home/ubuntu/rocksdb/util/random.cc,23,"Random* Random::GetTLSInstance() {",_ZN7rocksdb6Random14GetTLSInstanceEv,ldr x1  [x1  #0xba8]
100.00,100.00 | 0.00 | 0.00 | 0.00,0.00,0.00 | 0.00 | 0.00 | 0.00,0.00,0.00 | 0.00 | 0.00 | 0.00,0.00,0.00 | 0.00 | 0.00 | 0.00,/home/ubuntu/rocksdb/util/coding.h,331,"  uint32_t len = 0;",_ZN7rocksdb14InlineSkipListIRKNS_11MemTableRep13KeyComparatorEE6InsertILb0EEEbPKcPNS5_6SpliceEb,str wzr  [sp  #0x68]
100.00,46.00 | 54.00 | 0.00 | 0.00,0.00,0.00 | 0.00 | 0.00 | 0.00,0.00,0.00 | 0.00 | 0.00 | 0.00,0.00,0.00 | 0.00 | 0.00 | 0.00,/home/ubuntu/rocksdb/memtable/inlineskiplist.h,1115,"}",_ZN7rocksdb14InlineSkipListIRKNS_11MemTableRep13KeyComparatorEE6InsertILb0EEEbPKcPNS5_6SpliceEb,ldr x3  [sp  #0x78]
100.00,65.38 | 34.62 | 0.00 | 0.00,0.00,0.00 | 0.00 | 0.00 | 0.00,0.00,0.00 | 0.00 | 0.00 | 0.00,0.00,0.00 | 0.00 | 0.00 | 0.00,/usr/include/c++/11/bits/atomic_base.h,796,"	__atomic_store_n(&_M_p, __p, int(__m));",_ZN7rocksdb14InlineSkipListIRKNS_11MemTableRep13KeyComparatorEE6InsertILb0EEEbPKcPNS5_6SpliceEb,ldr x0  [x1  x19]
100.00,20.69 | 79.31 | 0.00 | 0.00,0.00,0.00 | 0.00 | 0.00 | 0.00,0.00,0.00 | 0.00 | 0.00 | 0.00,0.00,0.00 | 0.00 | 0.00 | 0.00,/home/ubuntu/rocksdb/memtable/inlineskiplist.h,1115,"}",_ZN7rocksdb14InlineSkipListIRKNS_11MemTableRep13KeyComparatorEE6InsertILb0EEEbPKcPNS5_6SpliceEb,ldr x2  [x1]
100.00,23.53 | 76.47 | 0.00 | 0.00,0.00,0.00 | 0.00 | 0.00 | 0.00,0.00,0.00 | 0.00 | 0.00 | 0.00,0.00,0.00 | 0.00 | 0.00 | 0.00,/home/ubuntu/rocksdb/memtable/inlineskiplist.h,915,"}",_ZN7rocksdb14InlineSkipListIRKNS_11MemTableRep13KeyComparatorEE21RecomputeSpliceLevelsERKNS_5SliceEPNS5_6SpliceEi,ldp x21  x22  [sp  #0x20]
100.00,100.00 | 0.00 | 0.00 | 0.00,0.00,0.00 | 0.00 | 0.00 | 0.00,0.00,0.00 | 0.00 | 0.00 | 0.00,0.00,0.00 | 0.00 | 0.00 | 0.00,/home/ubuntu/rocksdb/memtable/inlineskiplist.h,1093,"      splice->prev_[i] = x;",_ZN7rocksdb14InlineSkipListIRKNS_11MemTableRep13KeyComparatorEE6InsertILb0EEEbPKcPNS5_6SpliceEb,str x23  [x1  x0  lsl #3]
100.00,50.00 | 50.00 | 0.00 | 0.00,0.00,0.00 | 0.00 | 0.00 | 0.00,0.00,0.00 | 0.00 | 0.00 | 0.00,0.00,0.00 | 0.00 | 0.00 | 0.00,/home/ubuntu/rocksdb/memtable/inlineskiplist.h,978,"          splice->next_[recompute_height]) {",_ZN7rocksdb14InlineSkipListIRKNS_11MemTableRep13KeyComparatorEE6InsertILb0EEEbPKcPNS5_6SpliceEb,ldr x4  [x1  x19  lsl #3]
71.43,0.00 | 93.33 | 6.67 | 0.00,28.57,0.00 | 16.67 | 83.33 | 0.00,0.00,0.00 | 0.00 | 0.00 | 0.00,0.00,0.00 | 0.00 | 0.00 | 0.00,/home/ubuntu/rocksdb/memtable/memtablerep_bench.cc,324,"      *bytes_read_ += VarintLength(16) + 16 + FLAGS_item_size;",_ZN7rocksdb19ReadBenchmarkThread7ReadOneEv,ldr w0  [x0]
63.64,85.71 | 14.29 | 0.00 | 0.00,18.18,0.00 | 50.00 | 50.00 | 0.00,18.18,0.00 | 0.00 | 0.00 | 100.00,0.00,0.00 | 0.00 | 0.00 | 0.00,/home/ubuntu/rocksdb/memtable/memtablerep_bench.cc,324,"      *bytes_read_ += VarintLength(16) + 16 + FLAGS_item_size;",_ZN7rocksdb19ReadBenchmarkThread7ReadOneEv,ldr x3  [x2]
100.00,96.08 | 3.92 | 0.00 | 0.00,0.00,0.00 | 0.00 | 0.00 | 0.00,0.00,0.00 | 0.00 | 0.00 | 0.00,0.00,0.00 | 0.00 | 0.00 | 0.00,/home/ubuntu/rocksdb/memtable/inlineskiplist.h,919,"bool InlineSkipList<Comparator>::Insert(const char* key, Splice* splice,",_ZN7rocksdb14InlineSkipListIRKNS_11MemTableRep13KeyComparatorEE6InsertILb0EEEbPKcPNS5_6SpliceEb,stp x23  x24  [sp  #0x30]
100.00,58.82 | 41.18 | 0.00 | 0.00,0.00,0.00 | 0.00 | 0.00 | 0.00,0.00,0.00 | 0.00 | 0.00 | 0.00,0.00,0.00 | 0.00 | 0.00 | 0.00,/home/ubuntu/rocksdb/memtable/inlineskiplist.h,1072,"      if (UNLIKELY(i == 0 && splice->next_[i] != nullptr &&",_ZN7rocksdb14InlineSkipListIRKNS_11MemTableRep13KeyComparatorEE6InsertILb0EEEbPKcPNS5_6SpliceEb,ldr x0  [x26  #0x10]
100.00,97.92 | 2.08 | 0.00 | 0.00,0.00,0.00 | 0.00 | 0.00 | 0.00,0.00,0.00 | 0.00 | 0.00 | 0.00,0.00,0.00 | 0.00 | 0.00 | 0.00,/home/ubuntu/rocksdb/memtable/memtablerep_bench.cc,185,"        return rand_->Next() % num_;",_ZN7rocksdb19FillBenchmarkThread7FillOneEv,ldr x2  [x24  #0x10]
100.00,100.00 | 0.00 | 0.00 | 0.00,0.00,0.00 | 0.00 | 0.00 | 0.00,0.00,0.00 | 0.00 | 0.00 | 0.00,0.00,0.00 | 0.00 | 0.00 | 0.00,/usr/aarch64-linux-gnu/include/bits/string_fortified.h,29,"  return __builtin___memcpy_chk (__dest, __src, __len,",_ZN7rocksdb19FillBenchmarkThread7FillOneEv,str x0  [x20]
100.00,90.20 | 9.80 | 0.00 | 0.00,0.00,0.00 | 0.00 | 0.00 | 0.00,0.00,0.00 | 0.00 | 0.00 | 0.00,0.00,0.00 | 0.00 | 0.00 | 0.00,/home/ubuntu/rocksdb/memtable/memtablerep_bench.cc,254,"    table_->Insert(handle);",_ZN7rocksdb19FillBenchmarkThread7FillOneEv,ldr x0  [x19  #8]
100.00,100.00 | 0.00 | 0.00 | 0.00,0.00,0.00 | 0.00 | 0.00 | 0.00,0.00,0.00 | 0.00 | 0.00 | 0.00,0.00,0.00 | 0.00 | 0.00 | 0.00,/home/ubuntu/rocksdb/memtable/memtablerep_bench.cc,238,"    char* buf = nullptr;",_ZN7rocksdb19FillBenchmarkThread7FillOneEv,str xzr  [sp  #0x40]
100.00,95.24 | 0.00 | 0.00 | 4.76,0.00,0.00 | 0.00 | 0.00 | 0.00,0.00,0.00 | 0.00 | 0.00 | 0.00,0.00,0.00 | 0.00 | 0.00 | 0.00,/home/ubuntu/rocksdb/memtable/inlineskiplist.h,911,"  for (int i = recompute_level - 1; i >= 0; --i) {",_ZN7rocksdb14InlineSkipListIRKNS_11MemTableRep13KeyComparatorEE21RecomputeSpliceLevelsERKNS_5SliceEPNS5_6SpliceEi,stp x23  x24  [sp  #0x30]
100.00,37.74 | 62.26 | 0.00 | 0.00,0.00,0.00 | 0.00 | 0.00 | 0.00,0.00,0.00 | 0.00 | 0.00 | 0.00,0.00,0.00 | 0.00 | 0.00 | 0.00,/home/ubuntu/rocksdb/memtable/inlineskiplist.h,911,"  for (int i = recompute_level - 1; i >= 0; --i) {",_ZN7rocksdb14InlineSkipListIRKNS_11MemTableRep13KeyComparatorEE21RecomputeSpliceLevelsERKNS_5SliceEPNS5_6SpliceEi,ldp x19  x20  [sp  #0x10]
97.67,90.48 | 7.14 | 2.38 | 0.00,2.33,0.00 | 0.00 | 100.00 | 0.00,0.00,0.00 | 0.00 | 0.00 | 0.00,0.00,0.00 | 0.00 | 0.00 | 0.00,/home/ubuntu/rocksdb/memtable/memtablerep_bench.cc,156,"    return Slice(data_.data() + pos_ - len, len);",_ZN7rocksdb19FillBenchmarkThread7FillOneEv,ldr x3  [x19  #0x40]
100.00,85.42 | 14.58 | 0.00 | 0.00,0.00,0.00 | 0.00 | 0.00 | 0.00,0.00,0.00 | 0.00 | 0.00 | 0.00,0.00,0.00 | 0.00 | 0.00 | 0.00,???,0,???,???,???
100.00,67.24 | 31.03 | 1.72 | 0.00,0.00,0.00 | 0.00 | 0.00 | 0.00,0.00,0.00 | 0.00 | 0.00 | 0.00,0.00,0.00 | 0.00 | 0.00 | 0.00,/home/ubuntu/rocksdb/memory/arena.cc,136,"    alloc_bytes_remaining_ -= needed;",_ZN7rocksdb5Arena15AllocateAlignedEmmPNS_6LoggerE,str x2  [x19  #0x8d0]
100.00,31.58 | 68.42 | 0.00 | 0.00,0.00,0.00 | 0.00 | 0.00 | 0.00,0.00,0.00 | 0.00 | 0.00 | 0.00,0.00,0.00 | 0.00 | 0.00 | 0.00,/home/ubuntu/rocksdb/memtable/memtablerep_bench.cc,256,"  }",_ZN7rocksdb19FillBenchmarkThread7FillOneEv,ldr x2  [sp  #0x48]
100.00,95.45 | 4.55 | 0.00 | 0.00,0.00,0.00 | 0.00 | 0.00 | 0.00,0.00,0.00 | 0.00 | 0.00 | 0.00,0.00,0.00 | 0.00 | 0.00 | 0.00,/home/ubuntu/rocksdb/memtable/inlineskiplist.h,897,"      *out_prev = before;",_ZN7rocksdb14InlineSkipListIRKNS_11MemTableRep13KeyComparatorEE21RecomputeSpliceLevelsERKNS_5SliceEPNS5_6SpliceEi,str x25  [x0  x24]
97.78,81.82 | 18.18 | 0.00 | 0.00,2.22,0.00 | 100.00 | 0.00 | 0.00,0.00,0.00 | 0.00 | 0.00 | 0.00,0.00,0.00 | 0.00 | 0.00 | 0.00,???,0,???,???,???
100.00,18.18 | 81.82 | 0.00 | 0.00,0.00,0.00 | 0.00 | 0.00 | 0.00,0.00,0.00 | 0.00 | 0.00 | 0.00,0.00,0.00 | 0.00 | 0.00 | 0.00,/home/ubuntu/rocksdb/memtable/inlineskiplist.h,915,"}",_ZN7rocksdb14InlineSkipListIRKNS_11MemTableRep13KeyComparatorEE21RecomputeSpliceLevelsERKNS_5SliceEPNS5_6SpliceEi,ldp x29  x30  [sp]  #0x80
94.44,11.76 | 58.82 | 29.41 | 0.00,5.56,0.00 | 0.00 | 100.00 | 0.00,0.00,0.00 | 0.00 | 0.00 | 0.00,0.00,0.00 | 0.00 | 0.00 | 0.00,(null),0,(null),(null),(null)
100.00,95.45 | 0.00 | 0.00 | 4.55,0.00,0.00 | 0.00 | 0.00 | 0.00,0.00,0.00 | 0.00 | 0.00 | 0.00,0.00,0.00 | 0.00 | 0.00 | 0.00,/home/ubuntu/rocksdb/memtable/inlineskiplist.h,911,"  for (int i = recompute_level - 1; i >= 0; --i) {",_ZN7rocksdb14InlineSkipListIRKNS_11MemTableRep13KeyComparatorEE21RecomputeSpliceLevelsERKNS_5SliceEPNS5_6SpliceEi,stp x27  x28  [sp  #0x50]
100.00,0.00 | 100.00 | 0.00 | 0.00,0.00,0.00 | 0.00 | 0.00 | 0.00,0.00,0.00 | 0.00 | 0.00 | 0.00,0.00,0.00 | 0.00 | 0.00 | 0.00,/home/ubuntu/rocksdb/memtable/memtablerep_bench.cc,280,"    while ((*threads_done_).load() < (FLAGS_num_threads - 1)) {",_ZNSt6thread11_State_implINS_8_InvokerISt5tupleIJN7rocksdb29ConcurrentFillBenchmarkThreadEEEEEE6_M_runEv,ldr w1  [x20]
100.00,72.34 | 27.66 | 0.00 | 0.00,0.00,0.00 | 0.00 | 0.00 | 0.00,0.00,0.00 | 0.00 | 0.00 | 0.00,0.00,0.00 | 0.00 | 0.00 | 0.00,/home/ubuntu/rocksdb/util/random.cc,34,"}",_ZN7rocksdb6Random14GetTLSInstanceEv,ldp x29  x30  [sp]  #0x30
100.00,52.27 | 47.73 | 0.00 | 0.00,0.00,0.00 | 0.00 | 0.00 | 0.00,0.00,0.00 | 0.00 | 0.00 | 0.00,0.00,0.00 | 0.00 | 0.00 | 0.00,/home/ubuntu/rocksdb/memory/arena.cc,143,"}",_ZN7rocksdb5Arena15AllocateAlignedEmmPNS_6LoggerE,ldp x19  x20  [sp  #0x10]
100.00,97.92 | 2.08 | 0.00 | 0.00,0.00,0.00 | 0.00 | 0.00 | 0.00,0.00,0.00 | 0.00 | 0.00 | 0.00,0.00,0.00 | 0.00 | 0.00 | 0.00,/home/ubuntu/rocksdb/memtable/memtablerep_bench.cc,155,"    pos_ += len;",_ZN7rocksdb19FillBenchmarkThread7FillOneEv,str w7  [x5  #0x20]
96.15,56.00 | 44.00 | 0.00 | 0.00,3.85,0.00 | 0.00 | 100.00 | 0.00,0.00,0.00 | 0.00 | 0.00 | 0.00,0.00,0.00 | 0.00 | 0.00 | 0.00,/home/ubuntu/rocksdb/db/dbformat.h,1117,"        DecodeFixed64(bkey.data() + bkey.size() - kNumInternalBytes) >> 8;",_ZNK7rocksdb8MemTable13KeyComparatorclEPKcRKNS_5SliceE,ldur x0  [x0  #-8]
100.00,100.00 | 0.00 | 0.00 | 0.00,0.00,0.00 | 0.00 | 0.00 | 0.00,0.00,0.00 | 0.00 | 0.00 | 0.00,0.00,0.00 | 0.00 | 0.00 | 0.00,/home/ubuntu/rocksdb/memtable/inlineskiplist.h,939,"  if (splice->height_ < max_height) {",_ZN7rocksdb14InlineSkipListIRKNS_11MemTableRep13KeyComparatorEE6InsertILb0EEEbPKcPNS5_6SpliceEb,stp x27  x28  [sp  #0x50]
100.00,91.67 | 8.33 | 0.00 | 0.00,0.00,0.00 | 0.00 | 0.00 | 0.00,0.00,0.00 | 0.00 | 0.00 | 0.00,0.00,0.00 | 0.00 | 0.00 | 0.00,(null),0,(null),(null),(null)
100.00,86.54 | 13.46 | 0.00 | 0.00,0.00,0.00 | 0.00 | 0.00 | 0.00,0.00,0.00 | 0.00 | 0.00 | 0.00,0.00,0.00 | 0.00 | 0.00 | 0.00,/home/ubuntu/rocksdb/memtable/inlineskiplist.h,505,"  while (height < kMaxHeight_ && height < kMaxPossibleHeight &&",_ZN7rocksdb12_GLOBAL__N_111SkipListRep8AllocateEmPPc,ldrh w7  [x23  #0x10]
100.00,80.00 | 20.00 | 0.00 | 0.00,0.00,0.00 | 0.00 | 0.00 | 0.00,0.00,0.00 | 0.00 | 0.00 | 0.00,0.00,0.00 | 0.00 | 0.00 | 0.00,/home/ubuntu/rocksdb/memtable/inlineskiplist.h,1003,"      } else if (KeyIsAfterNode(key_decoded, splice->next_[recompute_height])) {",_ZN7rocksdb14InlineSkipListIRKNS_11MemTableRep13KeyComparatorEE6InsertILb0EEEbPKcPNS5_6SpliceEb,ldr x4  [x0  x19  lsl #3]
100.00,96.49 | 3.51 | 0.00 | 0.00,0.00,0.00 | 0.00 | 0.00 | 0.00,0.00,0.00 | 0.00 | 0.00 | 0.00,0.00,0.00 | 0.00 | 0.00 | 0.00,/home/ubuntu/rocksdb/memtable/inlineskiplist.h,792,"  auto prefix = sizeof(std::atomic<Node*>) * (height - 1);",_ZN7rocksdb12_GLOBAL__N_111SkipListRep8AllocateEmPPc,ldr x0  [x23  #0x18]
100.00,47.62 | 52.38 | 0.00 | 0.00,0.00,0.00 | 0.00 | 0.00 | 0.00,0.00,0.00 | 0.00 | 0.00 | 0.00,0.00,0.00 | 0.00 | 0.00 | 0.00,/home/ubuntu/rocksdb/memtable/skiplistrep.cc,38,"  }",_ZN7rocksdb12_GLOBAL__N_111SkipListRep8AllocateEmPPc,ldp x29  x30  [sp]  #0x40
100.00,100.00 | 0.00 | 0.00 | 0.00,0.00,0.00 | 0.00 | 0.00 | 0.00,0.00,0.00 | 0.00 | 0.00 | 0.00,0.00,0.00 | 0.00 | 0.00 | 0.00,/home/ubuntu/rocksdb/memtable/inlineskiplist.h,919,"bool InlineSkipList<Comparator>::Insert(const char* key, Splice* splice,",_ZN7rocksdb14InlineSkipListIRKNS_11MemTableRep13KeyComparatorEE6InsertILb0EEEbPKcPNS5_6SpliceEb,str x6  [sp  #0x78]
100.00,100.00 | 0.00 | 0.00 | 0.00,0.00,0.00 | 0.00 | 0.00 | 0.00,0.00,0.00 | 0.00 | 0.00 | 0.00,0.00,0.00 | 0.00 | 0.00 | 0.00,/home/ubuntu/rocksdb/memtable/inlineskiplist.h,906,"void InlineSkipList<Comparator>::RecomputeSpliceLevels(const DecodedKey& key,",_ZN7rocksdb14InlineSkipListIRKNS_11MemTableRep13KeyComparatorEE21RecomputeSpliceLevelsERKNS_5SliceEPNS5_6SpliceEi,stp x21  x22  [sp  #0x20]
100.00,90.48 | 4.76 | 0.00 | 4.76,0.00,0.00 | 0.00 | 0.00 | 0.00,0.00,0.00 | 0.00 | 0.00 | 0.00,0.00,0.00 | 0.00 | 0.00 | 0.00,/home/ubuntu/rocksdb/memtable/memtablerep_bench.cc,152,"    if (pos_ + len > data_.size()) {",_ZN7rocksdb19FillBenchmarkThread7FillOneEv,ldr w0  [x5  #0x20]
100.00,56.67 | 43.33 | 0.00 | 0.00,0.00,0.00 | 0.00 | 0.00 | 0.00,0.00,0.00 | 0.00 | 0.00 | 0.00,0.00,0.00 | 0.00 | 0.00 | 0.00,/home/ubuntu/rocksdb/memtable/inlineskiplist.h,1088,"      splice->prev_[i]->SetNext(i, x);",_ZN7rocksdb14InlineSkipListIRKNS_11MemTableRep13KeyComparatorEE6InsertILb0EEEbPKcPNS5_6SpliceEb,ldr x1  [x21  #8]
100.00,39.58 | 60.42 | 0.00 | 0.00,0.00,0.00 | 0.00 | 0.00 | 0.00,0.00,0.00 | 0.00 | 0.00 | 0.00,0.00,0.00 | 0.00 | 0.00 | 0.00,/home/ubuntu/rocksdb/memtable/inlineskiplist.h,911,"  for (int i = recompute_level - 1; i >= 0; --i) {",_ZN7rocksdb14InlineSkipListIRKNS_11MemTableRep13KeyComparatorEE21RecomputeSpliceLevelsERKNS_5SliceEPNS5_6SpliceEi,ldp x25  x26  [sp  #0x40]
100.00,100.00 | 0.00 | 0.00 | 0.00,0.00,0.00 | 0.00 | 0.00 | 0.00,0.00,0.00 | 0.00 | 0.00 | 0.00,0.00,0.00 | 0.00 | 0.00 | 0.00,/home/ubuntu/rocksdb/memtable/memtablerep_bench.cc,237,"  void FillOne() {",_ZN7rocksdb19FillBenchmarkThread7FillOneEv,stp x29  x30  [sp  #-0x50]!
100.00,89.36 | 10.64 | 0.00 | 0.00,0.00,0.00 | 0.00 | 0.00 | 0.00,0.00,0.00 | 0.00 | 0.00 | 0.00,0.00,0.00 | 0.00 | 0.00 | 0.00,/home/ubuntu/rocksdb/memtable/inlineskiplist.h,506,"         rnd->Next() < kScaledInverseBranching_) {",_ZN7rocksdb12_GLOBAL__N_111SkipListRep8AllocateEmPPc,ldr w2  [x23  #0x14]
100.00,97.87 | 2.13 | 0.00 | 0.00,0.00,0.00 | 0.00 | 0.00 | 0.00,0.00,0.00 | 0.00 | 0.00 | 0.00,0.00,0.00 | 0.00 | 0.00 | 0.00,/home/ubuntu/rocksdb/memory/arena.cc,109,"                             Logger* logger) {",_ZN7rocksdb5Arena15AllocateAlignedEmmPNS_6LoggerE,ldr x4  [x4  #0xba8]
100.00,98.04 | 1.96 | 0.00 | 0.00,0.00,0.00 | 0.00 | 0.00 | 0.00,0.00,0.00 | 0.00 | 0.00 | 0.00,0.00,0.00 | 0.00 | 0.00 | 0.00,(null),0,(null),(null),(null)
100.00,100.00 | 0.00 | 0.00 | 0.00,0.00,0.00 | 0.00 | 0.00 | 0.00,0.00,0.00 | 0.00 | 0.00 | 0.00,0.00,0.00 | 0.00 | 0.00 | 0.00,/home/ubuntu/rocksdb/memtable/memtablerep_bench.cc,237,"  void FillOne() {",_ZN7rocksdb19FillBenchmarkThread7FillOneEv,stp x23  x24  [sp  #0x30]
100.00,91.49 | 8.51 | 0.00 | 0.00,0.00,0.00 | 0.00 | 0.00 | 0.00,0.00,0.00 | 0.00 | 0.00 | 0.00,0.00,0.00 | 0.00 | 0.00 | 0.00,/home/ubuntu/rocksdb/memtable/inlineskiplist.h,919,"bool InlineSkipList<Comparator>::Insert(const char* key, Splice* splice,",_ZN7rocksdb14InlineSkipListIRKNS_11MemTableRep13KeyComparatorEE6InsertILb0EEEbPKcPNS5_6SpliceEb,stp x25  x26  [sp  #0x40]
100.00,35.14 | 64.86 | 0.00 | 0.00,0.00,0.00 | 0.00 | 0.00 | 0.00,0.00,0.00 | 0.00 | 0.00 | 0.00,0.00,0.00 | 0.00 | 0.00 | 0.00,/home/ubuntu/rocksdb/memory/arena.cc,143,"}",_ZN7rocksdb5Arena15AllocateAlignedEmmPNS_6LoggerE,ldr x3  [sp  #0x58]
100.00,100.00 | 0.00 | 0.00 | 0.00,0.00,0.00 | 0.00 | 0.00 | 0.00,0.00,0.00 | 0.00 | 0.00 | 0.00,0.00,0.00 | 0.00 | 0.00 | 0.00,/home/ubuntu/rocksdb/memtable/skiplistrep.cc,35,"  KeyHandle Allocate(const size_t len, char** buf) override {",_ZN7rocksdb12_GLOBAL__N_111SkipListRep8AllocateEmPPc,str x23  [sp  #0x30]
100.00,92.59 | 7.41 | 0.00 | 0.00,0.00,0.00 | 0.00 | 0.00 | 0.00,0.00,0.00 | 0.00 | 0.00 | 0.00,0.00,0.00 | 0.00 | 0.00 | 0.00,/home/ubuntu/rocksdb/memtable/inlineskiplist.h,529,"  return (n != nullptr) && (compare_(n->Key(), key) < 0);",_ZN7rocksdb14InlineSkipListIRKNS_11MemTableRep13KeyComparatorEE6InsertILb0EEEbPKcPNS5_6SpliceEb,ldr x3  [x3  #0x10]
100.00,68.00 | 32.00 | 0.00 | 0.00,0.00,0.00 | 0.00 | 0.00 | 0.00,0.00,0.00 | 0.00 | 0.00 | 0.00,0.00,0.00 | 0.00 | 0.00 | 0.00,/home/ubuntu/rocksdb/memtable/memtablerep_bench.cc,254,"    table_->Insert(handle);",_ZN7rocksdb19FillBenchmarkThread7FillOneEv,ldr x2  [x0]
100.00,69.77 | 30.23 | 0.00 | 0.00,0.00,0.00 | 0.00 | 0.00 | 0.00,0.00,0.00 | 0.00 | 0.00 | 0.00,0.00,0.00 | 0.00 | 0.00 | 0.00,/home/ubuntu/rocksdb/memtable/skiplistrep.cc,38,"  }",_ZN7rocksdb12_GLOBAL__N_111SkipListRep8AllocateEmPPc,ldr x23  [sp  #0x30]
94.74,69.44 | 30.56 | 0.00 | 0.00,5.26,0.00 | 50.00 | 50.00 | 0.00,0.00,0.00 | 0.00 | 0.00 | 0.00,0.00,0.00 | 0.00 | 0.00 | 0.00,???,0,???,???,???
0.00,0.00 | 0.00 | 0.00 | 0.00,100.00,0.00 | 33.33 | 33.33 | 33.33,0.00,0.00 | 0.00 | 0.00 | 0.00,0.00,0.00 | 0.00 | 0.00 | 0.00,(null),0,(null),(null),(null)
100.00,95.65 | 4.35 | 0.00 | 0.00,0.00,0.00 | 0.00 | 0.00 | 0.00,0.00,0.00 | 0.00 | 0.00 | 0.00,0.00,0.00 | 0.00 | 0.00 | 0.00,/home/ubuntu/rocksdb/memtable/memtablerep_bench.cc,255,"    *bytes_written_ += encoded_len;",_ZN7rocksdb19FillBenchmarkThread7FillOneEv,str x1  [x2]
100.00,77.27 | 22.73 | 0.00 | 0.00,0.00,0.00 | 0.00 | 0.00 | 0.00,0.00,0.00 | 0.00 | 0.00 | 0.00,0.00,0.00 | 0.00 | 0.00 | 0.00,src/hotline/fname_map.c,221,(null),va_to_file_offset,ldr x2  [x4  #8]
100.00,60.87 | 39.13 | 0.00 | 0.00,0.00,0.00 | 0.00 | 0.00 | 0.00,0.00,0.00 | 0.00 | 0.00 | 0.00,0.00,0.00 | 0.00 | 0.00 | 0.00,/home/ubuntu/rocksdb/memtable/memtablerep_bench.cc,241,"        FLAGS_item_size + VarintLength(internal_key_size) + internal_key_size;",_ZN7rocksdb19FillBenchmarkThread7FillOneEv,ldr w21  [x4]
97.92,87.23 | 12.77 | 0.00 | 0.00,2.08,0.00 | 100.00 | 0.00 | 0.00,0.00,0.00 | 0.00 | 0.00 | 0.00,0.00,0.00 | 0.00 | 0.00 | 0.00,/home/ubuntu/rocksdb/memtable/memtablerep_bench.cc,250,"    Slice bytes = generator_.Generate(FLAGS_item_size);",_ZN7rocksdb19FillBenchmarkThread7FillOneEv,ldr x22  [x22  #0xe90]
100.00,43.48 | 56.52 | 0.00 | 0.00,0.00,0.00 | 0.00 | 0.00 | 0.00,0.00,0.00 | 0.00 | 0.00 | 0.00,0.00,0.00 | 0.00 | 0.00 | 0.00,/usr/include/c++/11/bits/atomic_base.h,488,"	return __atomic_load_n(&_M_i, int(__m));",_ZNSt6thread11_State_implINS_8_InvokerISt5tupleIJN7rocksdb29ConcurrentFillBenchmarkThreadEEEEEE6_M_runEv,ldr x0  [x19  #0x68]
100.00,100.00 | 0.00 | 0.00 | 0.00,0.00,0.00 | 0.00 | 0.00 | 0.00,0.00,0.00 | 0.00 | 0.00 | 0.00,0.00,0.00 | 0.00 | 0.00 | 0.00,/home/ubuntu/rocksdb/memory/arena.cc,109,"                             Logger* logger) {",_ZN7rocksdb5Arena15AllocateAlignedEmmPNS_6LoggerE,stp x19  x20  [sp  #0x10]
100.00,75.00 | 25.00 | 0.00 | 0.00,0.00,0.00 | 0.00 | 0.00 | 0.00,0.00,0.00 | 0.00 | 0.00 | 0.00,0.00,0.00 | 0.00 | 0.00 | 0.00,/home/ubuntu/rocksdb/memtable/inlineskiplist.h,840,"  return Insert<false>(key, seq_splice_, false);",_ZN7rocksdb12_GLOBAL__N_111SkipListRep6InsertEPv,ldr x2  [x0  #0x38]
100.00,100.00 | 0.00 | 0.00 | 0.00,0.00,0.00 | 0.00 | 0.00 | 0.00,0.00,0.00 | 0.00 | 0.00 | 0.00,0.00,0.00 | 0.00 | 0.00 | 0.00,/home/ubuntu/rocksdb/util/random.cc,23,"Random* Random::GetTLSInstance() {",_ZN7rocksdb6Random14GetTLSInstanceEv,str x19  [sp  #0x10]
100.00,100.00 | 0.00 | 0.00 | 0.00,0.00,0.00 | 0.00 | 0.00 | 0.00,0.00,0.00 | 0.00 | 0.00 | 0.00,0.00,0.00 | 0.00 | 0.00 | 0.00,/home/ubuntu/rocksdb/memtable/inlineskiplist.h,919,"bool InlineSkipList<Comparator>::Insert(const char* key, Splice* splice,",_ZN7rocksdb14InlineSkipListIRKNS_11MemTableRep13KeyComparatorEE6InsertILb0EEEbPKcPNS5_6SpliceEb,stp x21  x22  [sp  #0x20]
100.00,60.00 | 40.00 | 0.00 | 0.00,0.00,0.00 | 0.00 | 0.00 | 0.00,0.00,0.00 | 0.00 | 0.00 | 0.00,0.00,0.00 | 0.00 | 0.00 | 0.00,/home/ubuntu/rocksdb/memory/arena.cc,143,"}",_ZN7rocksdb5Arena15AllocateAlignedEmmPNS_6LoggerE,ldp x29  x30  [sp]  #0x60
100.00,56.52 | 43.48 | 0.00 | 0.00,0.00,0.00 | 0.00 | 0.00 | 0.00,0.00,0.00 | 0.00 | 0.00 | 0.00,0.00,0.00 | 0.00 | 0.00 | 0.00,/home/ubuntu/rocksdb/memtable/inlineskiplist.h,1077,"      if (UNLIKELY(i == 0 && splice->prev_[i] != head_ &&",_ZN7rocksdb14InlineSkipListIRKNS_11MemTableRep13KeyComparatorEE6InsertILb0EEEbPKcPNS5_6SpliceEb,ldr x1  [x21  #8]
100.00,4.55 | 95.45 | 0.00 | 0.00,0.00,0.00 | 0.00 | 0.00 | 0.00,0.00,0.00 | 0.00 | 0.00 | 0.00,0.00,0.00 | 0.00 | 0.00 | 0.00,/home/ubuntu/rocksdb/util/random.cc,34,"}",_ZN7rocksdb6Random14GetTLSInstanceEv,ldr x3  [sp  #0x28]
100.00,100.00 | 0.00 | 0.00 | 0.00,0.00,0.00 | 0.00 | 0.00 | 0.00,0.00,0.00 | 0.00 | 0.00 | 0.00,0.00,0.00 | 0.00 | 0.00 | 0.00,/usr/include/c++/11/bits/atomic_base.h,796,"	__atomic_store_n(&_M_p, __p, int(__m));",_ZN7rocksdb14InlineSkipListIRKNS_11MemTableRep13KeyComparatorEE6InsertILb0EEEbPKcPNS5_6SpliceEb,str x0  [x2]
100.00,60.87 | 30.43 | 8.70 | 0.00,0.00,0.00 | 0.00 | 0.00 | 0.00,0.00,0.00 | 0.00 | 0.00 | 0.00,0.00,0.00 | 0.00 | 0.00 | 0.00,/home/ubuntu/rocksdb/memtable/memtablerep_bench.cc,248,"    EncodeFixed64(p, ++(*sequence_));",_ZN7rocksdb19FillBenchmarkThread7FillOneEv,ldr x3  [x0]
100.00,31.82 | 68.18 | 0.00 | 0.00,0.00,0.00 | 0.00 | 0.00 | 0.00,0.00,0.00 | 0.00 | 0.00 | 0.00,0.00,0.00 | 0.00 | 0.00 | 0.00,/home/ubuntu/rocksdb/memtable/inlineskiplist.h,799,"  char* raw = allocator_->AllocateAligned(prefix + sizeof(Node) + key_size);",_ZN7rocksdb12_GLOBAL__N_111SkipListRep8AllocateEmPPc,ldr x4  [x4  #0x18]
100.00,100.00 | 0.00 | 0.00 | 0.00,0.00,0.00 | 0.00 | 0.00 | 0.00,0.00,0.00 | 0.00 | 0.00 | 0.00,0.00,0.00 | 0.00 | 0.00 | 0.00,/home/ubuntu/rocksdb/util/random.cc,23,"Random* Random::GetTLSInstance() {",_ZN7rocksdb6Random14GetTLSInstanceEv,stp x29  x30  [sp  #-0x30]!
100.00,97.22 | 2.78 | 0.00 | 0.00,0.00,0.00 | 0.00 | 0.00 | 0.00,0.00,0.00 | 0.00 | 0.00 | 0.00,0.00,0.00 | 0.00 | 0.00 | 0.00,/usr/aarch64-linux-gnu/include/bits/string_fortified.h,29,"  return __builtin___memcpy_chk (__dest, __src, __len,",_ZN7rocksdb12_GLOBAL__N_111SkipListRep8AllocateEmPPc,str w21  [x2  x19]
100.00,95.92 | 4.08 | 0.00 | 0.00,0.00,0.00 | 0.00 | 0.00 | 0.00,0.00,0.00 | 0.00 | 0.00 | 0.00,0.00,0.00 | 0.00 | 0.00 | 0.00,/home/ubuntu/rocksdb/memtable/inlineskiplist.h,919,"bool InlineSkipList<Comparator>::Insert(const char* key, Splice* splice,",_ZN7rocksdb14InlineSkipListIRKNS_11MemTableRep13KeyComparatorEE6InsertILb0EEEbPKcPNS5_6SpliceEb,stp x29  x30  [sp  #-0x80]!
100.00,96.30 | 3.70 | 0.00 | 0.00,0.00,0.00 | 0.00 | 0.00 | 0.00,0.00,0.00 | 0.00 | 0.00 | 0.00,0.00,0.00 | 0.00 | 0.00 | 0.00,(null),0,(null),(null),(null)
100.00,0.00 | 100.00 | 0.00 | 0.00,0.00,0.00 | 0.00 | 0.00 | 0.00,0.00,0.00 | 0.00 | 0.00 | 0.00,0.00,0.00 | 0.00 | 0.00 | 0.00,/home/ubuntu/rocksdb/memtable/memtablerep_bench.cc,242,"    KeyHandle handle = table_->Allocate(encoded_len, &buf);",_ZN7rocksdb19FillBenchmarkThread7FillOneEv,ldr x3  [x3]
100.00,57.69 | 42.31 | 0.00 | 0.00,0.00,0.00 | 0.00 | 0.00 | 0.00,0.00,0.00 | 0.00 | 0.00 | 0.00,0.00,0.00 | 0.00 | 0.00 | 0.00,/home/ubuntu/rocksdb/memtable/inlineskiplist.h,977,"      if (splice->prev_[recompute_height]->Next(recompute_height) !=",_ZN7rocksdb14InlineSkipListIRKNS_11MemTableRep13KeyComparatorEE6InsertILb0EEEbPKcPNS5_6SpliceEb,ldr x0  [x21  #8]
100.00,98.00 | 2.00 | 0.00 | 0.00,0.00,0.00 | 0.00 | 0.00 | 0.00,0.00,0.00 | 0.00 | 0.00 | 0.00,0.00,0.00 | 0.00 | 0.00 | 0.00,(null),0,(null),(null),(null)
100.00,90.62 | 9.38 | 0.00 | 0.00,0.00,0.00 | 0.00 | 0.00 | 0.00,0.00,0.00 | 0.00 | 0.00 | 0.00,0.00,0.00 | 0.00 | 0.00 | 0.00,/home/ubuntu/rocksdb/memtable/inlineskiplist.h,1072,"      if (UNLIKELY(i == 0 && splice->next_[i] != nullptr &&",_ZN7rocksdb14InlineSkipListIRKNS_11MemTableRep13KeyComparatorEE6InsertILb0EEEbPKcPNS5_6SpliceEb,ldr x1  [x21  #0x10]
100.00,52.38 | 47.62 | 0.00 | 0.00,0.00,0.00 | 0.00 | 0.00 | 0.00,0.00,0.00 | 0.00 | 0.00 | 0.00,0.00,0.00 | 0.00 | 0.00 | 0.00,/home/ubuntu/rocksdb/memtable/inlineskiplist.h,922,"  const DecodedKey key_decoded = compare_.decode_key(key);",_ZN7rocksdb14InlineSkipListIRKNS_11MemTableRep13KeyComparatorEE6InsertILb0EEEbPKcPNS5_6SpliceEb,ldr x5  [x0]
100.00,45.00 | 55.00 | 0.00 | 0.00,0.00,0.00 | 0.00 | 0.00 | 0.00,0.00,0.00 | 0.00 | 0.00 | 0.00,0.00,0.00 | 0.00 | 0.00 | 0.00,/home/ubuntu/rocksdb/memtable/inlineskiplist.h,1087,"      x->NoBarrier_SetNext(i, splice->next_[i]);",_ZN7rocksdb14InlineSkipListIRKNS_11MemTableRep13KeyComparatorEE6InsertILb0EEEbPKcPNS5_6SpliceEb,ldr x1  [x21  #0x10]
100.00,80.77 | 15.38 | 3.85 | 0.00,0.00,0.00 | 0.00 | 0.00 | 0.00,0.00,0.00 | 0.00 | 0.00 | 0.00,0.00,0.00 | 0.00 | 0.00 | 0.00,/home/ubuntu/rocksdb/memtable/memtablerep_bench.cc,181,"    switch (mode_) {",_ZN7rocksdb19FillBenchmarkThread7FillOneEv,ldr w0  [x24  #8]
100.00,73.91 | 26.09 | 0.00 | 0.00,0.00,0.00 | 0.00 | 0.00 | 0.00,0.00,0.00 | 0.00 | 0.00 | 0.00,0.00,0.00 | 0.00 | 0.00 | 0.00,/home/ubuntu/rocksdb/memory/arena.cc,135,"    aligned_alloc_ptr_ += needed;",_ZN7rocksdb5Arena15AllocateAlignedEmmPNS_6LoggerE,str x1  [x19  #0x8c8]
100.00,88.00 | 12.00 | 0.00 | 0.00,0.00,0.00 | 0.00 | 0.00 | 0.00,0.00,0.00 | 0.00 | 0.00 | 0.00,0.00,0.00 | 0.00 | 0.00 | 0.00,/home/ubuntu/rocksdb/memtable/inlineskiplist.h,1072,"      if (UNLIKELY(i == 0 && splice->next_[i] != nullptr &&",_ZN7rocksdb14InlineSkipListIRKNS_11MemTableRep13KeyComparatorEE6InsertILb0EEEbPKcPNS5_6SpliceEb,ldr x3  [x0]
100.00,8.70 | 82.61 | 8.70 | 0.00,0.00,0.00 | 0.00 | 0.00 | 0.00,0.00,0.00 | 0.00 | 0.00 | 0.00,0.00,0.00 | 0.00 | 0.00 | 0.00,/home/ubuntu/rocksdb/memtable/memtablerep_bench.cc,256,"  }",_ZN7rocksdb19FillBenchmarkThread7FillOneEv,ldp x29  x30  [sp]  #0x50
92.31,33.33 | 50.00 | 16.67 | 0.00,7.69,0.00 | 100.00 | 0.00 | 0.00,0.00,0.00 | 0.00 | 0.00 | 0.00,0.00,0.00 | 0.00 | 0.00 | 0.00,(null),0,(null),(null),(null)
100.00,100.00 | 0.00 | 0.00 | 0.00,0.00,0.00 | 0.00 | 0.00 | 0.00,0.00,0.00 | 0.00 | 0.00 | 0.00,0.00,0.00 | 0.00 | 0.00 | 0.00,/home/ubuntu/rocksdb/memtable/skiplistrep.cc,35,"  KeyHandle Allocate(const size_t len, char** buf) override {",_ZN7rocksdb12_GLOBAL__N_111SkipListRep8AllocateEmPPc,stp x29  x30  [sp  #-0x40]!
100.00,87.50 | 12.50 | 0.00 | 0.00,0.00,0.00 | 0.00 | 0.00 | 0.00,0.00,0.00 | 0.00 | 0.00 | 0.00,0.00,0.00 | 0.00 | 0.00 | 0.00,/home/ubuntu/rocksdb/memory/arena.cc,143,"}",_ZN7rocksdb5Arena15AllocateAlignedEmmPNS_6LoggerE,ldr x1  [x1  #0xba8]
100.00,100.00 | 0.00 | 0.00 | 0.00,0.00,0.00 | 0.00 | 0.00 | 0.00,0.00,0.00 | 0.00 | 0.00 | 0.00,0.00,0.00 | 0.00 | 0.00 | 0.00,/home/ubuntu/rocksdb/memtable/inlineskiplist.h,898,"      *out_next = next;",_ZN7rocksdb14InlineSkipListIRKNS_11MemTableRep13KeyComparatorEE21RecomputeSpliceLevelsERKNS_5SliceEPNS5_6SpliceEi,str x23  [x0  x24]
100.00,46.67 | 53.33 | 0.00 | 0.00,0.00,0.00 | 0.00 | 0.00 | 0.00,0.00,0.00 | 0.00 | 0.00 | 0.00,0.00,0.00 | 0.00 | 0.00 | 0.00,/home/ubuntu/rocksdb/memtable/memtablerep_bench.cc,254,"    table_->Insert(handle);",_ZN7rocksdb19FillBenchmarkThread7FillOneEv,ldr x2  [x2  #8]
100.00,30.00 | 65.00 | 5.00 | 0.00,0.00,0.00 | 0.00 | 0.00 | 0.00,0.00,0.00 | 0.00 | 0.00 | 0.00,0.00,0.00 | 0.00 | 0.00 | 0.00,/home/ubuntu/rocksdb/memtable/inlineskiplist.h,978,"          splice->next_[recompute_height]) {",_ZN7rocksdb14InlineSkipListIRKNS_11MemTableRep13KeyComparatorEE6InsertILb0EEEbPKcPNS5_6SpliceEb,ldr x1  [x21  #0x10]
100.00,43.48 | 56.52 | 0.00 | 0.00,0.00,0.00 | 0.00 | 0.00 | 0.00,0.00,0.00 | 0.00 | 0.00 | 0.00,0.00,0.00 | 0.00 | 0.00 | 0.00,/usr/include/c++/11/bits/atomic_base.h,488,"	return __atomic_load_n(&_M_i, int(__m));",_ZN7rocksdb14InlineSkipListIRKNS_11MemTableRep13KeyComparatorEE6InsertILb0EEEbPKcPNS5_6SpliceEb,ldr w24  [x22]
100.00,0.00 | 91.67 | 8.33 | 0.00,0.00,0.00 | 0.00 | 0.00 | 0.00,0.00,0.00 | 0.00 | 0.00 | 0.00,0.00,0.00 | 0.00 | 0.00 | 0.00,/home/ubuntu/rocksdb/memtable/memtablerep_bench.cc,256,"  }",_ZN7rocksdb19FillBenchmarkThread7FillOneEv,ldp x23  x24  [sp  #0x30]
100.00,0.00 | 89.47 | 10.53 | 0.00,0.00,0.00 | 0.00 | 0.00 | 0.00,0.00,0.00 | 0.00 | 0.00 | 0.00,0.00,0.00 | 0.00 | 0.00 | 0.00,/home/ubuntu/rocksdb/memtable/memtablerep_bench.cc,256,"  }",_ZN7rocksdb19FillBenchmarkThread7FillOneEv,ldr x0  [x0  #0xe38]
100.00,47.22 | 52.78 | 0.00 | 0.00,0.00,0.00 | 0.00 | 0.00 | 0.00,0.00,0.00 | 0.00 | 0.00 | 0.00,0.00,0.00 | 0.00 | 0.00 | 0.00,/home/ubuntu/rocksdb/memtable/skiplistrep.cc,38,"  }",_ZN7rocksdb12_GLOBAL__N_111SkipListRep8AllocateEmPPc,ldp x19  x20  [sp  #0x10]
100.00,33.33 | 61.90 | 4.76 | 0.00,0.00,0.00 | 0.00 | 0.00 | 0.00,0.00,0.00 | 0.00 | 0.00 | 0.00,0.00,0.00 | 0.00 | 0.00 | 0.00,/home/ubuntu/rocksdb/memtable/inlineskiplist.h,529,"  return (n != nullptr) && (compare_(n->Key(), key) < 0);",_ZN7rocksdb14InlineSkipListIRKNS_11MemTableRep13KeyComparatorEE6InsertILb0EEEbPKcPNS5_6SpliceEb,ldr x0  [x26  #0x10]
100.00,95.65 | 4.35 | 0.00 | 0.00,0.00,0.00 | 0.00 | 0.00 | 0.00,0.00,0.00 | 0.00 | 0.00 | 0.00,0.00,0.00 | 0.00 | 0.00 | 0.00,/home/ubuntu/rocksdb/util/random.cc,27,"  auto rv = tls_instance;",_ZN7rocksdb6Random14GetTLSInstanceEv,ldr x0  [x19  #8]
100.00,100.00 | 0.00 | 0.00 | 0.00,0.00,0.00 | 0.00 | 0.00 | 0.00,0.00,0.00 | 0.00 | 0.00 | 0.00,0.00,0.00 | 0.00 | 0.00 | 0.00,/home/ubuntu/rocksdb/memtable/inlineskiplist.h,1072,"      if (UNLIKELY(i == 0 && splice->next_[i] != nullptr &&",_ZN7rocksdb14InlineSkipListIRKNS_11MemTableRep13KeyComparatorEE6InsertILb0EEEbPKcPNS5_6SpliceEb,ldr x3  [x3  #0x10]
100.00,92.31 | 3.85 | 3.85 | 0.00,0.00,0.00 | 0.00 | 0.00 | 0.00,0.00,0.00 | 0.00 | 0.00 | 0.00,0.00,0.00 | 0.00 | 0.00 | 0.00,/home/ubuntu/rocksdb/util/random.h,157,"  uint64_t Next() { return generator_(); }",_ZN7rocksdb19FillBenchmarkThread7FillOneEv,ldr x0  [x24]
100.00,82.61 | 17.39 | 0.00 | 0.00,0.00,0.00 | 0.00 | 0.00 | 0.00,0.00,0.00 | 0.00 | 0.00 | 0.00,0.00,0.00 | 0.00 | 0.00 | 0.00,/home/ubuntu/rocksdb/memtable/memtablerep_bench.cc,242,"    KeyHandle handle = table_->Allocate(encoded_len, &buf);",_ZN7rocksdb19FillBenchmarkThread7FillOneEv,ldr x0  [x0  #8]
100.00,95.24 | 4.76 | 0.00 | 0.00,0.00,0.00 | 0.00 | 0.00 | 0.00,0.00,0.00 | 0.00 | 0.00 | 0.00,0.00,0.00 | 0.00 | 0.00 | 0.00,/home/ubuntu/rocksdb/memtable/inlineskiplist.h,1072,"      if (UNLIKELY(i == 0 && splice->next_[i] != nullptr &&",_ZN7rocksdb14InlineSkipListIRKNS_11MemTableRep13KeyComparatorEE6InsertILb0EEEbPKcPNS5_6SpliceEb,ldr x1  [x1]
100.00,100.00 | 0.00 | 0.00 | 0.00,0.00,0.00 | 0.00 | 0.00 | 0.00,0.00,0.00 | 0.00 | 0.00 | 0.00,0.00,0.00 | 0.00 | 0.00 | 0.00,/home/ubuntu/rocksdb/memtable/memtablerep_bench.cc,237,"  void FillOne() {",_ZN7rocksdb19FillBenchmarkThread7FillOneEv,stp x21  x22  [sp  #0x20]
100.00,40.00 | 60.00 | 0.00 | 0.00,0.00,0.00 | 0.00 | 0.00 | 0.00,0.00,0.00 | 0.00 | 0.00 | 0.00,0.00,0.00 | 0.00 | 0.00 | 0.00,/home/ubuntu/rocksdb/memtable/memtablerep_bench.cc,256,"  }",_ZN7rocksdb19FillBenchmarkThread7FillOneEv,ldr x1  [x0]
100.00,25.00 | 66.67 | 8.33 | 0.00,0.00,0.00 | 0.00 | 0.00 | 0.00,0.00,0.00 | 0.00 | 0.00 | 0.00,0.00,0.00 | 0.00 | 0.00 | 0.00,/home/ubuntu/rocksdb/memtable/inlineskiplist.h,1115,"}",_ZN7rocksdb14InlineSkipListIRKNS_11MemTableRep13KeyComparatorEE6InsertILb0EEEbPKcPNS5_6SpliceEb,ldp x25  x26  [sp  #0x40]
100.00,100.00 | 0.00 | 0.00 | 0.00,0.00,0.00 | 0.00 | 0.00 | 0.00,0.00,0.00 | 0.00 | 0.00 | 0.00,0.00,0.00 | 0.00 | 0.00 | 0.00,/home/ubuntu/rocksdb/memory/arena.cc,109,"                             Logger* logger) {",_ZN7rocksdb5Arena15AllocateAlignedEmmPNS_6LoggerE,str x6  [sp  #0x58]
100.00,100.00 | 0.00 | 0.00 | 0.00,0.00,0.00 | 0.00 | 0.00 | 0.00,0.00,0.00 | 0.00 | 0.00 | 0.00,0.00,0.00 | 0.00 | 0.00 | 0.00,/home/ubuntu/rocksdb/memtable/memtablerep_bench.cc,237,"  void FillOne() {",_ZN7rocksdb19FillBenchmarkThread7FillOneEv,str x5  [sp  #0x48]
100.00,100.00 | 0.00 | 0.00 | 0.00,0.00,0.00 | 0.00 | 0.00 | 0.00,0.00,0.00 | 0.00 | 0.00 | 0.00,0.00,0.00 | 0.00 | 0.00 | 0.00,/home/ubuntu/rocksdb/memtable/skiplistrep.cc,35,"  KeyHandle Allocate(const size_t len, char** buf) override {",_ZN7rocksdb12_GLOBAL__N_111SkipListRep8AllocateEmPPc,stp x21  x22  [sp  #0x20]
100.00,100.00 | 0.00 | 0.00 | 0.00,0.00,0.00 | 0.00 | 0.00 | 0.00,0.00,0.00 | 0.00 | 0.00 | 0.00,0.00,0.00 | 0.00 | 0.00 | 0.00,/home/ubuntu/rocksdb/memtable/inlineskiplist.h,919,"bool InlineSkipList<Comparator>::Insert(const char* key, Splice* splice,",_ZN7rocksdb14InlineSkipListIRKNS_11MemTableRep13KeyComparatorEE6InsertILb0EEEbPKcPNS5_6SpliceEb,stp x23  x24  [sp  #0x30]
100.00,95.00 | 5.00 | 0.00 | 0.00,0.00,0.00 | 0.00 | 0.00 | 0.00,0.00,0.00 | 0.00 | 0.00 | 0.00,0.00,0.00 | 0.00 | 0.00 | 0.00,/home/ubuntu/rocksdb/memtable/memtablerep_bench.cc,324,"      *bytes_read_ += VarintLength(16) + 16 + FLAGS_item_size;",_ZN7rocksdb19ReadBenchmarkThread7ReadOneEv,str x0  [x2]
100.00,100.00 | 0.00 | 0.00 | 0.00,0.00,0.00 | 0.00 | 0.00 | 0.00,0.00,0.00 | 0.00 | 0.00 | 0.00,0.00,0.00 | 0.00 | 0.00 | 0.00,/home/ubuntu/rocksdb/memtable/inlineskiplist.h,919,"bool InlineSkipList<Comparator>::Insert(const char* key, Splice* splice,",_ZN7rocksdb14InlineSkipListIRKNS_11MemTableRep13KeyComparatorEE6InsertILb0EEEbPKcPNS5_6SpliceEb,stp x19  x20  [sp  #0x10]
100.00,89.19 | 10.81 | 0.00 | 0.00,0.00,0.00 | 0.00 | 0.00 | 0.00,0.00,0.00 | 0.00 | 0.00 | 0.00,0.00,0.00 | 0.00 | 0.00 | 0.00,/home/ubuntu/rocksdb/memtable/inlineskiplist.h,897,"      *out_prev = before;",_ZN7rocksdb14InlineSkipListIRKNS_11MemTableRep13KeyComparatorEE21RecomputeSpliceLevelsERKNS_5SliceEPNS5_6SpliceEi,ldr x0  [sp  #0x68]
100.00,5.26 | 94.74 | 0.00 | 0.00,0.00,0.00 | 0.00 | 0.00 | 0.00,0.00,0.00 | 0.00 | 0.00 | 0.00,0.00,0.00 | 0.00 | 0.00 | 0.00,/home/ubuntu/rocksdb/memtable/memtablerep_bench.cc,324,"      *bytes_read_ += VarintLength(16) + 16 + FLAGS_item_size;",_ZN7rocksdb19ReadBenchmarkThread7ReadOneEv,ldr x2  [x19  #0x20]
100.00,24.00 | 76.00 | 0.00 | 0.00,0.00,0.00 | 0.00 | 0.00 | 0.00,0.00,0.00 | 0.00 | 0.00 | 0.00,0.00,0.00 | 0.00 | 0.00 | 0.00,/home/ubuntu/rocksdb/memory/arena.cc,143,"}",_ZN7rocksdb5Arena15AllocateAlignedEmmPNS_6LoggerE,ldr x3  [sp  #0x58]
100.00,100.00 | 0.00 | 0.00 | 0.00,0.00,0.00 | 0.00 | 0.00 | 0.00,0.00,0.00 | 0.00 | 0.00 | 0.00,0.00,0.00 | 0.00 | 0.00 | 0.00,/home/ubuntu/rocksdb/memtable/inlineskiplist.h,792,"  auto prefix = sizeof(std::atomic<Node*>) * (height - 1);",_ZN7rocksdb12_GLOBAL__N_111SkipListRep8AllocateEmPPc,str w3  [x0]
100.00,73.68 | 26.32 | 0.00 | 0.00,0.00,0.00 | 0.00 | 0.00 | 0.00,0.00,0.00 | 0.00 | 0.00 | 0.00,0.00,0.00 | 0.00 | 0.00 | 0.00,/home/ubuntu/rocksdb/memtable/memtablerep_bench.cc,237,"  void FillOne() {",_ZN7rocksdb19FillBenchmarkThread7FillOneEv,ldr x5  [x1]
100.00,100.00 | 0.00 | 0.00 | 0.00,0.00,0.00 | 0.00 | 0.00 | 0.00,0.00,0.00 | 0.00 | 0.00 | 0.00,0.00,0.00 | 0.00 | 0.00 | 0.00,/home/ubuntu/rocksdb/util/random.cc,34,"}",_ZN7rocksdb6Random14GetTLSInstanceEv,ldr x1  [x1  #0xba8]
100.00,36.36 | 63.64 | 0.00 | 0.00,0.00,0.00 | 0.00 | 0.00 | 0.00,0.00,0.00 | 0.00 | 0.00 | 0.00,0.00,0.00 | 0.00 | 0.00 | 0.00,/home/ubuntu/rocksdb/memtable/inlineskiplist.h,911,"  for (int i = recompute_level - 1; i >= 0; --i) {",_ZN7rocksdb14InlineSkipListIRKNS_11MemTableRep13KeyComparatorEE21RecomputeSpliceLevelsERKNS_5SliceEPNS5_6SpliceEi,ldp x23  x24  [sp  #0x30]
100.00,92.31 | 7.69 | 0.00 | 0.00,0.00,0.00 | 0.00 | 0.00 | 0.00,0.00,0.00 | 0.00 | 0.00 | 0.00,0.00,0.00 | 0.00 | 0.00 | 0.00,???,0,???,???,???
100.00,85.29 | 14.71 | 0.00 | 0.00,0.00,0.00 | 0.00 | 0.00 | 0.00,0.00,0.00 | 0.00 | 0.00 | 0.00,0.00,0.00 | 0.00 | 0.00 | 0.00,/home/ubuntu/rocksdb/memtable/inlineskiplist.h,898,"      *out_next = next;",_ZN7rocksdb14InlineSkipListIRKNS_11MemTableRep13KeyComparatorEE21RecomputeSpliceLevelsERKNS_5SliceEPNS5_6SpliceEi,ldr x0  [sp  #0x70]
100.00,8.33 | 87.50 | 4.17 | 0.00,0.00,0.00 | 0.00 | 0.00 | 0.00,0.00,0.00 | 0.00 | 0.00 | 0.00,0.00,0.00 | 0.00 | 0.00 | 0.00,/home/ubuntu/rocksdb/memtable/memtablerep_bench.cc,256,"  }",_ZN7rocksdb19FillBenchmarkThread7FillOneEv,ldp x21  x22  [sp  #0x20]
84.21,6.25 | 93.75 | 0.00 | 0.00,15.79,0.00 | 66.67 | 33.33 | 0.00,0.00,0.00 | 0.00 | 0.00 | 0.00,0.00,0.00 | 0.00 | 0.00 | 0.00,/home/ubuntu/rocksdb/memtable/memtablerep_bench.cc,325,"      ++*read_hits_;",_ZN7rocksdb19ReadBenchmarkThread7ReadOneEv,ldr x1  [x19  #0x38]
100.00,48.00 | 48.00 | 4.00 | 0.00,0.00,0.00 | 0.00 | 0.00 | 0.00,0.00,0.00 | 0.00 | 0.00 | 0.00,0.00,0.00 | 0.00 | 0.00 | 0.00,/home/ubuntu/rocksdb/memory/arena.cc,129,"      reinterpret_cast<uintptr_t>(aligned_alloc_ptr_) & (kAlignUnit - 1);",_ZN7rocksdb5Arena15AllocateAlignedEmmPNS_6LoggerE,ldr x0  [x19  #0x8c8]
100.00,50.00 | 42.31 | 7.69 | 0.00,0.00,0.00 | 0.00 | 0.00 | 0.00,0.00,0.00 | 0.00 | 0.00 | 0.00,0.00,0.00 | 0.00 | 0.00 | 0.00,/home/ubuntu/rocksdb/memory/arena.cc,133,"  if (needed <= alloc_bytes_remaining_) {",_ZN7rocksdb5Arena15AllocateAlignedEmmPNS_6LoggerE,ldr x2  [x19  #0x8d0]
100.00,20.83 | 75.00 | 4.17 | 0.00,0.00,0.00 | 0.00 | 0.00 | 0.00,0.00,0.00 | 0.00 | 0.00 | 0.00,0.00,0.00 | 0.00 | 0.00 | 0.00,/home/ubuntu/rocksdb/memtable/inlineskiplist.h,1115,"}",_ZN7rocksdb14InlineSkipListIRKNS_11MemTableRep13KeyComparatorEE6InsertILb0EEEbPKcPNS5_6SpliceEb,ldp x21  x22  [sp  #0x20]
100.00,61.11 | 38.89 | 0.00 | 0.00,0.00,0.00 | 0.00 | 0.00 | 0.00,0.00,0.00 | 0.00 | 0.00 | 0.00,0.00,0.00 | 0.00 | 0.00 | 0.00,/home/ubuntu/rocksdb/db/dbformat.h,1117,"        DecodeFixed64(bkey.data() + bkey.size() - kNumInternalBytes) >> 8;",_ZNK7rocksdb8MemTable13KeyComparatorclEPKcRKNS_5SliceE,ldur x0  [x0  #-8]
100.00,51.85 | 48.15 | 0.00 | 0.00,0.00,0.00 | 0.00 | 0.00 | 0.00,0.00,0.00 | 0.00 | 0.00 | 0.00,0.00,0.00 | 0.00 | 0.00 | 0.00,/home/ubuntu/rocksdb/memtable/inlineskiplist.h,1115,"}",_ZN7rocksdb14InlineSkipListIRKNS_11MemTableRep13KeyComparatorEE6InsertILb0EEEbPKcPNS5_6SpliceEb,ldr x1  [x1  #0xba8]
100.00,100.00 | 0.00 | 0.00 | 0.00,0.00,0.00 | 0.00 | 0.00 | 0.00,0.00,0.00 | 0.00 | 0.00 | 0.00,0.00,0.00 | 0.00 | 0.00 | 0.00,/home/ubuntu/rocksdb/util/coding.h,335,"  return Slice(p, len);",_ZN7rocksdb14InlineSkipListIRKNS_11MemTableRep13KeyComparatorEE6InsertILb0EEEbPKcPNS5_6SpliceEb,stp x0  x1  [sp  #0x68]
100.00,93.75 | 6.25 | 0.00 | 0.00,0.00,0.00 | 0.00 | 0.00 | 0.00,0.00,0.00 | 0.00 | 0.00 | 0.00,0.00,0.00 | 0.00 | 0.00 | 0.00,/home/ubuntu/rocksdb/memtable/memtablerep_bench.cc,324,"      *bytes_read_ += VarintLength(16) + 16 + FLAGS_item_size;",_ZN7rocksdb19ReadBenchmarkThread7ReadOneEv,str x0  [x2]
100.00,78.95 | 21.05 | 0.00 | 0.00,0.00,0.00 | 0.00 | 0.00 | 0.00,0.00,0.00 | 0.00 | 0.00 | 0.00,0.00,0.00 | 0.00 | 0.00 | 0.00,/home/ubuntu/rocksdb/memtable/inlineskiplist.h,529,"  return (n != nullptr) && (compare_(n->Key(), key) < 0);",_ZN7rocksdb14InlineSkipListIRKNS_11MemTableRep13KeyComparatorEE6InsertILb0EEEbPKcPNS5_6SpliceEb,ldr x3  [x3  #0x10]
100.00,55.00 | 45.00 | 0.00 | 0.00,0.00,0.00 | 0.00 | 0.00 | 0.00,0.00,0.00 | 0.00 | 0.00 | 0.00,0.00,0.00 | 0.00 | 0.00 | 0.00,/home/ubuntu/rocksdb/memtable/inlineskiplist.h,939,"  if (splice->height_ < max_height) {",_ZN7rocksdb14InlineSkipListIRKNS_11MemTableRep13KeyComparatorEE6InsertILb0EEEbPKcPNS5_6SpliceEb,ldr w0  [x21]
100.00,43.75 | 56.25 | 0.00 | 0.00,0.00,0.00 | 0.00 | 0.00 | 0.00,0.00,0.00 | 0.00 | 0.00 | 0.00,0.00,0.00 | 0.00 | 0.00 | 0.00,/home/ubuntu/rocksdb/memtable/inlineskiplist.h,919,"bool InlineSkipList<Comparator>::Insert(const char* key, Splice* splice,",_ZN7rocksdb14InlineSkipListIRKNS_11MemTableRep13KeyComparatorEE6InsertILb0EEEbPKcPNS5_6SpliceEb,ldr x6  [x5]
100.00,73.68 | 26.32 | 0.00 | 0.00,0.00,0.00 | 0.00 | 0.00 | 0.00,0.00,0.00 | 0.00 | 0.00 | 0.00,0.00,0.00 | 0.00 | 0.00 | 0.00,/home/ubuntu/rocksdb/memtable/inlineskiplist.h,1077,"      if (UNLIKELY(i == 0 && splice->prev_[i] != head_ &&",_ZN7rocksdb14InlineSkipListIRKNS_11MemTableRep13KeyComparatorEE6InsertILb0EEEbPKcPNS5_6SpliceEb,ldr x3  [x0]
100.00,70.97 | 29.03 | 0.00 | 0.00,0.00,0.00 | 0.00 | 0.00 | 0.00,0.00,0.00 | 0.00 | 0.00 | 0.00,0.00,0.00 | 0.00 | 0.00 | 0.00,/home/ubuntu/rocksdb/memtable/inlineskiplist.h,529,"  return (n != nullptr) && (compare_(n->Key(), key) < 0);",_ZN7rocksdb14InlineSkipListIRKNS_11MemTableRep13KeyComparatorEE6InsertILb0EEEbPKcPNS5_6SpliceEb,ldr x0  [x26  #0x10]
100.00,10.00 | 90.00 | 0.00 | 0.00,0.00,0.00 | 0.00 | 0.00 | 0.00,0.00,0.00 | 0.00 | 0.00 | 0.00,0.00,0.00 | 0.00 | 0.00 | 0.00,/home/ubuntu/rocksdb/memtable/memtablerep_bench.cc,243,"    assert(buf != nullptr);",_ZN7rocksdb19FillBenchmarkThread7FillOneEv,ldr x1  [sp  #0x40]
100.00,55.00 | 45.00 | 0.00 | 0.00,0.00,0.00 | 0.00 | 0.00 | 0.00,0.00,0.00 | 0.00 | 0.00 | 0.00,0.00,0.00 | 0.00 | 0.00 | 0.00,/home/ubuntu/rocksdb/util/coding.h,335,"  return Slice(p, len);",_ZN7rocksdb14InlineSkipListIRKNS_11MemTableRep13KeyComparatorEE6InsertILb0EEEbPKcPNS5_6SpliceEb,ldur w25  [x19  #-8]
100.00,86.36 | 9.09 | 4.55 | 0.00,0.00,0.00 | 0.00 | 0.00 | 0.00,0.00,0.00 | 0.00 | 0.00 | 0.00,0.00,0.00 | 0.00 | 0.00 | 0.00,/home/ubuntu/rocksdb/memtable/memtablerep_bench.cc,253,"    assert(p == buf + encoded_len);",_ZN7rocksdb19FillBenchmarkThread7FillOneEv,ldr x0  [sp  #0x40]
100.00,5.26 | 89.47 | 5.26 | 0.00,0.00,0.00 | 0.00 | 0.00 | 0.00,0.00,0.00 | 0.00 | 0.00 | 0.00,0.00,0.00 | 0.00 | 0.00 | 0.00,/home/ubuntu/rocksdb/memtable/inlineskiplist.h,1115,"}",_ZN7rocksdb14InlineSkipListIRKNS_11MemTableRep13KeyComparatorEE6InsertILb0EEEbPKcPNS5_6SpliceEb,ldp x29  x30  [sp]  #0x80
100.00,82.61 | 17.39 | 0.00 | 0.00,0.00,0.00 | 0.00 | 0.00 | 0.00,0.00,0.00 | 0.00 | 0.00 | 0.00,0.00,0.00 | 0.00 | 0.00 | 0.00,/home/ubuntu/rocksdb/memtable/memtablerep_bench.cc,250,"    Slice bytes = generator_.Generate(FLAGS_item_size);",_ZN7rocksdb19FillBenchmarkThread7FillOneEv,ldr w2  [x22]
75.00,100.00 | 0.00 | 0.00 | 0.00,25.00,0.00 | 100.00 | 0.00 | 0.00,0.00,0.00 | 0.00 | 0.00 | 0.00,0.00,0.00 | 0.00 | 0.00 | 0.00,(null),0,(null),(null),(null)
95.83,34.78 | 65.22 | 0.00 | 0.00,4.17,0.00 | 100.00 | 0.00 | 0.00,0.00,0.00 | 0.00 | 0.00 | 0.00,0.00,0.00 | 0.00 | 0.00 | 0.00,/home/ubuntu/rocksdb/db/dbformat.h,1115,"        DecodeFixed64(akey.data() + akey.size() - kNumInternalBytes) >> 8;",_ZNK7rocksdb8MemTable13KeyComparatorclEPKcRKNS_5SliceE,ldr x1  [x21  x19]
100.00,93.75 | 6.25 | 0.00 | 0.00,0.00,0.00 | 0.00 | 0.00 | 0.00,0.00,0.00 | 0.00 | 0.00 | 0.00,0.00,0.00 | 0.00 | 0.00 | 0.00,/home/ubuntu/rocksdb/memtable/memtablerep_bench.cc,325,"      ++*read_hits_;",_ZN7rocksdb19ReadBenchmarkThread7ReadOneEv,str x0  [x1]
100.00,100.00 | 0.00 | 0.00 | 0.00,0.00,0.00 | 0.00 | 0.00 | 0.00,0.00,0.00 | 0.00 | 0.00 | 0.00,0.00,0.00 | 0.00 | 0.00 | 0.00,/home/ubuntu/rocksdb/memtable/skiplistrep.cc,35,"  KeyHandle Allocate(const size_t len, char** buf) override {",_ZN7rocksdb12_GLOBAL__N_111SkipListRep8AllocateEmPPc,stp x19  x20  [sp  #0x10]
100.00,22.73 | 72.73 | 4.55 | 0.00,0.00,0.00 | 0.00 | 0.00 | 0.00,0.00,0.00 | 0.00 | 0.00 | 0.00,0.00,0.00 | 0.00 | 0.00 | 0.00,/home/ubuntu/rocksdb/memtable/memtablerep_bench.cc,237,"  void FillOne() {",_ZN7rocksdb19FillBenchmarkThread7FillOneEv,ldr x1  [x1  #0xe38]
100.00,100.00 | 0.00 | 0.00 | 0.00,0.00,0.00 | 0.00 | 0.00 | 0.00,0.00,0.00 | 0.00 | 0.00 | 0.00,0.00,0.00 | 0.00 | 0.00 | 0.00,/home/ubuntu/rocksdb/memtable/inlineskiplist.h,906,"void InlineSkipList<Comparator>::RecomputeSpliceLevels(const DecodedKey& key,",_ZN7rocksdb14InlineSkipListIRKNS_11MemTableRep13KeyComparatorEE21RecomputeSpliceLevelsERKNS_5SliceEPNS5_6SpliceEi,stp x29  x30  [sp  #-0x80]!
100.00,71.43 | 28.57 | 0.00 | 0.00,0.00,0.00 | 0.00 | 0.00 | 0.00,0.00,0.00 | 0.00 | 0.00 | 0.00,0.00,0.00 | 0.00 | 0.00 | 0.00,/home/ubuntu/rocksdb/memtable/inlineskiplist.h,922,"  const DecodedKey key_decoded = compare_.decode_key(key);",_ZN7rocksdb14InlineSkipListIRKNS_11MemTableRep13KeyComparatorEE6InsertILb0EEEbPKcPNS5_6SpliceEb,ldr x0  [x0  #0x10]
100.00,9.52 | 90.48 | 0.00 | 0.00,0.00,0.00 | 0.00 | 0.00 | 0.00,0.00,0.00 | 0.00 | 0.00 | 0.00,0.00,0.00 | 0.00 | 0.00 | 0.00,???,0,???,???,???
100.00,100.00 | 0.00 | 0.00 | 0.00,0.00,0.00 | 0.00 | 0.00 | 0.00,0.00,0.00 | 0.00 | 0.00 | 0.00,0.00,0.00 | 0.00 | 0.00 | 0.00,/home/ubuntu/rocksdb/memory/arena.cc,109,"                             Logger* logger) {",_ZN7rocksdb5Arena15AllocateAlignedEmmPNS_6LoggerE,stp x29  x30  [sp  #-0x60]!
100.00,83.33 | 16.67 | 0.00 | 0.00,0.00,0.00 | 0.00 | 0.00 | 0.00,0.00,0.00 | 0.00 | 0.00 | 0.00,0.00,0.00 | 0.00 | 0.00 | 0.00,/home/ubuntu/rocksdb/util/random.cc,34,"}",_ZN7rocksdb6Random14GetTLSInstanceEv,ldp x29  x30  [sp]  #0x30
100.00,100.00 | 0.00 | 0.00 | 0.00,0.00,0.00 | 0.00 | 0.00 | 0.00,0.00,0.00 | 0.00 | 0.00 | 0.00,0.00,0.00 | 0.00 | 0.00 | 0.00,/usr/aarch64-linux-gnu/include/bits/string_fortified.h,29,"  return __builtin___memcpy_chk (__dest, __src, __len,",_ZN7rocksdb19FillBenchmarkThread7FillOneEv,str x3  [x20  #8]
100.00,100.00 | 0.00 | 0.00 | 0.00,0.00,0.00 | 0.00 | 0.00 | 0.00,0.00,0.00 | 0.00 | 0.00 | 0.00,0.00,0.00 | 0.00 | 0.00 | 0.00,/home/ubuntu/rocksdb/util/random.cc,34,"}",_ZN7rocksdb6Random14GetTLSInstanceEv,ldr x2  [x1]
88.24,6.67 | 93.33 | 0.00 | 0.00,11.76,0.00 | 50.00 | 50.00 | 0.00,0.00,0.00 | 0.00 | 0.00 | 0.00,0.00,0.00 | 0.00 | 0.00 | 0.00,/home/ubuntu/rocksdb/memtable/memtablerep_bench.cc,325,"      ++*read_hits_;",_ZN7rocksdb19ReadBenchmarkThread7ReadOneEv,ldr x1  [x19  #0x38]
100.00,100.00 | 0.00 | 0.00 | 0.00,0.00,0.00 | 0.00 | 0.00 | 0.00,0.00,0.00 | 0.00 | 0.00 | 0.00,0.00,0.00 | 0.00 | 0.00 | 0.00,/home/ubuntu/rocksdb/memtable/memtablerep_bench.cc,237,"  void FillOne() {",_ZN7rocksdb19FillBenchmarkThread7FillOneEv,stp x19  x20  [sp  #0x10]
100.00,100.00 | 0.00 | 0.00 | 0.00,0.00,0.00 | 0.00 | 0.00 | 0.00,0.00,0.00 | 0.00 | 0.00 | 0.00,0.00,0.00 | 0.00 | 0.00 | 0.00,/home/ubuntu/rocksdb/util/random.cc,23,"Random* Random::GetTLSInstance() {",_ZN7rocksdb6Random14GetTLSInstanceEv,str x2  [sp  #0x28]
100.00,84.62 | 7.69 | 7.69 | 0.00,0.00,0.00 | 0.00 | 0.00 | 0.00,0.00,0.00 | 0.00 | 0.00 | 0.00,0.00,0.00 | 0.00 | 0.00 | 0.00,/home/ubuntu/rocksdb/memtable/memtablerep_bench.cc,325,"      ++*read_hits_;",_ZN7rocksdb19ReadBenchmarkThread7ReadOneEv,str x0  [x1]
100.00,94.74 | 5.26 | 0.00 | 0.00,0.00,0.00 | 0.00 | 0.00 | 0.00,0.00,0.00 | 0.00 | 0.00 | 0.00,0.00,0.00 | 0.00 | 0.00 | 0.00,/home/ubuntu/rocksdb/memtable/inlineskiplist.h,505,"  while (height < kMaxHeight_ && height < kMaxPossibleHeight &&",_ZN7rocksdb12_GLOBAL__N_111SkipListRep8AllocateEmPPc,ldr w3  [x0]
100.00,0.00 | 50.00 | 0.00 | 50.00,0.00,0.00 | 0.00 | 0.00 | 0.00,0.00,0.00 | 0.00 | 0.00 | 0.00,0.00,0.00 | 0.00 | 0.00 | 0.00,src/hotline/lat_map.c,87,(null),parse_and_insert_lat_entry,ldp x4  x5  [x0]
100.00,62.96 | 37.04 | 0.00 | 0.00,0.00,0.00 | 0.00 | 0.00 | 0.00,0.00,0.00 | 0.00 | 0.00 | 0.00,0.00,0.00 | 0.00 | 0.00 | 0.00,/home/ubuntu/rocksdb/memory/arena.cc,143,"}",_ZN7rocksdb5Arena15AllocateAlignedEmmPNS_6LoggerE,ldp x19  x20  [sp  #0x10]
100.00,47.06 | 52.94 | 0.00 | 0.00,0.00,0.00 | 0.00 | 0.00 | 0.00,0.00,0.00 | 0.00 | 0.00 | 0.00,0.00,0.00 | 0.00 | 0.00 | 0.00,/home/ubuntu/rocksdb/memtable/inlineskiplist.h,989,"      } else if (splice->prev_[recompute_height] != head_ &&",_ZN7rocksdb14InlineSkipListIRKNS_11MemTableRep13KeyComparatorEE6InsertILb0EEEbPKcPNS5_6SpliceEb,ldr x1  [x21  #8]
100.00,7.69 | 92.31 | 0.00 | 0.00,0.00,0.00 | 0.00 | 0.00 | 0.00,0.00,0.00 | 0.00 | 0.00 | 0.00,0.00,0.00 | 0.00 | 0.00 | 0.00,/home/ubuntu/rocksdb/memtable/inlineskiplist.h,922,"  const DecodedKey key_decoded = compare_.decode_key(key);",_ZN7rocksdb14InlineSkipListIRKNS_11MemTableRep13KeyComparatorEE6InsertILb0EEEbPKcPNS5_6SpliceEb,ldr x4  [x4  #0x970]
100.00,84.62 | 15.38 | 0.00 | 0.00,0.00,0.00 | 0.00 | 0.00 | 0.00,0.00,0.00 | 0.00 | 0.00 | 0.00,0.00,0.00 | 0.00 | 0.00 | 0.00,/home/ubuntu/rocksdb/memtable/inlineskiplist.h,1077,"      if (UNLIKELY(i == 0 && splice->prev_[i] != head_ &&",_ZN7rocksdb14InlineSkipListIRKNS_11MemTableRep13KeyComparatorEE6InsertILb0EEEbPKcPNS5_6SpliceEb,ldr x3  [x3  #0x10]
92.31,75.00 | 25.00 | 0.00 | 0.00,7.69,0.00 | 0.00 | 100.00 | 0.00,0.00,0.00 | 0.00 | 0.00 | 0.00,0.00,0.00 | 0.00 | 0.00 | 0.00,src/hotline/fname_map.c,221,(null),va_to_file_offset,ldr x5  [x4]
92.31,0.00 | 100.00 | 0.00 | 0.00,7.69,0.00 | 0.00 | 100.00 | 0.00,0.00,0.00 | 0.00 | 0.00 | 0.00,0.00,0.00 | 0.00 | 0.00 | 0.00,/home/ubuntu/rocksdb/memtable/memtablerep_bench.cc,324,"      *bytes_read_ += VarintLength(16) + 16 + FLAGS_item_size;",_ZN7rocksdb19ReadBenchmarkThread7ReadOneEv,ldr w0  [x0]
100.00,77.78 | 22.22 | 0.00 | 0.00,0.00,0.00 | 0.00 | 0.00 | 0.00,0.00,0.00 | 0.00 | 0.00 | 0.00,0.00,0.00 | 0.00 | 0.00 | 0.00,/home/ubuntu/rocksdb/util/coding.h,108,"    uint32_t result = *(reinterpret_cast<const unsigned char*>(p));",_ZN7rocksdb14InlineSkipListIRKNS_11MemTableRep13KeyComparatorEE6InsertILb0EEEbPKcPNS5_6SpliceEb,ldrb w0  [x1]
100.00,100.00 | 0.00 | 0.00 | 0.00,0.00,0.00 | 0.00 | 0.00 | 0.00,0.00,0.00 | 0.00 | 0.00 | 0.00,0.00,0.00 | 0.00 | 0.00 | 0.00,/home/ubuntu/rocksdb/memtable/memtablerep_bench.cc,242,"    KeyHandle handle = table_->Allocate(encoded_len, &buf);",_ZN7rocksdb19FillBenchmarkThread7FillOneEv,ldr x3  [x0]
100.00,50.00 | 50.00 | 0.00 | 0.00,0.00,0.00 | 0.00 | 0.00 | 0.00,0.00,0.00 | 0.00 | 0.00 | 0.00,0.00,0.00 | 0.00 | 0.00 | 0.00,/home/ubuntu/rocksdb/memtable/memtablerep_bench.cc,255,"    *bytes_written_ += encoded_len;",_ZN7rocksdb19FillBenchmarkThread7FillOneEv,ldr x2  [x19  #0x18]
100.00,50.00 | 50.00 | 0.00 | 0.00,0.00,0.00 | 0.00 | 0.00 | 0.00,0.00,0.00 | 0.00 | 0.00 | 0.00,0.00,0.00 | 0.00 | 0.00 | 0.00,/home/ubuntu/rocksdb/memtable/inlineskiplist.h,1093,"      splice->prev_[i] = x;",_ZN7rocksdb14InlineSkipListIRKNS_11MemTableRep13KeyComparatorEE6InsertILb0EEEbPKcPNS5_6SpliceEb,ldr x1  [x21  #8]
100.00,52.63 | 42.11 | 5.26 | 0.00,0.00,0.00 | 0.00 | 0.00 | 0.00,0.00,0.00 | 0.00 | 0.00 | 0.00,0.00,0.00 | 0.00 | 0.00 | 0.00,/home/ubuntu/rocksdb/memtable/inlineskiplist.h,989,"      } else if (splice->prev_[recompute_height] != head_ &&",_ZN7rocksdb14InlineSkipListIRKNS_11MemTableRep13KeyComparatorEE6InsertILb0EEEbPKcPNS5_6SpliceEb,ldr x0  [x26  #0x18]
100.00,96.00 | 4.00 | 0.00 | 0.00,0.00,0.00 | 0.00 | 0.00 | 0.00,0.00,0.00 | 0.00 | 0.00 | 0.00,0.00,0.00 | 0.00 | 0.00 | 0.00,???,0,???,???,???
100.00,100.00 | 0.00 | 0.00 | 0.00,0.00,0.00 | 0.00 | 0.00 | 0.00,0.00,0.00 | 0.00 | 0.00 | 0.00,0.00,0.00 | 0.00 | 0.00 | 0.00,/home/ubuntu/rocksdb/memtable/inlineskiplist.h,919,"bool InlineSkipList<Comparator>::Insert(const char* key, Splice* splice,",_ZN7rocksdb14InlineSkipListIRKNS_11MemTableRep13KeyComparatorEE6InsertILb0EEEbPKcPNS5_6SpliceEb,stp x19  x20  [sp  #0x10]
100.00,100.00 | 0.00 | 0.00 | 0.00,0.00,0.00 | 0.00 | 0.00 | 0.00,0.00,0.00 | 0.00 | 0.00 | 0.00,0.00,0.00 | 0.00 | 0.00 | 0.00,/home/ubuntu/rocksdb/memtable/inlineskiplist.h,906,"void InlineSkipList<Comparator>::RecomputeSpliceLevels(const DecodedKey& key,",_ZN7rocksdb14InlineSkipListIRKNS_11MemTableRep13KeyComparatorEE21RecomputeSpliceLevelsERKNS_5SliceEPNS5_6SpliceEi,str x2  [sp  #0x78]
100.00,90.91 | 4.55 | 4.55 | 0.00,0.00,0.00 | 0.00 | 0.00 | 0.00,0.00,0.00 | 0.00 | 0.00 | 0.00,0.00,0.00 | 0.00 | 0.00 | 0.00,/home/ubuntu/rocksdb/memtable/memtablerep_bench.cc,156,"    return Slice(data_.data() + pos_ - len, len);",_ZN7rocksdb19FillBenchmarkThread7FillOneEv,ldr x3  [x19  #0x40]
100.00,0.00 | 0.00 | 75.00 | 25.00,0.00,0.00 | 0.00 | 0.00 | 0.00,0.00,0.00 | 0.00 | 0.00 | 0.00,0.00,0.00 | 0.00 | 0.00 | 0.00,(null),0,(null),(null),(null)
100.00,66.67 | 33.33 | 0.00 | 0.00,0.00,0.00 | 0.00 | 0.00 | 0.00,0.00,0.00 | 0.00 | 0.00 | 0.00,0.00,0.00 | 0.00 | 0.00 | 0.00,/home/ubuntu/rocksdb/memtable/inlineskiplist.h,919,"bool InlineSkipList<Comparator>::Insert(const char* key, Splice* splice,",_ZN7rocksdb14InlineSkipListIRKNS_11MemTableRep13KeyComparatorEE6InsertILb0EEEbPKcPNS5_6SpliceEb,ldr x5  [x5  #0xba8]
100.00,41.18 | 58.82 | 0.00 | 0.00,0.00,0.00 | 0.00 | 0.00 | 0.00,0.00,0.00 | 0.00 | 0.00 | 0.00,0.00,0.00 | 0.00 | 0.00 | 0.00,/home/ubuntu/rocksdb/memtable/memtablerep_bench.cc,241,"        FLAGS_item_size + VarintLength(internal_key_size) + internal_key_size;",_ZN7rocksdb19FillBenchmarkThread7FillOneEv,ldr x4  [x22  #0xe90]
100.00,46.15 | 53.85 | 0.00 | 0.00,0.00,0.00 | 0.00 | 0.00 | 0.00,0.00,0.00 | 0.00 | 0.00 | 0.00,0.00,0.00 | 0.00 | 0.00 | 0.00,/home/ubuntu/rocksdb/memtable/inlineskiplist.h,529,"  return (n != nullptr) && (compare_(n->Key(), key) < 0);",_ZN7rocksdb14InlineSkipListIRKNS_11MemTableRep13KeyComparatorEE6InsertILb0EEEbPKcPNS5_6SpliceEb,ldr x3  [x0]
100.00,92.00 | 8.00 | 0.00 | 0.00,0.00,0.00 | 0.00 | 0.00 | 0.00,0.00,0.00 | 0.00 | 0.00 | 0.00,0.00,0.00 | 0.00 | 0.00 | 0.00,/home/ubuntu/rocksdb/memtable/inlineskiplist.h,919,"bool InlineSkipList<Comparator>::Insert(const char* key, Splice* splice,",_ZN7rocksdb14InlineSkipListIRKNS_11MemTableRep13KeyComparatorEE6InsertILb0EEEbPKcPNS5_6SpliceEb,stp x25  x26  [sp  #0x40]
100.00,96.00 | 4.00 | 0.00 | 0.00,0.00,0.00 | 0.00 | 0.00 | 0.00,0.00,0.00 | 0.00 | 0.00 | 0.00,0.00,0.00 | 0.00 | 0.00 | 0.00,/home/ubuntu/rocksdb/util/random.cc,34,"}",_ZN7rocksdb6Random14GetTLSInstanceEv,ldr x19  [sp  #0x10]
100.00,45.83 | 54.17 | 0.00 | 0.00,0.00,0.00 | 0.00 | 0.00 | 0.00,0.00,0.00 | 0.00 | 0.00 | 0.00,0.00,0.00 | 0.00 | 0.00 | 0.00,/home/ubuntu/rocksdb/db/dbformat.h,1117,"        DecodeFixed64(bkey.data() + bkey.size() - kNumInternalBytes) >> 8;",_ZNK7rocksdb8MemTable13KeyComparatorclEPKcRKNS_5SliceE,ldp x0  x2  [x20]
100.00,96.30 | 3.70 | 0.00 | 0.00,0.00,0.00 | 0.00 | 0.00 | 0.00,0.00,0.00 | 0.00 | 0.00 | 0.00,0.00,0.00 | 0.00 | 0.00 | 0.00,(null),0,(null),(null),(null)
100.00,100.00 | 0.00 | 0.00 | 0.00,0.00,0.00 | 0.00 | 0.00 | 0.00,0.00,0.00 | 0.00 | 0.00 | 0.00,0.00,0.00 | 0.00 | 0.00 | 0.00,/home/ubuntu/rocksdb/memtable/inlineskiplist.h,919,"bool InlineSkipList<Comparator>::Insert(const char* key, Splice* splice,",_ZN7rocksdb14InlineSkipListIRKNS_11MemTableRep13KeyComparatorEE6InsertILb0EEEbPKcPNS5_6SpliceEb,str x6  [sp  #0x78]
100.00,85.71 | 14.29 | 0.00 | 0.00,0.00,0.00 | 0.00 | 0.00 | 0.00,0.00,0.00 | 0.00 | 0.00 | 0.00,0.00,0.00 | 0.00 | 0.00 | 0.00,/home/ubuntu/rocksdb/memtable/inlineskiplist.h,1003,"      } else if (KeyIsAfterNode(key_decoded, splice->next_[recompute_height])) {",_ZN7rocksdb14InlineSkipListIRKNS_11MemTableRep13KeyComparatorEE6InsertILb0EEEbPKcPNS5_6SpliceEb,ldr x0  [x21  #0x10]
100.00,36.84 | 63.16 | 0.00 | 0.00,0.00,0.00 | 0.00 | 0.00 | 0.00,0.00,0.00 | 0.00 | 0.00 | 0.00,0.00,0.00 | 0.00 | 0.00 | 0.00,/home/ubuntu/rocksdb/memory/arena.cc,110,"  if (MemMapping::kHugePageSupported && hugetlb_size_ > 0 &&",_ZN7rocksdb5Arena15AllocateAlignedEmmPNS_6LoggerE,ldr x5  [x0  #0x8d8]
100.00,38.10 | 61.90 | 0.00 | 0.00,0.00,0.00 | 0.00 | 0.00 | 0.00,0.00,0.00 | 0.00 | 0.00 | 0.00,0.00,0.00 | 0.00 | 0.00 | 0.00,/home/ubuntu/rocksdb/memtable/skiplistrep.cc,38,"  }",_ZN7rocksdb12_GLOBAL__N_111SkipListRep8AllocateEmPPc,ldp x29  x30  [sp]  #0x40
100.00,68.18 | 31.82 | 0.00 | 0.00,0.00,0.00 | 0.00 | 0.00 | 0.00,0.00,0.00 | 0.00 | 0.00 | 0.00,0.00,0.00 | 0.00 | 0.00 | 0.00,???,0,???,???,???
100.00,70.59 | 29.41 | 0.00 | 0.00,0.00,0.00 | 0.00 | 0.00 | 0.00,0.00,0.00 | 0.00 | 0.00 | 0.00,0.00,0.00 | 0.00 | 0.00 | 0.00,/home/ubuntu/rocksdb/memory/arena.cc,143,"}",_ZN7rocksdb5Arena15AllocateAlignedEmmPNS_6LoggerE,ldr x2  [x1]
100.00,89.47 | 5.26 | 5.26 | 0.00,0.00,0.00 | 0.00 | 0.00 | 0.00,0.00,0.00 | 0.00 | 0.00 | 0.00,0.00,0.00 | 0.00 | 0.00 | 0.00,/home/ubuntu/rocksdb/memtable/memtablerep_bench.cc,248,"    EncodeFixed64(p, ++(*sequence_));",_ZN7rocksdb19FillBenchmarkThread7FillOneEv,ldr x0  [x19  #0x28]
100.00,52.38 | 47.62 | 0.00 | 0.00,0.00,0.00 | 0.00 | 0.00 | 0.00,0.00,0.00 | 0.00 | 0.00 | 0.00,0.00,0.00 | 0.00 | 0.00 | 0.00,/home/ubuntu/rocksdb/memtable/inlineskiplist.h,1077,"      if (UNLIKELY(i == 0 && splice->prev_[i] != head_ &&",_ZN7rocksdb14InlineSkipListIRKNS_11MemTableRep13KeyComparatorEE6InsertILb0EEEbPKcPNS5_6SpliceEb,ldr x0  [x26  #0x18]
100.00,95.24 | 4.76 | 0.00 | 0.00,0.00,0.00 | 0.00 | 0.00 | 0.00,0.00,0.00 | 0.00 | 0.00 | 0.00,0.00,0.00 | 0.00 | 0.00 | 0.00,/home/ubuntu/rocksdb/memtable/inlineskiplist.h,799,"  char* raw = allocator_->AllocateAligned(prefix + sizeof(Node) + key_size);",_ZN7rocksdb12_GLOBAL__N_111SkipListRep8AllocateEmPPc,ldr x4  [x0]
100.00,0.00 | 93.75 | 6.25 | 0.00,0.00,0.00 | 0.00 | 0.00 | 0.00,0.00,0.00 | 0.00 | 0.00 | 0.00,0.00,0.00 | 0.00 | 0.00 | 0.00,/home/ubuntu/rocksdb/memtable/memtablerep_bench.cc,256,"  }",_ZN7rocksdb19FillBenchmarkThread7FillOneEv,ldp x19  x20  [sp  #0x10]
100.00,21.05 | 78.95 | 0.00 | 0.00,0.00,0.00 | 0.00 | 0.00 | 0.00,0.00,0.00 | 0.00 | 0.00 | 0.00,0.00,0.00 | 0.00 | 0.00 | 0.00,/home/ubuntu/rocksdb/memtable/inlineskiplist.h,1115,"}",_ZN7rocksdb14InlineSkipListIRKNS_11MemTableRep13KeyComparatorEE6InsertILb0EEEbPKcPNS5_6SpliceEb,ldp x19  x20  [sp  #0x10]
100.00,100.00 | 0.00 | 0.00 | 0.00,0.00,0.00 | 0.00 | 0.00 | 0.00,0.00,0.00 | 0.00 | 0.00 | 0.00,0.00,0.00 | 0.00 | 0.00 | 0.00,/home/ubuntu/rocksdb/memory/arena.cc,109,"                             Logger* logger) {",_ZN7rocksdb5Arena15AllocateAlignedEmmPNS_6LoggerE,ldr x6  [x4]
100.00,100.00 | 0.00 | 0.00 | 0.00,0.00,0.00 | 0.00 | 0.00 | 0.00,0.00,0.00 | 0.00 | 0.00 | 0.00,0.00,0.00 | 0.00 | 0.00 | 0.00,/home/ubuntu/rocksdb/util/coding.h,331,"  uint32_t len = 0;",_ZN7rocksdb14InlineSkipListIRKNS_11MemTableRep13KeyComparatorEE6InsertILb0EEEbPKcPNS5_6SpliceEb,str wzr  [sp  #0x68]
100.00,100.00 | 0.00 | 0.00 | 0.00,0.00,0.00 | 0.00 | 0.00 | 0.00,0.00,0.00 | 0.00 | 0.00 | 0.00,0.00,0.00 | 0.00 | 0.00 | 0.00,/home/ubuntu/rocksdb/memtable/inlineskiplist.h,919,"bool InlineSkipList<Comparator>::Insert(const char* key, Splice* splice,",_ZN7rocksdb14InlineSkipListIRKNS_11MemTableRep13KeyComparatorEE6InsertILb0EEEbPKcPNS5_6SpliceEb,stp x21  x22  [sp  #0x20]
100.00,100.00 | 0.00 | 0.00 | 0.00,0.00,0.00 | 0.00 | 0.00 | 0.00,0.00,0.00 | 0.00 | 0.00 | 0.00,0.00,0.00 | 0.00 | 0.00 | 0.00,/home/ubuntu/rocksdb/util/random.cc,23,"Random* Random::GetTLSInstance() {",_ZN7rocksdb6Random14GetTLSInstanceEv,ldr x2  [x1]
100.00,84.21 | 15.79 | 0.00 | 0.00,0.00,0.00 | 0.00 | 0.00 | 0.00,0.00,0.00 | 0.00 | 0.00 | 0.00,0.00,0.00 | 0.00 | 0.00 | 0.00,/home/ubuntu/rocksdb/memtable/inlineskiplist.h,529,"  return (n != nullptr) && (compare_(n->Key(), key) < 0);",_ZN7rocksdb14InlineSkipListIRKNS_11MemTableRep13KeyComparatorEE6InsertILb0EEEbPKcPNS5_6SpliceEb,ldr x3  [x0]
100.00,95.24 | 0.00 | 4.76 | 0.00,0.00,0.00 | 0.00 | 0.00 | 0.00,0.00,0.00 | 0.00 | 0.00 | 0.00,0.00,0.00 | 0.00 | 0.00 | 0.00,/home/ubuntu/rocksdb/memtable/memtablerep_bench.cc,155,"    pos_ += len;",_ZN7rocksdb19FillBenchmarkThread7FillOneEv,str w7  [x5  #0x20]
100.00,95.65 | 4.35 | 0.00 | 0.00,0.00,0.00 | 0.00 | 0.00 | 0.00,0.00,0.00 | 0.00 | 0.00 | 0.00,0.00,0.00 | 0.00 | 0.00 | 0.00,/home/ubuntu/rocksdb/memtable/memtablerep_bench.cc,185,"        return rand_->Next() % num_;",_ZN7rocksdb19FillBenchmarkThread7FillOneEv,ldr x2  [x24  #0x10]
100.00,82.61 | 17.39 | 0.00 | 0.00,0.00,0.00 | 0.00 | 0.00 | 0.00,0.00,0.00 | 0.00 | 0.00 | 0.00,0.00,0.00 | 0.00 | 0.00 | 0.00,/home/ubuntu/rocksdb/memtable/memtablerep_bench.cc,245,"    auto key = key_gen_->Next();",_ZN7rocksdb19FillBenchmarkThread7FillOneEv,ldr x24  [x19  #0x10]
100.00,100.00 | 0.00 | 0.00 | 0.00,0.00,0.00 | 0.00 | 0.00 | 0.00,0.00,0.00 | 0.00 | 0.00 | 0.00,0.00,0.00 | 0.00 | 0.00 | 0.00,/home/ubuntu/rocksdb/memtable/memtablerep_bench.cc,248,"    EncodeFixed64(p, ++(*sequence_));",_ZN7rocksdb19FillBenchmarkThread7FillOneEv,str x3  [x0]
100.00,100.00 | 0.00 | 0.00 | 0.00,0.00,0.00 | 0.00 | 0.00 | 0.00,0.00,0.00 | 0.00 | 0.00 | 0.00,0.00,0.00 | 0.00 | 0.00 | 0.00,/home/ubuntu/rocksdb/memtable/skiplistrep.cc,35,"  KeyHandle Allocate(const size_t len, char** buf) override {",_ZN7rocksdb12_GLOBAL__N_111SkipListRep8AllocateEmPPc,str x23  [sp  #0x30]
100.00,57.14 | 42.86 | 0.00 | 0.00,0.00,0.00 | 0.00 | 0.00 | 0.00,0.00,0.00 | 0.00 | 0.00 | 0.00,0.00,0.00 | 0.00 | 0.00 | 0.00,/home/ubuntu/rocksdb/memory/arena.cc,143,"}",_ZN7rocksdb5Arena15AllocateAlignedEmmPNS_6LoggerE,ldp x29  x30  [sp]  #0x60
100.00,66.67 | 33.33 | 0.00 | 0.00,0.00,0.00 | 0.00 | 0.00 | 0.00,0.00,0.00 | 0.00 | 0.00 | 0.00,0.00,0.00 | 0.00 | 0.00 | 0.00,/home/ubuntu/rocksdb/memtable/inlineskiplist.h,1072,"      if (UNLIKELY(i == 0 && splice->next_[i] != nullptr &&",_ZN7rocksdb14InlineSkipListIRKNS_11MemTableRep13KeyComparatorEE6InsertILb0EEEbPKcPNS5_6SpliceEb,ldr x0  [x26  #0x10]
100.00,100.00 | 0.00 | 0.00 | 0.00,0.00,0.00 | 0.00 | 0.00 | 0.00,0.00,0.00 | 0.00 | 0.00 | 0.00,0.00,0.00 | 0.00 | 0.00 | 0.00,/home/ubuntu/rocksdb/memory/arena.cc,109,"                             Logger* logger) {",_ZN7rocksdb5Arena15AllocateAlignedEmmPNS_6LoggerE,ldr x4  [x4  #0xba8]
100.00,100.00 | 0.00 | 0.00 | 0.00,0.00,0.00 | 0.00 | 0.00 | 0.00,0.00,0.00 | 0.00 | 0.00 | 0.00,0.00,0.00 | 0.00 | 0.00 | 0.00,/home/ubuntu/rocksdb/memtable/skiplistrep.cc,36,"    *buf = skip_list_.AllocateKey(len);",_ZN7rocksdb12_GLOBAL__N_111SkipListRep8AllocateEmPPc,str x0  [x20]
100.00,80.00 | 20.00 | 0.00 | 0.00,0.00,0.00 | 0.00 | 0.00 | 0.00,0.00,0.00 | 0.00 | 0.00 | 0.00,0.00,0.00 | 0.00 | 0.00 | 0.00,???,0,???,???,???
100.00,55.00 | 45.00 | 0.00 | 0.00,0.00,0.00 | 0.00 | 0.00 | 0.00,0.00,0.00 | 0.00 | 0.00 | 0.00,0.00,0.00 | 0.00 | 0.00 | 0.00,/home/ubuntu/rocksdb/memtable/inlineskiplist.h,1077,"      if (UNLIKELY(i == 0 && splice->prev_[i] != head_ &&",_ZN7rocksdb14InlineSkipListIRKNS_11MemTableRep13KeyComparatorEE6InsertILb0EEEbPKcPNS5_6SpliceEb,ldr x0  [x26  #0x10]
100.00,50.00 | 50.00 | 0.00 | 0.00,0.00,0.00 | 0.00 | 0.00 | 0.00,0.00,0.00 | 0.00 | 0.00 | 0.00,0.00,0.00 | 0.00 | 0.00 | 0.00,/home/ubuntu/rocksdb/memtable/inlineskiplist.h,1115,"}",_ZN7rocksdb14InlineSkipListIRKNS_11MemTableRep13KeyComparatorEE6InsertILb0EEEbPKcPNS5_6SpliceEb,ldr x3  [sp  #0x78]
100.00,82.35 | 17.65 | 0.00 | 0.00,0.00,0.00 | 0.00 | 0.00 | 0.00,0.00,0.00 | 0.00 | 0.00 | 0.00,0.00,0.00 | 0.00 | 0.00 | 0.00,/home/ubuntu/rocksdb/memtable/inlineskiplist.h,529,"  return (n != nullptr) && (compare_(n->Key(), key) < 0);",_ZN7rocksdb14InlineSkipListIRKNS_11MemTableRep13KeyComparatorEE6InsertILb0EEEbPKcPNS5_6SpliceEb,ldr x3  [x0]
100.00,31.25 | 68.75 | 0.00 | 0.00,0.00,0.00 | 0.00 | 0.00 | 0.00,0.00,0.00 | 0.00 | 0.00 | 0.00,0.00,0.00 | 0.00 | 0.00 | 0.00,/home/ubuntu/rocksdb/memtable/memtablerep_bench.cc,256,"  }",_ZN7rocksdb19FillBenchmarkThread7FillOneEv,ldr x2  [sp  #0x48]
100.00,0.00 | 0.00 | 0.00 | 100.00,0.00,0.00 | 0.00 | 0.00 | 0.00,0.00,0.00 | 0.00 | 0.00 | 0.00,0.00,0.00 | 0.00 | 0.00 | 0.00,(null),0,(null),(null),(null)
100.00,40.91 | 59.09 | 0.00 | 0.00,0.00,0.00 | 0.00 | 0.00 | 0.00,0.00,0.00 | 0.00 | 0.00 | 0.00,0.00,0.00 | 0.00 | 0.00 | 0.00,/home/ubuntu/rocksdb/memtable/inlineskiplist.h,911,"  for (int i = recompute_level - 1; i >= 0; --i) {",_ZN7rocksdb14InlineSkipListIRKNS_11MemTableRep13KeyComparatorEE21RecomputeSpliceLevelsERKNS_5SliceEPNS5_6SpliceEi,ldp x25  x26  [sp  #0x40]
100.00,70.00 | 30.00 | 0.00 | 0.00,0.00,0.00 | 0.00 | 0.00 | 0.00,0.00,0.00 | 0.00 | 0.00 | 0.00,0.00,0.00 | 0.00 | 0.00 | 0.00,/home/ubuntu/rocksdb/memtable/skiplistrep.cc,38,"  }",_ZN7rocksdb12_GLOBAL__N_111SkipListRep8AllocateEmPPc,ldr x23  [sp  #0x30]
100.00,36.84 | 63.16 | 0.00 | 0.00,0.00,0.00 | 0.00 | 0.00 | 0.00,0.00,0.00 | 0.00 | 0.00 | 0.00,0.00,0.00 | 0.00 | 0.00 | 0.00,/home/ubuntu/rocksdb/memtable/skiplistrep.cc,38,"  }",_ZN7rocksdb12_GLOBAL__N_111SkipListRep8AllocateEmPPc,ldp x21  x22  [sp  #0x20]
100.00,91.67 | 8.33 | 0.00 | 0.00,0.00,0.00 | 0.00 | 0.00 | 0.00,0.00,0.00 | 0.00 | 0.00 | 0.00,0.00,0.00 | 0.00 | 0.00 | 0.00,(null),0,(null),(null),(null)
100.00,80.95 | 19.05 | 0.00 | 0.00,0.00,0.00 | 0.00 | 0.00 | 0.00,0.00,0.00 | 0.00 | 0.00 | 0.00,0.00,0.00 | 0.00 | 0.00 | 0.00,/home/ubuntu/rocksdb/memtable/inlineskiplist.h,506,"         rnd->Next() < kScaledInverseBranching_) {",_ZN7rocksdb12_GLOBAL__N_111SkipListRep8AllocateEmPPc,ldr w2  [x23  #0x14]
100.00,100.00 | 0.00 | 0.00 | 0.00,0.00,0.00 | 0.00 | 0.00 | 0.00,0.00,0.00 | 0.00 | 0.00 | 0.00,0.00,0.00 | 0.00 | 0.00 | 0.00,(null),0,(null),(null),(null)
100.00,93.33 | 6.67 | 0.00 | 0.00,0.00,0.00 | 0.00 | 0.00 | 0.00,0.00,0.00 | 0.00 | 0.00 | 0.00,0.00,0.00 | 0.00 | 0.00 | 0.00,src/hotline/fname_map.c,219,(null),va_to_file_offset,ldr x4  [x21  x1  lsl #3]
100.00,54.55 | 45.45 | 0.00 | 0.00,0.00,0.00 | 0.00 | 0.00 | 0.00,0.00,0.00 | 0.00 | 0.00 | 0.00,0.00,0.00 | 0.00 | 0.00 | 0.00,/home/ubuntu/rocksdb/memtable/inlineskiplist.h,911,"  for (int i = recompute_level - 1; i >= 0; --i) {",_ZN7rocksdb14InlineSkipListIRKNS_11MemTableRep13KeyComparatorEE21RecomputeSpliceLevelsERKNS_5SliceEPNS5_6SpliceEi,ldp x23  x24  [sp  #0x30]
100.00,100.00 | 0.00 | 0.00 | 0.00,0.00,0.00 | 0.00 | 0.00 | 0.00,0.00,0.00 | 0.00 | 0.00 | 0.00,0.00,0.00 | 0.00 | 0.00 | 0.00,/home/ubuntu/rocksdb/memtable/inlineskiplist.h,792,"  auto prefix = sizeof(std::atomic<Node*>) * (height - 1);",_ZN7rocksdb12_GLOBAL__N_111SkipListRep8AllocateEmPPc,str w3  [x0]
100.00,100.00 | 0.00 | 0.00 | 0.00,0.00,0.00 | 0.00 | 0.00 | 0.00,0.00,0.00 | 0.00 | 0.00 | 0.00,0.00,0.00 | 0.00 | 0.00 | 0.00,/home/ubuntu/rocksdb/util/random.cc,23,"Random* Random::GetTLSInstance() {",_ZN7rocksdb6Random14GetTLSInstanceEv,ldr x1  [x1  #0xba8]
100.00,40.00 | 53.33 | 6.67 | 0.00,0.00,0.00 | 0.00 | 0.00 | 0.00,0.00,0.00 | 0.00 | 0.00 | 0.00,0.00,0.00 | 0.00 | 0.00 | 0.00,/home/ubuntu/rocksdb/memtable/inlineskiplist.h,1115,"}",_ZN7rocksdb14InlineSkipListIRKNS_11MemTableRep13KeyComparatorEE6InsertILb0EEEbPKcPNS5_6SpliceEb,ldp x23  x24  [sp  #0x30]
100.00,88.24 | 11.76 | 0.00 | 0.00,0.00,0.00 | 0.00 | 0.00 | 0.00,0.00,0.00 | 0.00 | 0.00 | 0.00,0.00,0.00 | 0.00 | 0.00 | 0.00,/usr/include/c++/11/bits/basic_string.h,921,"      { return _M_string_length; }",_ZN7rocksdb19FillBenchmarkThread7FillOneEv,ldr x3  [x5  #8]
100.00,55.00 | 45.00 | 0.00 | 0.00,0.00,0.00 | 0.00 | 0.00 | 0.00,0.00,0.00 | 0.00 | 0.00 | 0.00,0.00,0.00 | 0.00 | 0.00 | 0.00,/home/ubuntu/rocksdb/memtable/inlineskiplist.h,911,"  for (int i = recompute_level - 1; i >= 0; --i) {",_ZN7rocksdb14InlineSkipListIRKNS_11MemTableRep13KeyComparatorEE21RecomputeSpliceLevelsERKNS_5SliceEPNS5_6SpliceEi,ldp x27  x28  [sp  #0x50]
100.00,100.00 | 0.00 | 0.00 | 0.00,0.00,0.00 | 0.00 | 0.00 | 0.00,0.00,0.00 | 0.00 | 0.00 | 0.00,0.00,0.00 | 0.00 | 0.00 | 0.00,/usr/aarch64-linux-gnu/include/bits/string_fortified.h,29,"  return __builtin___memcpy_chk (__dest, __src, __len,",_ZN7rocksdb12_GLOBAL__N_111SkipListRep8AllocateEmPPc,str w21  [x2  x19]
100.00,100.00 | 0.00 | 0.00 | 0.00,0.00,0.00 | 0.00 | 0.00 | 0.00,0.00,0.00 | 0.00 | 0.00 | 0.00,0.00,0.00 | 0.00 | 0.00 | 0.00,(null),0,(null),(null),(null)
100.00,100.00 | 0.00 | 0.00 | 0.00,0.00,0.00 | 0.00 | 0.00 | 0.00,0.00,0.00 | 0.00 | 0.00 | 0.00,0.00,0.00 | 0.00 | 0.00 | 0.00,(null),0,(null),(null),(null)
100.00,100.00 | 0.00 | 0.00 | 0.00,0.00,0.00 | 0.00 | 0.00 | 0.00,0.00,0.00 | 0.00 | 0.00 | 0.00,0.00,0.00 | 0.00 | 0.00 | 0.00,/usr/aarch64-linux-gnu/include/bits/string_fortified.h,29,"  return __builtin___memcpy_chk (__dest, __src, __len,",_ZN7rocksdb19FillBenchmarkThread7FillOneEv,str x3  [x20  #8]
100.00,100.00 | 0.00 | 0.00 | 0.00,0.00,0.00 | 0.00 | 0.00 | 0.00,0.00,0.00 | 0.00 | 0.00 | 0.00,0.00,0.00 | 0.00 | 0.00 | 0.00,(null),0,(null),(null),(null)
100.00,100.00 | 0.00 | 0.00 | 0.00,0.00,0.00 | 0.00 | 0.00 | 0.00,0.00,0.00 | 0.00 | 0.00 | 0.00,0.00,0.00 | 0.00 | 0.00 | 0.00,(null),0,(null),(null),(null)
100.00,100.00 | 0.00 | 0.00 | 0.00,0.00,0.00 | 0.00 | 0.00 | 0.00,0.00,0.00 | 0.00 | 0.00 | 0.00,0.00,0.00 | 0.00 | 0.00 | 0.00,/home/ubuntu/rocksdb/memtable/skiplistrep.cc,35,"  KeyHandle Allocate(const size_t len, char** buf) override {",_ZN7rocksdb12_GLOBAL__N_111SkipListRep8AllocateEmPPc,stp x19  x20  [sp  #0x10]
100.00,66.67 | 33.33 | 0.00 | 0.00,0.00,0.00 | 0.00 | 0.00 | 0.00,0.00,0.00 | 0.00 | 0.00 | 0.00,0.00,0.00 | 0.00 | 0.00 | 0.00,/home/ubuntu/rocksdb/db/dbformat.h,1117,"        DecodeFixed64(bkey.data() + bkey.size() - kNumInternalBytes) >> 8;",_ZNK7rocksdb8MemTable13KeyComparatorclEPKcRKNS_5SliceE,ldp x0  x2  [x20]
100.00,50.00 | 50.00 | 0.00 | 0.00,0.00,0.00 | 0.00 | 0.00 | 0.00,0.00,0.00 | 0.00 | 0.00 | 0.00,0.00,0.00 | 0.00 | 0.00 | 0.00,/home/ubuntu/rocksdb/memtable/inlineskiplist.h,911,"  for (int i = recompute_level - 1; i >= 0; --i) {",_ZN7rocksdb14InlineSkipListIRKNS_11MemTableRep13KeyComparatorEE21RecomputeSpliceLevelsERKNS_5SliceEPNS5_6SpliceEi,ldp x19  x20  [sp  #0x10]
100.00,100.00 | 0.00 | 0.00 | 0.00,0.00,0.00 | 0.00 | 0.00 | 0.00,0.00,0.00 | 0.00 | 0.00 | 0.00,0.00,0.00 | 0.00 | 0.00 | 0.00,/home/ubuntu/rocksdb/memtable/memtablerep_bench.cc,237,"  void FillOne() {",_ZN7rocksdb19FillBenchmarkThread7FillOneEv,stp x23  x24  [sp  #0x30]
0.00,0.00 | 0.00 | 0.00 | 0.00,66.67,0.00 | 100.00 | 0.00 | 0.00,33.33,0.00 | 0.00 | 0.00 | 100.00,0.00,0.00 | 0.00 | 0.00 | 0.00,(null),0,(null),(null),(null)
100.00,89.47 | 10.53 | 0.00 | 0.00,0.00,0.00 | 0.00 | 0.00 | 0.00,0.00,0.00 | 0.00 | 0.00 | 0.00,0.00,0.00 | 0.00 | 0.00 | 0.00,/home/ubuntu/rocksdb/memory/arena.cc,143,"}",_ZN7rocksdb5Arena15AllocateAlignedEmmPNS_6LoggerE,ldr x1  [x1  #0xba8]
100.00,66.67 | 33.33 | 0.00 | 0.00,0.00,0.00 | 0.00 | 0.00 | 0.00,0.00,0.00 | 0.00 | 0.00 | 0.00,0.00,0.00 | 0.00 | 0.00 | 0.00,(null),0,(null),(null),(null)
100.00,90.48 | 9.52 | 0.00 | 0.00,0.00,0.00 | 0.00 | 0.00 | 0.00,0.00,0.00 | 0.00 | 0.00 | 0.00,0.00,0.00 | 0.00 | 0.00 | 0.00,/home/ubuntu/rocksdb/memtable/inlineskiplist.h,505,"  while (height < kMaxHeight_ && height < kMaxPossibleHeight &&",_ZN7rocksdb12_GLOBAL__N_111SkipListRep8AllocateEmPPc,ldrh w7  [x23  #0x10]
64.29,66.67 | 33.33 | 0.00 | 0.00,35.71,0.00 | 100.00 | 0.00 | 0.00,0.00,0.00 | 0.00 | 0.00 | 0.00,0.00,0.00 | 0.00 | 0.00 | 0.00,/home/ubuntu/rocksdb/memtable/memtablerep_bench.cc,324,"      *bytes_read_ += VarintLength(16) + 16 + FLAGS_item_size;",_ZN7rocksdb19ReadBenchmarkThread7ReadOneEv,ldr x0  [x0  #0xe90]
100.00,100.00 | 0.00 | 0.00 | 0.00,0.00,0.00 | 0.00 | 0.00 | 0.00,0.00,0.00 | 0.00 | 0.00 | 0.00,0.00,0.00 | 0.00 | 0.00 | 0.00,/home/ubuntu/rocksdb/memtable/skiplistrep.cc,35,"  KeyHandle Allocate(const size_t len, char** buf) override {",_ZN7rocksdb12_GLOBAL__N_111SkipListRep8AllocateEmPPc,stp x21  x22  [sp  #0x20]
46.15,83.33 | 16.67 | 0.00 | 0.00,53.85,0.00 | 100.00 | 0.00 | 0.00,0.00,0.00 | 0.00 | 0.00 | 0.00,0.00,0.00 | 0.00 | 0.00 | 0.00,/home/ubuntu/rocksdb/memtable/memtablerep_bench.cc,324,"      *bytes_read_ += VarintLength(16) + 16 + FLAGS_item_size;",_ZN7rocksdb19ReadBenchmarkThread7ReadOneEv,ldr x0  [x0  #0xe90]
100.00,100.00 | 0.00 | 0.00 | 0.00,0.00,0.00 | 0.00 | 0.00 | 0.00,0.00,0.00 | 0.00 | 0.00 | 0.00,0.00,0.00 | 0.00 | 0.00 | 0.00,/home/ubuntu/rocksdb/memtable/inlineskiplist.h,939,"  if (splice->height_ < max_height) {",_ZN7rocksdb14InlineSkipListIRKNS_11MemTableRep13KeyComparatorEE6InsertILb0EEEbPKcPNS5_6SpliceEb,stp x27  x28  [sp  #0x50]
100.00,100.00 | 0.00 | 0.00 | 0.00,0.00,0.00 | 0.00 | 0.00 | 0.00,0.00,0.00 | 0.00 | 0.00 | 0.00,0.00,0.00 | 0.00 | 0.00 | 0.00,/home/ubuntu/rocksdb/util/random.cc,27,"  auto rv = tls_instance;",_ZN7rocksdb6Random14GetTLSInstanceEv,ldr x2  [x0  #0xa48]
100.00,95.24 | 4.76 | 0.00 | 0.00,0.00,0.00 | 0.00 | 0.00 | 0.00,0.00,0.00 | 0.00 | 0.00 | 0.00,0.00,0.00 | 0.00 | 0.00 | 0.00,/home/ubuntu/rocksdb/memtable/inlineskiplist.h,792,"  auto prefix = sizeof(std::atomic<Node*>) * (height - 1);",_ZN7rocksdb12_GLOBAL__N_111SkipListRep8AllocateEmPPc,ldr x0  [x23  #0x18]
90.00,0.00 | 100.00 | 0.00 | 0.00,10.00,0.00 | 100.00 | 0.00 | 0.00,0.00,0.00 | 0.00 | 0.00 | 0.00,0.00,0.00 | 0.00 | 0.00 | 0.00,/home/ubuntu/rocksdb/memtable/memtablerep_bench.cc,324,"      *bytes_read_ += VarintLength(16) + 16 + FLAGS_item_size;",_ZN7rocksdb19ReadBenchmarkThread7ReadOneEv,ldr x2  [x19  #0x20]
100.00,100.00 | 0.00 | 0.00 | 0.00,0.00,0.00 | 0.00 | 0.00 | 0.00,0.00,0.00 | 0.00 | 0.00 | 0.00,0.00,0.00 | 0.00 | 0.00 | 0.00,/home/ubuntu/rocksdb/memtable/memtablerep_bench.cc,238,"    char* buf = nullptr;",_ZN7rocksdb19FillBenchmarkThread7FillOneEv,str xzr  [sp  #0x40]
100.00,100.00 | 0.00 | 0.00 | 0.00,0.00,0.00 | 0.00 | 0.00 | 0.00,0.00,0.00 | 0.00 | 0.00 | 0.00,0.00,0.00 | 0.00 | 0.00 | 0.00,/home/ubuntu/rocksdb/util/random.cc,23,"Random* Random::GetTLSInstance() {",_ZN7rocksdb6Random14GetTLSInstanceEv,stp x29  x30  [sp  #-0x30]!
100.00,100.00 | 0.00 | 0.00 | 0.00,0.00,0.00 | 0.00 | 0.00 | 0.00,0.00,0.00 | 0.00 | 0.00 | 0.00,0.00,0.00 | 0.00 | 0.00 | 0.00,/home/ubuntu/rocksdb/memtable/skiplistrep.cc,35,"  KeyHandle Allocate(const size_t len, char** buf) override {",_ZN7rocksdb12_GLOBAL__N_111SkipListRep8AllocateEmPPc,stp x29  x30  [sp  #-0x40]!
100.00,100.00 | 0.00 | 0.00 | 0.00,0.00,0.00 | 0.00 | 0.00 | 0.00,0.00,0.00 | 0.00 | 0.00 | 0.00,0.00,0.00 | 0.00 | 0.00 | 0.00,/home/ubuntu/rocksdb/memtable/memtablerep_bench.cc,237,"  void FillOne() {",_ZN7rocksdb19FillBenchmarkThread7FillOneEv,stp x19  x20  [sp  #0x10]
100.00,13.33 | 86.67 | 0.00 | 0.00,0.00,0.00 | 0.00 | 0.00 | 0.00,0.00,0.00 | 0.00 | 0.00 | 0.00,0.00,0.00 | 0.00 | 0.00 | 0.00,/home/ubuntu/rocksdb/memtable/inlineskiplist.h,915,"}",_ZN7rocksdb14InlineSkipListIRKNS_11MemTableRep13KeyComparatorEE21RecomputeSpliceLevelsERKNS_5SliceEPNS5_6SpliceEi,ldp x21  x22  [sp  #0x20]
100.00,100.00 | 0.00 | 0.00 | 0.00,0.00,0.00 | 0.00 | 0.00 | 0.00,0.00,0.00 | 0.00 | 0.00 | 0.00,0.00,0.00 | 0.00 | 0.00 | 0.00,/home/ubuntu/rocksdb/memtable/inlineskiplist.h,919,"bool InlineSkipList<Comparator>::Insert(const char* key, Splice* splice,",_ZN7rocksdb14InlineSkipListIRKNS_11MemTableRep13KeyComparatorEE6InsertILb0EEEbPKcPNS5_6SpliceEb,stp x29  x30  [sp  #-0x80]!
100.00,94.74 | 5.26 | 0.00 | 0.00,0.00,0.00 | 0.00 | 0.00 | 0.00,0.00,0.00 | 0.00 | 0.00 | 0.00,0.00,0.00 | 0.00 | 0.00 | 0.00,/home/ubuntu/rocksdb/memtable/memtablerep_bench.cc,250,"    Slice bytes = generator_.Generate(FLAGS_item_size);",_ZN7rocksdb19FillBenchmarkThread7FillOneEv,ldr x22  [x22  #0xe90]
100.00,0.00 | 100.00 | 0.00 | 0.00,0.00,0.00 | 0.00 | 0.00 | 0.00,0.00,0.00 | 0.00 | 0.00 | 0.00,0.00,0.00 | 0.00 | 0.00 | 0.00,/home/ubuntu/rocksdb/memtable/inlineskiplist.h,1021,"    RecomputeSpliceLevels(key_decoded, splice, recompute_height);",_ZN7rocksdb14InlineSkipListIRKNS_11MemTableRep13KeyComparatorEE6InsertILb0EEEbPKcPNS5_6SpliceEb,ldp x27  x28  [sp  #0x50]
100.00,100.00 | 0.00 | 0.00 | 0.00,0.00,0.00 | 0.00 | 0.00 | 0.00,0.00,0.00 | 0.00 | 0.00 | 0.00,0.00,0.00 | 0.00 | 0.00 | 0.00,/home/ubuntu/rocksdb/memtable/inlineskiplist.h,906,"void InlineSkipList<Comparator>::RecomputeSpliceLevels(const DecodedKey& key,",_ZN7rocksdb14InlineSkipListIRKNS_11MemTableRep13KeyComparatorEE21RecomputeSpliceLevelsERKNS_5SliceEPNS5_6SpliceEi,str x2  [sp  #0x78]
100.00,100.00 | 0.00 | 0.00 | 0.00,0.00,0.00 | 0.00 | 0.00 | 0.00,0.00,0.00 | 0.00 | 0.00 | 0.00,0.00,0.00 | 0.00 | 0.00 | 0.00,/home/ubuntu/rocksdb/memtable/memtablerep_bench.cc,237,"  void FillOne() {",_ZN7rocksdb19FillBenchmarkThread7FillOneEv,str x5  [sp  #0x48]
100.00,50.00 | 16.67 | 33.33 | 0.00,0.00,0.00 | 0.00 | 0.00 | 0.00,0.00,0.00 | 0.00 | 0.00 | 0.00,0.00,0.00 | 0.00 | 0.00 | 0.00,(null),0,(null),(null),(null)
100.00,0.00 | 0.00 | 50.00 | 50.00,0.00,0.00 | 0.00 | 0.00 | 0.00,0.00,0.00 | 0.00 | 0.00 | 0.00,0.00,0.00 | 0.00 | 0.00 | 0.00,(null),0,(null),(null),(null)
100.00,100.00 | 0.00 | 0.00 | 0.00,0.00,0.00 | 0.00 | 0.00 | 0.00,0.00,0.00 | 0.00 | 0.00 | 0.00,0.00,0.00 | 0.00 | 0.00 | 0.00,/home/ubuntu/rocksdb/memtable/memtablerep_bench.cc,237,"  void FillOne() {",_ZN7rocksdb19FillBenchmarkThread7FillOneEv,stp x21  x22  [sp  #0x20]
100.00,66.67 | 33.33 | 0.00 | 0.00,0.00,0.00 | 0.00 | 0.00 | 0.00,0.00,0.00 | 0.00 | 0.00 | 0.00,0.00,0.00 | 0.00 | 0.00 | 0.00,/home/ubuntu/rocksdb/memory/arena.cc,136,"    alloc_bytes_remaining_ -= needed;",_ZN7rocksdb5Arena15AllocateAlignedEmmPNS_6LoggerE,str x2  [x19  #0x8d0]
100.00,50.00 | 0.00 | 0.00 | 50.00,0.00,0.00 | 0.00 | 0.00 | 0.00,0.00,0.00 | 0.00 | 0.00 | 0.00,0.00,0.00 | 0.00 | 0.00 | 0.00,/usr/include/c++/11/bits/random.tcc,419,"      _M_x[__n - 1] = (_M_x[__m - 1] ^ (__y >> 1)",_ZNSt23mersenne_twister_engineImLm64ELm312ELm156ELm31ELm13043109905998158313ELm29ELm6148914691236517205ELm17ELm8202884508482404352ELm37ELm18444473444759240704ELm43ELm6364136223846793005EE11_M_gen_randEv,ldr x1  [x0  #0x4d8]
100.00,64.29 | 35.71 | 0.00 | 0.00,0.00,0.00 | 0.00 | 0.00 | 0.00,0.00,0.00 | 0.00 | 0.00 | 0.00,0.00,0.00 | 0.00 | 0.00 | 0.00,/home/ubuntu/rocksdb/memtable/memtablerep_bench.cc,254,"    table_->Insert(handle);",_ZN7rocksdb19FillBenchmarkThread7FillOneEv,ldr x0  [x19  #8]
100.00,100.00 | 0.00 | 0.00 | 0.00,0.00,0.00 | 0.00 | 0.00 | 0.00,0.00,0.00 | 0.00 | 0.00 | 0.00,0.00,0.00 | 0.00 | 0.00 | 0.00,???,0,???,???,???
100.00,95.65 | 4.35 | 0.00 | 0.00,0.00,0.00 | 0.00 | 0.00 | 0.00,0.00,0.00 | 0.00 | 0.00 | 0.00,0.00,0.00 | 0.00 | 0.00 | 0.00,/home/ubuntu/rocksdb/memtable/inlineskiplist.h,906,"void InlineSkipList<Comparator>::RecomputeSpliceLevels(const DecodedKey& key,",_ZN7rocksdb14InlineSkipListIRKNS_11MemTableRep13KeyComparatorEE21RecomputeSpliceLevelsERKNS_5SliceEPNS5_6SpliceEi,stp x29  x30  [sp  #-0x80]!
100.00,100.00 | 0.00 | 0.00 | 0.00,0.00,0.00 | 0.00 | 0.00 | 0.00,0.00,0.00 | 0.00 | 0.00 | 0.00,0.00,0.00 | 0.00 | 0.00 | 0.00,/home/ubuntu/rocksdb/util/random.cc,23,"Random* Random::GetTLSInstance() {",_ZN7rocksdb6Random14GetTLSInstanceEv,str x19  [sp  #0x10]
100.00,81.82 | 18.18 | 0.00 | 0.00,0.00,0.00 | 0.00 | 0.00 | 0.00,0.00,0.00 | 0.00 | 0.00 | 0.00,0.00,0.00 | 0.00 | 0.00 | 0.00,/home/ubuntu/rocksdb/memtable/inlineskiplist.h,1003,"      } else if (KeyIsAfterNode(key_decoded, splice->next_[recompute_height])) {",_ZN7rocksdb14InlineSkipListIRKNS_11MemTableRep13KeyComparatorEE6InsertILb0EEEbPKcPNS5_6SpliceEb,ldr x0  [x21  #0x10]
100.00,30.77 | 69.23 | 0.00 | 0.00,0.00,0.00 | 0.00 | 0.00 | 0.00,0.00,0.00 | 0.00 | 0.00 | 0.00,0.00,0.00 | 0.00 | 0.00 | 0.00,/home/ubuntu/rocksdb/memtable/inlineskiplist.h,915,"}",_ZN7rocksdb14InlineSkipListIRKNS_11MemTableRep13KeyComparatorEE21RecomputeSpliceLevelsERKNS_5SliceEPNS5_6SpliceEi,ldp x29  x30  [sp]  #0x80
25.00,0.00 | 100.00 | 0.00 | 0.00,75.00,0.00 | 0.00 | 100.00 | 0.00,0.00,0.00 | 0.00 | 0.00 | 0.00,0.00,0.00 | 0.00 | 0.00 | 0.00,(null),0,(null),(null),(null)
100.00,81.25 | 12.50 | 6.25 | 0.00,0.00,0.00 | 0.00 | 0.00 | 0.00,0.00,0.00 | 0.00 | 0.00 | 0.00,0.00,0.00 | 0.00 | 0.00 | 0.00,/home/ubuntu/rocksdb/memory/arena.cc,135,"    aligned_alloc_ptr_ += needed;",_ZN7rocksdb5Arena15AllocateAlignedEmmPNS_6LoggerE,str x1  [x19  #0x8c8]
100.00,33.33 | 66.67 | 0.00 | 0.00,0.00,0.00 | 0.00 | 0.00 | 0.00,0.00,0.00 | 0.00 | 0.00 | 0.00,0.00,0.00 | 0.00 | 0.00 | 0.00,/home/ubuntu/rocksdb/db/dbformat.h,1115,"        DecodeFixed64(akey.data() + akey.size() - kNumInternalBytes) >> 8;",_ZNK7rocksdb8MemTable13KeyComparatorclEPKcRKNS_5SliceE,ldr x1  [x21  x19]
100.00,66.67 | 0.00 | 33.33 | 0.00,0.00,0.00 | 0.00 | 0.00 | 0.00,0.00,0.00 | 0.00 | 0.00 | 0.00,0.00,0.00 | 0.00 | 0.00 | 0.00,src/hotline/fname_map.c,162,(null),get_filename_cached_entry,ldr w3  [x0]
100.00,53.85 | 46.15 | 0.00 | 0.00,0.00,0.00 | 0.00 | 0.00 | 0.00,0.00,0.00 | 0.00 | 0.00 | 0.00,0.00,0.00 | 0.00 | 0.00 | 0.00,/home/ubuntu/rocksdb/memtable/skiplistrep.cc,38,"  }",_ZN7rocksdb12_GLOBAL__N_111SkipListRep8AllocateEmPPc,ldp x19  x20  [sp  #0x10]
100.00,100.00 | 0.00 | 0.00 | 0.00,0.00,0.00 | 0.00 | 0.00 | 0.00,0.00,0.00 | 0.00 | 0.00 | 0.00,0.00,0.00 | 0.00 | 0.00 | 0.00,/home/ubuntu/rocksdb/memtable/inlineskiplist.h,906,"void InlineSkipList<Comparator>::RecomputeSpliceLevels(const DecodedKey& key,",_ZN7rocksdb14InlineSkipListIRKNS_11MemTableRep13KeyComparatorEE21RecomputeSpliceLevelsERKNS_5SliceEPNS5_6SpliceEi,stp x21  x22  [sp  #0x20]
100.00,100.00 | 0.00 | 0.00 | 0.00,0.00,0.00 | 0.00 | 0.00 | 0.00,0.00,0.00 | 0.00 | 0.00 | 0.00,0.00,0.00 | 0.00 | 0.00 | 0.00,/home/ubuntu/rocksdb/util/random.cc,23,"Random* Random::GetTLSInstance() {",_ZN7rocksdb6Random14GetTLSInstanceEv,str x2  [sp  #0x28]
100.00,100.00 | 0.00 | 0.00 | 0.00,0.00,0.00 | 0.00 | 0.00 | 0.00,0.00,0.00 | 0.00 | 0.00 | 0.00,0.00,0.00 | 0.00 | 0.00 | 0.00,/home/ubuntu/rocksdb/memtable/memtablerep_bench.cc,237,"  void FillOne() {",_ZN7rocksdb19FillBenchmarkThread7FillOneEv,stp x29  x30  [sp  #-0x50]!
100.00,0.00 | 50.00 | 50.00 | 0.00,0.00,0.00 | 0.00 | 0.00 | 0.00,0.00,0.00 | 0.00 | 0.00 | 0.00,0.00,0.00 | 0.00 | 0.00 | 0.00,(null),0,(null),(null),(null)
100.00,100.00 | 0.00 | 0.00 | 0.00,0.00,0.00 | 0.00 | 0.00 | 0.00,0.00,0.00 | 0.00 | 0.00 | 0.00,0.00,0.00 | 0.00 | 0.00 | 0.00,/usr/aarch64-linux-gnu/include/bits/string_fortified.h,29,"  return __builtin___memcpy_chk (__dest, __src, __len,",_ZN7rocksdb19FillBenchmarkThread7FillOneEv,str x0  [x20]
100.00,100.00 | 0.00 | 0.00 | 0.00,0.00,0.00 | 0.00 | 0.00 | 0.00,0.00,0.00 | 0.00 | 0.00 | 0.00,0.00,0.00 | 0.00 | 0.00 | 0.00,/home/ubuntu/rocksdb/memory/arena.cc,109,"                             Logger* logger) {",_ZN7rocksdb5Arena15AllocateAlignedEmmPNS_6LoggerE,stp x19  x20  [sp  #0x10]
0.00,0.00 | 0.00 | 0.00 | 0.00,100.00,0.00 | 33.33 | 66.67 | 0.00,0.00,0.00 | 0.00 | 0.00 | 0.00,0.00,0.00 | 0.00 | 0.00 | 0.00,(null),0,(null),(null),(null)
100.00,100.00 | 0.00 | 0.00 | 0.00,0.00,0.00 | 0.00 | 0.00 | 0.00,0.00,0.00 | 0.00 | 0.00 | 0.00,0.00,0.00 | 0.00 | 0.00 | 0.00,(null),0,(null),(null),(null)
0.00,0.00 | 0.00 | 0.00 | 0.00,100.00,0.00 | 66.67 | 33.33 | 0.00,0.00,0.00 | 0.00 | 0.00 | 0.00,0.00,0.00 | 0.00 | 0.00 | 0.00,(null),0,(null),(null),(null)
100.00,33.33 | 33.33 | 33.33 | 0.00,0.00,0.00 | 0.00 | 0.00 | 0.00,0.00,0.00 | 0.00 | 0.00 | 0.00,0.00,0.00 | 0.00 | 0.00 | 0.00,src/hotline/hotline.c,212,(null),get_perf_event_timestamp,ldr w1  [x0]
50.00,100.00 | 0.00 | 0.00 | 0.00,0.00,0.00 | 0.00 | 0.00 | 0.00,50.00,0.00 | 0.00 | 100.00 | 0.00,0.00,0.00 | 0.00 | 0.00 | 0.00,(null),0,(null),(null),(null)
88.89,100.00 | 0.00 | 0.00 | 0.00,11.11,0.00 | 100.00 | 0.00 | 0.00,0.00,0.00 | 0.00 | 0.00 | 0.00,0.00,0.00 | 0.00 | 0.00 | 0.00,src/hotline/lat_map.c,29,(null),lat_map_compare,ldr x3  [x1  #0x18]
100.00,100.00 | 0.00 | 0.00 | 0.00,0.00,0.00 | 0.00 | 0.00 | 0.00,0.00,0.00 | 0.00 | 0.00 | 0.00,0.00,0.00 | 0.00 | 0.00 | 0.00,src/hotline/btree.c,126,(null),btree_get,ldr x2  [x22  #0x68]
100.00,66.67 | 0.00 | 33.33 | 0.00,0.00,0.00 | 0.00 | 0.00 | 0.00,0.00,0.00 | 0.00 | 0.00 | 0.00,0.00,0.00 | 0.00 | 0.00 | 0.00,(null),0,(null),(null),(null)
0.00,0.00 | 0.00 | 0.00 | 0.00,100.00,0.00 | 33.33 | 66.67 | 0.00,0.00,0.00 | 0.00 | 0.00 | 0.00,0.00,0.00 | 0.00 | 0.00 | 0.00,(null),0,(null),(null),(null)
100.00,100.00 | 0.00 | 0.00 | 0.00,0.00,0.00 | 0.00 | 0.00 | 0.00,0.00,0.00 | 0.00 | 0.00 | 0.00,0.00,0.00 | 0.00 | 0.00 | 0.00,/home/ubuntu/rocksdb/memtable/memtablerep_bench.cc,306,"      callback_args->found = true;",_ZN7rocksdb19ReadBenchmarkThread8callbackEPvPKc,strb w0  [x19]
25.00,100.00 | 0.00 | 0.00 | 0.00,75.00,0.00 | 33.33 | 66.67 | 0.00,0.00,0.00 | 0.00 | 0.00 | 0.00,0.00,0.00 | 0.00 | 0.00 | 0.00,(null),0,(null),(null),(null)
100.00,100.00 | 0.00 | 0.00 | 0.00,0.00,0.00 | 0.00 | 0.00 | 0.00,0.00,0.00 | 0.00 | 0.00 | 0.00,0.00,0.00 | 0.00 | 0.00 | 0.00,/home/ubuntu/rocksdb/memory/arena.cc,109,"                             Logger* logger) {",_ZN7rocksdb5Arena15AllocateAlignedEmmPNS_6LoggerE,stp x29  x30  [sp  #-0x60]!
75.00,66.67 | 33.33 | 0.00 | 0.00,25.00,0.00 | 100.00 | 0.00 | 0.00,0.00,0.00 | 0.00 | 0.00 | 0.00,0.00,0.00 | 0.00 | 0.00 | 0.00,src/hotline/bmiss_map.c,30,(null),bmiss_map_compare,ldr x3  [x1  #0x18]
100.00,75.00 | 25.00 | 0.00 | 0.00,0.00,0.00 | 0.00 | 0.00 | 0.00,0.00,0.00 | 0.00 | 0.00 | 0.00,0.00,0.00 | 0.00 | 0.00 | 0.00,(null),0,(null),(null),(null)
100.00,100.00 | 0.00 | 0.00 | 0.00,0.00,0.00 | 0.00 | 0.00 | 0.00,0.00,0.00 | 0.00 | 0.00 | 0.00,0.00,0.00 | 0.00 | 0.00 | 0.00,/home/ubuntu/rocksdb/memory/arena.cc,109,"                             Logger* logger) {",_ZN7rocksdb5Arena15AllocateAlignedEmmPNS_6LoggerE,str x6  [sp  #0x58]
100.00,100.00 | 0.00 | 0.00 | 0.00,0.00,0.00 | 0.00 | 0.00 | 0.00,0.00,0.00 | 0.00 | 0.00 | 0.00,0.00,0.00 | 0.00 | 0.00 | 0.00,/home/ubuntu/rocksdb/memtable/memtablerep_bench.cc,306,"      callback_args->found = true;",_ZN7rocksdb19ReadBenchmarkThread8callbackEPvPKc,strb w0  [x19]
100.00,0.00 | 100.00 | 0.00 | 0.00,0.00,0.00 | 0.00 | 0.00 | 0.00,0.00,0.00 | 0.00 | 0.00 | 0.00,0.00,0.00 | 0.00 | 0.00 | 0.00,(null),0,(null),(null),(null)
0.00,0.00 | 0.00 | 0.00 | 0.00,100.00,0.00 | 33.33 | 66.67 | 0.00,0.00,0.00 | 0.00 | 0.00 | 0.00,0.00,0.00 | 0.00 | 0.00 | 0.00,(null),0,(null),(null),(null)
100.00,0.00 | 100.00 | 0.00 | 0.00,0.00,0.00 | 0.00 | 0.00 | 0.00,0.00,0.00 | 0.00 | 0.00 | 0.00,0.00,0.00 | 0.00 | 0.00 | 0.00,src/hotline/hotline.c,205,(null),tsc_to_perf_time,ldrh w5  [x2  #0x32]
100.00,100.00 | 0.00 | 0.00 | 0.00,0.00,0.00 | 0.00 | 0.00 | 0.00,0.00,0.00 | 0.00 | 0.00 | 0.00,0.00,0.00 | 0.00 | 0.00 | 0.00,src/hotline/lat_map.c,29,(null),lat_map_compare,ldr x4  [x2  #0x18]
100.00,0.00 | 0.00 | 100.00 | 0.00,0.00,0.00 | 0.00 | 0.00 | 0.00,0.00,0.00 | 0.00 | 0.00 | 0.00,0.00,0.00 | 0.00 | 0.00 | 0.00,(null),0,(null),(null),(null)
100.00,50.00 | 50.00 | 0.00 | 0.00,0.00,0.00 | 0.00 | 0.00 | 0.00,0.00,0.00 | 0.00 | 0.00 | 0.00,0.00,0.00 | 0.00 | 0.00 | 0.00,(null),0,(null),(null),(null)
0.00,0.00 | 0.00 | 0.00 | 0.00,100.00,0.00 | 0.00 | 100.00 | 0.00,0.00,0.00 | 0.00 | 0.00 | 0.00,0.00,0.00 | 0.00 | 0.00 | 0.00,/home/ubuntu/rocksdb/memory/arena.cc,64,"  if (bytes > kBlockSize / 4) {",_ZN7rocksdb5Arena16AllocateFallbackEmb,ldr x22  [x0  #0x810]
100.00,33.33 | 33.33 | 33.33 | 0.00,0.00,0.00 | 0.00 | 0.00 | 0.00,0.00,0.00 | 0.00 | 0.00 | 0.00,0.00,0.00 | 0.00 | 0.00 | 0.00,src/hotline/hotline.c,203,(null),tsc_to_perf_time,ldrh w3  [x2  #0x32]
75.00,66.67 | 33.33 | 0.00 | 0.00,25.00,0.00 | 0.00 | 100.00 | 0.00,0.00,0.00 | 0.00 | 0.00 | 0.00,0.00,0.00 | 0.00 | 0.00 | 0.00,(null),0,(null),(null),(null)
100.00,33.33 | 0.00 | 66.67 | 0.00,0.00,0.00 | 0.00 | 0.00 | 0.00,0.00,0.00 | 0.00 | 0.00 | 0.00,0.00,0.00 | 0.00 | 0.00 | 0.00,(null),0,(null),(null),(null)
100.00,0.00 | 100.00 | 0.00 | 0.00,0.00,0.00 | 0.00 | 0.00 | 0.00,0.00,0.00 | 0.00 | 0.00 | 0.00,0.00,0.00 | 0.00 | 0.00 | 0.00,(null),0,(null),(null),(null)
0.00,0.00 | 0.00 | 0.00 | 0.00,100.00,0.00 | 0.00 | 100.00 | 0.00,0.00,0.00 | 0.00 | 0.00 | 0.00,0.00,0.00 | 0.00 | 0.00 | 0.00,(null),0,(null),(null),(null)
100.00,0.00 | 75.00 | 25.00 | 0.00,0.00,0.00 | 0.00 | 0.00 | 0.00,0.00,0.00 | 0.00 | 0.00 | 0.00,0.00,0.00 | 0.00 | 0.00 | 0.00,(null),0,(null),(null),(null)
100.00,100.00 | 0.00 | 0.00 | 0.00,0.00,0.00 | 0.00 | 0.00 | 0.00,0.00,0.00 | 0.00 | 0.00 | 0.00,0.00,0.00 | 0.00 | 0.00 | 0.00,src/hotline/hotline.c,311,(null),process_aux_buffer_record,ldr w1  [x0  #0x58]
100.00,0.00 | 100.00 | 0.00 | 0.00,0.00,0.00 | 0.00 | 0.00 | 0.00,0.00,0.00 | 0.00 | 0.00 | 0.00,0.00,0.00 | 0.00 | 0.00 | 0.00,(null),0,(null),(null),(null)
100.00,100.00 | 0.00 | 0.00 | 0.00,0.00,0.00 | 0.00 | 0.00 | 0.00,0.00,0.00 | 0.00 | 0.00 | 0.00,0.00,0.00 | 0.00 | 0.00 | 0.00,(null),0,(null),(null),(null)
100.00,66.67 | 33.33 | 0.00 | 0.00,0.00,0.00 | 0.00 | 0.00 | 0.00,0.00,0.00 | 0.00 | 0.00 | 0.00,0.00,0.00 | 0.00 | 0.00 | 0.00,src/hotline/hotline.c,200,(null),tsc_to_perf_time,ldr x1  [x2  #0x28]
100.00,20.00 | 80.00 | 0.00 | 0.00,0.00,0.00 | 0.00 | 0.00 | 0.00,0.00,0.00 | 0.00 | 0.00 | 0.00,0.00,0.00 | 0.00 | 0.00 | 0.00,src/hotline/btree.c,528,(null),btree_node_set,ldp x23  x24  [sp  #0x30]
33.33,100.00 | 0.00 | 0.00 | 0.00,66.67,0.00 | 0.00 | 100.00 | 0.00,0.00,0.00 | 0.00 | 0.00 | 0.00,0.00,0.00 | 0.00 | 0.00 | 0.00,(null),0,(null),(null),(null)
100.00,0.00 | 0.00 | 100.00 | 0.00,0.00,0.00 | 0.00 | 0.00 | 0.00,0.00,0.00 | 0.00 | 0.00 | 0.00,0.00,0.00 | 0.00 | 0.00 | 0.00,src/hotline/hotline.c,372,(null),process_software_buffer_up_to_ts,ldp x25  x26  [sp  #0x40]
100.00,25.00 | 75.00 | 0.00 | 0.00,0.00,0.00 | 0.00 | 0.00 | 0.00,0.00,0.00 | 0.00 | 0.00 | 0.00,0.00,0.00 | 0.00 | 0.00 | 0.00,(null),0,(null),(null),(null)
100.00,80.00 | 20.00 | 0.00 | 0.00,0.00,0.00 | 0.00 | 0.00 | 0.00,0.00,0.00 | 0.00 | 0.00 | 0.00,0.00,0.00 | 0.00 | 0.00 | 0.00,src/hotline/lat_map.c,22,(null),lat_map_compare,ldr x0  [x1  #8]
100.00,100.00 | 0.00 | 0.00 | 0.00,0.00,0.00 | 0.00 | 0.00 | 0.00,0.00,0.00 | 0.00 | 0.00 | 0.00,0.00,0.00 | 0.00 | 0.00 | 0.00,/home/ubuntu/rocksdb/memtable/inlineskiplist.h,1003,"      } else if (KeyIsAfterNode(key_decoded, splice->next_[recompute_height])) {",_ZN7rocksdb14InlineSkipListIRKNS_11MemTableRep13KeyComparatorEE6InsertILb0EEEbPKcPNS5_6SpliceEb,ldr x4  [x0  x19  lsl #3]
100.00,50.00 | 50.00 | 0.00 | 0.00,0.00,0.00 | 0.00 | 0.00 | 0.00,0.00,0.00 | 0.00 | 0.00 | 0.00,0.00,0.00 | 0.00 | 0.00 | 0.00,(null),0,(null),(null),(null)
100.00,50.00 | 50.00 | 0.00 | 0.00,0.00,0.00 | 0.00 | 0.00 | 0.00,0.00,0.00 | 0.00 | 0.00 | 0.00,0.00,0.00 | 0.00 | 0.00 | 0.00,src/hotline/btree.c,452,(null),btree_search,stp x23  x24  [sp  #0x30]
33.33,100.00 | 0.00 | 0.00 | 0.00,66.67,0.00 | 50.00 | 50.00 | 0.00,0.00,0.00 | 0.00 | 0.00 | 0.00,0.00,0.00 | 0.00 | 0.00 | 0.00,(null),0,(null),(null),(null)
100.00,0.00 | 0.00 | 100.00 | 0.00,0.00,0.00 | 0.00 | 0.00 | 0.00,0.00,0.00 | 0.00 | 0.00 | 0.00,0.00,0.00 | 0.00 | 0.00 | 0.00,(null),0,(null),(null),(null)
100.00,0.00 | 100.00 | 0.00 | 0.00,0.00,0.00 | 0.00 | 0.00 | 0.00,0.00,0.00 | 0.00 | 0.00 | 0.00,0.00,0.00 | 0.00 | 0.00 | 0.00,src/hotline/fname_map.c,223,(null),va_to_file_offset,ldr d0  [x4  #0x18]
100.00,100.00 | 0.00 | 0.00 | 0.00,0.00,0.00 | 0.00 | 0.00 | 0.00,0.00,0.00 | 0.00 | 0.00 | 0.00,0.00,0.00 | 0.00 | 0.00 | 0.00,???,0,???,???,???
33.33,100.00 | 0.00 | 0.00 | 0.00,66.67,0.00 | 50.00 | 50.00 | 0.00,0.00,0.00 | 0.00 | 0.00 | 0.00,0.00,0.00 | 0.00 | 0.00 | 0.00,(null),0,(null),(null),(null)
100.00,100.00 | 0.00 | 0.00 | 0.00,0.00,0.00 | 0.00 | 0.00 | 0.00,0.00,0.00 | 0.00 | 0.00 | 0.00,0.00,0.00 | 0.00 | 0.00 | 0.00,(null),0,(null),(null),(null)
100.00,85.71 | 14.29 | 0.00 | 0.00,0.00,0.00 | 0.00 | 0.00 | 0.00,0.00,0.00 | 0.00 | 0.00 | 0.00,0.00,0.00 | 0.00 | 0.00 | 0.00,/home/ubuntu/rocksdb/memtable/inlineskiplist.h,529,"  return (n != nullptr) && (compare_(n->Key(), key) < 0);",_ZN7rocksdb14InlineSkipListIRKNS_11MemTableRep13KeyComparatorEE6InsertILb0EEEbPKcPNS5_6SpliceEb,ldr x0  [x26  #0x10]
100.00,66.67 | 33.33 | 0.00 | 0.00,0.00,0.00 | 0.00 | 0.00 | 0.00,0.00,0.00 | 0.00 | 0.00 | 0.00,0.00,0.00 | 0.00 | 0.00 | 0.00,src/hotline/hotline.c,341,(null),process_software_buffer_up_to_ts,ldr x21  [x0  #0x418]
100.00,100.00 | 0.00 | 0.00 | 0.00,0.00,0.00 | 0.00 | 0.00 | 0.00,0.00,0.00 | 0.00 | 0.00 | 0.00,0.00,0.00 | 0.00 | 0.00 | 0.00,src/hotline/btree.c,191,(null),btree_search,ldr x3  [x20  #0x18]
100.00,0.00 | 100.00 | 0.00 | 0.00,0.00,0.00 | 0.00 | 0.00 | 0.00,0.00,0.00 | 0.00 | 0.00 | 0.00,0.00,0.00 | 0.00 | 0.00 | 0.00,(null),0,(null),(null),(null)
100.00,100.00 | 0.00 | 0.00 | 0.00,0.00,0.00 | 0.00 | 0.00 | 0.00,0.00,0.00 | 0.00 | 0.00 | 0.00,0.00,0.00 | 0.00 | 0.00 | 0.00,(null),0,(null),(null),(null)
100.00,100.00 | 0.00 | 0.00 | 0.00,0.00,0.00 | 0.00 | 0.00 | 0.00,0.00,0.00 | 0.00 | 0.00 | 0.00,0.00,0.00 | 0.00 | 0.00 | 0.00,src/hotline/btree.c,191,(null),btree_get,ldr x2  [x22  #0x38]
0.00,0.00 | 0.00 | 0.00 | 0.00,100.00,0.00 | 66.67 | 33.33 | 0.00,0.00,0.00 | 0.00 | 0.00 | 0.00,0.00,0.00 | 0.00 | 0.00 | 0.00,(null),0,(null),(null),(null)
100.00,0.00 | 0.00 | 100.00 | 0.00,0.00,0.00 | 0.00 | 0.00 | 0.00,0.00,0.00 | 0.00 | 0.00 | 0.00,0.00,0.00 | 0.00 | 0.00 | 0.00,(null),0,(null),(null),(null)
0.00,0.00 | 0.00 | 0.00 | 0.00,100.00,0.00 | 100.00 | 0.00 | 0.00,0.00,0.00 | 0.00 | 0.00 | 0.00,0.00,0.00 | 0.00 | 0.00 | 0.00,???,0,???,_ZN2v88internal4wasm7fuzzing12_GLOBAL__N_113WasmGeneratorILNS2_27WasmModuleGenerationOptionsE1EE14op_with_prefixILNS1_10WasmOpcodeE64881EJLNS1_9ValueKindE5ELS9_5EEEEvPNS3_9DataRangeE,movz w1  #0x1
100.00,0.00 | 100.00 | 0.00 | 0.00,0.00,0.00 | 0.00 | 0.00 | 0.00,0.00,0.00 | 0.00 | 0.00 | 0.00,0.00,0.00 | 0.00 | 0.00 | 0.00,src/hotline/btree.c,869,(null),btree_oom,ldrb w0  [x0  #0x70]
100.00,66.67 | 33.33 | 0.00 | 0.00,0.00,0.00 | 0.00 | 0.00 | 0.00,0.00,0.00 | 0.00 | 0.00 | 0.00,0.00,0.00 | 0.00 | 0.00 | 0.00,(null),0,(null),(null),(null)
100.00,100.00 | 0.00 | 0.00 | 0.00,0.00,0.00 | 0.00 | 0.00 | 0.00,0.00,0.00 | 0.00 | 0.00 | 0.00,0.00,0.00 | 0.00 | 0.00 | 0.00,(null),0,(null),(null),(null)
100.00,100.00 | 0.00 | 0.00 | 0.00,0.00,0.00 | 0.00 | 0.00 | 0.00,0.00,0.00 | 0.00 | 0.00 | 0.00,0.00,0.00 | 0.00 | 0.00 | 0.00,src/hotline/lat_map.c,22,(null),lat_map_compare,ldr x3  [x2  #8]
100.00,50.00 | 50.00 | 0.00 | 0.00,0.00,0.00 | 0.00 | 0.00 | 0.00,0.00,0.00 | 0.00 | 0.00 | 0.00,0.00,0.00 | 0.00 | 0.00 | 0.00,(null),0,(null),(null),(null)
100.00,0.00 | 100.00 | 0.00 | 0.00,0.00,0.00 | 0.00 | 0.00 | 0.00,0.00,0.00 | 0.00 | 0.00 | 0.00,0.00,0.00 | 0.00 | 0.00 | 0.00,(null),0,(null),(null),(null)
100.00,0.00 | 100.00 | 0.00 | 0.00,0.00,0.00 | 0.00 | 0.00 | 0.00,0.00,0.00 | 0.00 | 0.00 | 0.00,0.00,0.00 | 0.00 | 0.00 | 0.00,(null),0,(null),(null),(null)
100.00,100.00 | 0.00 | 0.00 | 0.00,0.00,0.00 | 0.00 | 0.00 | 0.00,0.00,0.00 | 0.00 | 0.00 | 0.00,0.00,0.00 | 0.00 | 0.00 | 0.00,(null),0,(null),(null),(null)
100.00,66.67 | 33.33 | 0.00 | 0.00,0.00,0.00 | 0.00 | 0.00 | 0.00,0.00,0.00 | 0.00 | 0.00 | 0.00,0.00,0.00 | 0.00 | 0.00 | 0.00,src/hotline/btree.c,75,(null),btree_node_set,ldr x0  [x25  #0x10]
100.00,0.00 | 100.00 | 0.00 | 0.00,0.00,0.00 | 0.00 | 0.00 | 0.00,0.00,0.00 | 0.00 | 0.00 | 0.00,0.00,0.00 | 0.00 | 0.00 | 0.00,/usr/include/c++/11/tuple,301,"      _Tuple_impl(_Tuple_impl&&) = default;",_ZN7rocksdb5Arena16AllocateNewBlockEm,str x20  [x1]  #8
100.00,0.00 | 100.00 | 0.00 | 0.00,0.00,0.00 | 0.00 | 0.00 | 0.00,0.00,0.00 | 0.00 | 0.00 | 0.00,0.00,0.00 | 0.00 | 0.00 | 0.00,(null),0,(null),(null),(null)
100.00,100.00 | 0.00 | 0.00 | 0.00,0.00,0.00 | 0.00 | 0.00 | 0.00,0.00,0.00 | 0.00 | 0.00 | 0.00,0.00,0.00 | 0.00 | 0.00 | 0.00,(null),0,(null),(null),(null)
100.00,100.00 | 0.00 | 0.00 | 0.00,0.00,0.00 | 0.00 | 0.00 | 0.00,0.00,0.00 | 0.00 | 0.00 | 0.00,0.00,0.00 | 0.00 | 0.00 | 0.00,src/hotline/btree.c,533,(null),btree_set0,ldr x4  [x0  #0x28]
100.00,60.00 | 40.00 | 0.00 | 0.00,0.00,0.00 | 0.00 | 0.00 | 0.00,0.00,0.00 | 0.00 | 0.00 | 0.00,0.00,0.00 | 0.00 | 0.00 | 0.00,???,0,???,???,???
100.00,0.00 | 100.00 | 0.00 | 0.00,0.00,0.00 | 0.00 | 0.00 | 0.00,0.00,0.00 | 0.00 | 0.00 | 0.00,0.00,0.00 | 0.00 | 0.00 | 0.00,src/hotline/btree.c,542,(null),btree_set0,ldp x25  x26  [sp  #0x40]
100.00,0.00 | 0.00 | 100.00 | 0.00,0.00,0.00 | 0.00 | 0.00 | 0.00,0.00,0.00 | 0.00 | 0.00 | 0.00,0.00,0.00 | 0.00 | 0.00 | 0.00,(null),0,(null),(null),(null)
100.00,100.00 | 0.00 | 0.00 | 0.00,0.00,0.00 | 0.00 | 0.00 | 0.00,0.00,0.00 | 0.00 | 0.00 | 0.00,0.00,0.00 | 0.00 | 0.00 | 0.00,(null),0,(null),(null),(null)
100.00,66.67 | 33.33 | 0.00 | 0.00,0.00,0.00 | 0.00 | 0.00 | 0.00,0.00,0.00 | 0.00 | 0.00 | 0.00,0.00,0.00 | 0.00 | 0.00 | 0.00,src/hotline/hotline.c,201,(null),tsc_to_perf_time,ldr x1  [x2  #0x50]
100.00,66.67 | 33.33 | 0.00 | 0.00,0.00,0.00 | 0.00 | 0.00 | 0.00,0.00,0.00 | 0.00 | 0.00 | 0.00,0.00,0.00 | 0.00 | 0.00 | 0.00,src/hotline/fname_map.c,234,(null),va_to_file_offset,ldr x1  [x0]
100.00,100.00 | 0.00 | 0.00 | 0.00,0.00,0.00 | 0.00 | 0.00 | 0.00,0.00,0.00 | 0.00 | 0.00 | 0.00,0.00,0.00 | 0.00 | 0.00 | 0.00,src/hotline/fname_map.c,172,(null),update_filename_cached_entry,ldr x0  [x1  #8]
100.00,0.00 | 0.00 | 100.00 | 0.00,0.00,0.00 | 0.00 | 0.00 | 0.00,0.00,0.00 | 0.00 | 0.00 | 0.00,0.00,0.00 | 0.00 | 0.00 | 0.00,(null),0,(null),(null),(null)
100.00,0.00 | 100.00 | 0.00 | 0.00,0.00,0.00 | 0.00 | 0.00 | 0.00,0.00,0.00 | 0.00 | 0.00 | 0.00,0.00,0.00 | 0.00 | 0.00 | 0.00,???,0,???,_ZN2v84base7ieee7544asinEd,ldr d4  [x0  #0x720]
100.00,100.00 | 0.00 | 0.00 | 0.00,0.00,0.00 | 0.00 | 0.00 | 0.00,0.00,0.00 | 0.00 | 0.00 | 0.00,0.00,0.00 | 0.00 | 0.00 | 0.00,src/hotline/btree.c,197,(null),btree_get,ldurh w25  [x21  #5]
100.00,100.00 | 0.00 | 0.00 | 0.00,0.00,0.00 | 0.00 | 0.00 | 0.00,0.00,0.00 | 0.00 | 0.00 | 0.00,0.00,0.00 | 0.00 | 0.00 | 0.00,(null),0,(null),(null),(null)
100.00,75.00 | 25.00 | 0.00 | 0.00,0.00,0.00 | 0.00 | 0.00 | 0.00,0.00,0.00 | 0.00 | 0.00 | 0.00,0.00,0.00 | 0.00 | 0.00 | 0.00,src/hotline/btree.c,126,(null),btree_search,ldr x1  [x26  #8]
100.00,50.00 | 50.00 | 0.00 | 0.00,0.00,0.00 | 0.00 | 0.00 | 0.00,0.00,0.00 | 0.00 | 0.00 | 0.00,0.00,0.00 | 0.00 | 0.00 | 0.00,(null),0,(null),(null),(null)
100.00,0.00 | 0.00 | 100.00 | 0.00,0.00,0.00 | 0.00 | 0.00 | 0.00,0.00,0.00 | 0.00 | 0.00 | 0.00,0.00,0.00 | 0.00 | 0.00 | 0.00,src/hotline/hotline.c,372,(null),process_software_buffer_up_to_ts,ldp x21  x22  [sp  #0x20]
100.00,100.00 | 0.00 | 0.00 | 0.00,0.00,0.00 | 0.00 | 0.00 | 0.00,0.00,0.00 | 0.00 | 0.00 | 0.00,0.00,0.00 | 0.00 | 0.00 | 0.00,???,0,???,_ZL22mangled_class_encodingP6a_typeiiiP24a_mangling_control_block,add x20  x20  #0x9a0
100.00,100.00 | 0.00 | 0.00 | 0.00,0.00,0.00 | 0.00 | 0.00 | 0.00,0.00,0.00 | 0.00 | 0.00 | 0.00,0.00,0.00 | 0.00 | 0.00 | 0.00,/usr/include/c++/11/bits/hashtable.h,1833,"      __node_base_ptr __prev_p = _M_buckets[__bkt];",_ZNSt10_HashtableINSt7__cxx1112basic_stringIcSt11char_traitsIcESaIcEEESt4pairIKS5_N7rocksdb9ValueTypeEESaISA_ENSt8__detail10_Select1stESt8equal_toIS5_ESt4hashIS5_ENSC_18_Mod_range_hashingENSC_20_Default_ranged_hashENSC_20_Prime_rehash_policyENSC_17_Hashtable_traitsILb1ELb0ELb1EEEEC1IPKSA_EET_SR_mRKSH_RKSF_RKSB_St17integral_constantIbLb1EE,ldr x28  [x0  x27  lsl #3]
100.00,100.00 | 0.00 | 0.00 | 0.00,0.00,0.00 | 0.00 | 0.00 | 0.00,0.00,0.00 | 0.00 | 0.00 | 0.00,0.00,0.00 | 0.00 | 0.00 | 0.00,(null),0,(null),(null),(null)
100.00,100.00 | 0.00 | 0.00 | 0.00,0.00,0.00 | 0.00 | 0.00 | 0.00,0.00,0.00 | 0.00 | 0.00 | 0.00,0.00,0.00 | 0.00 | 0.00 | 0.00,(null),0,(null),(null),(null)
0.00,0.00 | 0.00 | 0.00 | 0.00,100.00,0.00 | 0.00 | 100.00 | 0.00,0.00,0.00 | 0.00 | 0.00 | 0.00,0.00,0.00 | 0.00 | 0.00 | 0.00,(null),0,(null),(null),(null)
100.00,50.00 | 50.00 | 0.00 | 0.00,0.00,0.00 | 0.00 | 0.00 | 0.00,0.00,0.00 | 0.00 | 0.00 | 0.00,0.00,0.00 | 0.00 | 0.00 | 0.00,(null),0,(null),(null),(null)
100.00,0.00 | 100.00 | 0.00 | 0.00,0.00,0.00 | 0.00 | 0.00 | 0.00,0.00,0.00 | 0.00 | 0.00 | 0.00,0.00,0.00 | 0.00 | 0.00 | 0.00,(null),0,(null),(null),(null)
100.00,0.00 | 50.00 | 50.00 | 0.00,0.00,0.00 | 0.00 | 0.00 | 0.00,0.00,0.00 | 0.00 | 0.00 | 0.00,0.00,0.00 | 0.00 | 0.00 | 0.00,/usr/include/c++/11/bits/deque.tcc,167,"	if (this->_M_impl._M_finish._M_cur",_ZN7rocksdb5Arena16AllocateNewBlockEm,ldr x1  [x21  #0x30]
100.00,50.00 | 0.00 | 50.00 | 0.00,0.00,0.00 | 0.00 | 0.00 | 0.00,0.00,0.00 | 0.00 | 0.00 | 0.00,0.00,0.00 | 0.00 | 0.00 | 0.00,(null),0,(null),(null),(null)
100.00,100.00 | 0.00 | 0.00 | 0.00,0.00,0.00 | 0.00 | 0.00 | 0.00,0.00,0.00 | 0.00 | 0.00 | 0.00,0.00,0.00 | 0.00 | 0.00 | 0.00,src/hotline/fname_map.c,172,(null),update_filename_cached_entry,ldr x2  [x1]
100.00,100.00 | 0.00 | 0.00 | 0.00,0.00,0.00 | 0.00 | 0.00 | 0.00,0.00,0.00 | 0.00 | 0.00 | 0.00,0.00,0.00 | 0.00 | 0.00 | 0.00,src/hotline/bmiss_map.c,23,(null),bmiss_map_compare,ldr x3  [x2  #8]
100.00,100.00 | 0.00 | 0.00 | 0.00,0.00,0.00 | 0.00 | 0.00 | 0.00,0.00,0.00 | 0.00 | 0.00 | 0.00,0.00,0.00 | 0.00 | 0.00 | 0.00,src/hotline/btree.c,126,(null),btree_get,ldr x1  [x21  #8]
100.00,100.00 | 0.00 | 0.00 | 0.00,0.00,0.00 | 0.00 | 0.00 | 0.00,0.00,0.00 | 0.00 | 0.00 | 0.00,0.00,0.00 | 0.00 | 0.00 | 0.00,(null),0,(null),(null),(null)
100.00,0.00 | 100.00 | 0.00 | 0.00,0.00,0.00 | 0.00 | 0.00 | 0.00,0.00,0.00 | 0.00 | 0.00 | 0.00,0.00,0.00 | 0.00 | 0.00 | 0.00,(null),0,(null),(null),(null)
100.00,0.00 | 100.00 | 0.00 | 0.00,0.00,0.00 | 0.00 | 0.00 | 0.00,0.00,0.00 | 0.00 | 0.00 | 0.00,0.00,0.00 | 0.00 | 0.00 | 0.00,src/hotline/hotline.c,365,(null),process_software_buffer_up_to_ts,ldrh w0  [x19  #6]
100.00,0.00 | 0.00 | 100.00 | 0.00,0.00,0.00 | 0.00 | 0.00 | 0.00,0.00,0.00 | 0.00 | 0.00 | 0.00,0.00,0.00 | 0.00 | 0.00 | 0.00,(null),0,(null),(null),(null)
100.00,100.00 | 0.00 | 0.00 | 0.00,0.00,0.00 | 0.00 | 0.00 | 0.00,0.00,0.00 | 0.00 | 0.00 | 0.00,0.00,0.00 | 0.00 | 0.00 | 0.00,(null),0,(null),(null),(null)
100.00,66.67 | 33.33 | 0.00 | 0.00,0.00,0.00 | 0.00 | 0.00 | 0.00,0.00,0.00 | 0.00 | 0.00 | 0.00,0.00,0.00 | 0.00 | 0.00 | 0.00,(null),0,(null),(null),(null)
0.00,0.00 | 0.00 | 0.00 | 0.00,100.00,0.00 | 100.00 | 0.00 | 0.00,0.00,0.00 | 0.00 | 0.00 | 0.00,0.00,0.00 | 0.00 | 0.00 | 0.00,src/hotline/hotline.c,398,(null),process_aux_buffer,ldr x0  [x19  #0x38]
100.00,33.33 | 66.67 | 0.00 | 0.00,0.00,0.00 | 0.00 | 0.00 | 0.00,0.00,0.00 | 0.00 | 0.00 | 0.00,0.00,0.00 | 0.00 | 0.00 | 0.00,src/hotline/btree.c,528,(null),btree_node_set,ldr x3  [sp  #0x88]
100.00,0.00 | 100.00 | 0.00 | 0.00,0.00,0.00 | 0.00 | 0.00 | 0.00,0.00,0.00 | 0.00 | 0.00 | 0.00,0.00,0.00 | 0.00 | 0.00 | 0.00,src/hotline/hotline.c,334,(null),process_software_buffer_up_to_ts,ldr x25  [x22  #0x70]
100.00,0.00 | 100.00 | 0.00 | 0.00,0.00,0.00 | 0.00 | 0.00 | 0.00,0.00,0.00 | 0.00 | 0.00 | 0.00,0.00,0.00 | 0.00 | 0.00 | 0.00,src/hotline/btree.c,460,(null),btree_search,ldp x21  x22  [sp  #0x20]
100.00,100.00 | 0.00 | 0.00 | 0.00,0.00,0.00 | 0.00 | 0.00 | 0.00,0.00,0.00 | 0.00 | 0.00 | 0.00,0.00,0.00 | 0.00 | 0.00 | 0.00,(null),0,(null),(null),(null)
100.00,0.00 | 100.00 | 0.00 | 0.00,0.00,0.00 | 0.00 | 0.00 | 0.00,0.00,0.00 | 0.00 | 0.00 | 0.00,0.00,0.00 | 0.00 | 0.00 | 0.00,???,0,???,_Z31concat_adjacent_string_literalsi,mov w1  w0
50.00,0.00 | 100.00 | 0.00 | 0.00,50.00,0.00 | 100.00 | 0.00 | 0.00,0.00,0.00 | 0.00 | 0.00 | 0.00,0.00,0.00 | 0.00 | 0.00 | 0.00,(null),0,(null),(null),(null)
100.00,50.00 | 50.00 | 0.00 | 0.00,0.00,0.00 | 0.00 | 0.00 | 0.00,0.00,0.00 | 0.00 | 0.00 | 0.00,0.00,0.00 | 0.00 | 0.00 | 0.00,(null),0,(null),(null),(null)
0.00,0.00 | 0.00 | 0.00 | 0.00,100.00,0.00 | 100.00 | 0.00 | 0.00,0.00,0.00 | 0.00 | 0.00 | 0.00,0.00,0.00 | 0.00 | 0.00 | 0.00,(null),0,(null),(null),(null)
100.00,0.00 | 100.00 | 0.00 | 0.00,0.00,0.00 | 0.00 | 0.00 | 0.00,0.00,0.00 | 0.00 | 0.00 | 0.00,0.00,0.00 | 0.00 | 0.00 | 0.00,(null),0,(null),(null),(null)
100.00,0.00 | 100.00 | 0.00 | 0.00,0.00,0.00 | 0.00 | 0.00 | 0.00,0.00,0.00 | 0.00 | 0.00 | 0.00,0.00,0.00 | 0.00 | 0.00 | 0.00,/home/ubuntu/rocksdb/memory/arena.cc,93,"}",_ZN7rocksdb5Arena16AllocateFallbackEmb,ldp x21  x22  [sp  #0x20]
0.00,0.00 | 0.00 | 0.00 | 0.00,100.00,0.00 | 100.00 | 0.00 | 0.00,0.00,0.00 | 0.00 | 0.00 | 0.00,0.00,0.00 | 0.00 | 0.00 | 0.00,???,0,???,???,???
100.00,0.00 | 100.00 | 0.00 | 0.00,0.00,0.00 | 0.00 | 0.00 | 0.00,0.00,0.00 | 0.00 | 0.00 | 0.00,0.00,0.00 | 0.00 | 0.00 | 0.00,(null),0,(null),(null),(null)
100.00,0.00 | 0.00 | 100.00 | 0.00,0.00,0.00 | 0.00 | 0.00 | 0.00,0.00,0.00 | 0.00 | 0.00 | 0.00,0.00,0.00 | 0.00 | 0.00 | 0.00,(null),0,(null),(null),(null)
100.00,100.00 | 0.00 | 0.00 | 0.00,0.00,0.00 | 0.00 | 0.00 | 0.00,0.00,0.00 | 0.00 | 0.00 | 0.00,0.00,0.00 | 0.00 | 0.00 | 0.00,(null),0,(null),(null),(null)
100.00,100.00 | 0.00 | 0.00 | 0.00,0.00,0.00 | 0.00 | 0.00 | 0.00,0.00,0.00 | 0.00 | 0.00 | 0.00,0.00,0.00 | 0.00 | 0.00 | 0.00,(null),0,(null),(null),(null)
100.00,100.00 | 0.00 | 0.00 | 0.00,0.00,0.00 | 0.00 | 0.00 | 0.00,0.00,0.00 | 0.00 | 0.00 | 0.00,0.00,0.00 | 0.00 | 0.00 | 0.00,(null),0,(null),(null),(null)
100.00,100.00 | 0.00 | 0.00 | 0.00,0.00,0.00 | 0.00 | 0.00 | 0.00,0.00,0.00 | 0.00 | 0.00 | 0.00,0.00,0.00 | 0.00 | 0.00 | 0.00,(null),0,(null),(null),(null)
100.00,100.00 | 0.00 | 0.00 | 0.00,0.00,0.00 | 0.00 | 0.00 | 0.00,0.00,0.00 | 0.00 | 0.00 | 0.00,0.00,0.00 | 0.00 | 0.00 | 0.00,src/hotline/bmiss_map.c,30,(null),bmiss_map_compare,ldr x4  [x2  #0x18]
100.00,100.00 | 0.00 | 0.00 | 0.00,0.00,0.00 | 0.00 | 0.00 | 0.00,0.00,0.00 | 0.00 | 0.00 | 0.00,0.00,0.00 | 0.00 | 0.00 | 0.00,(null),0,(null),(null),(null)
100.00,0.00 | 100.00 | 0.00 | 0.00,0.00,0.00 | 0.00 | 0.00 | 0.00,0.00,0.00 | 0.00 | 0.00 | 0.00,0.00,0.00 | 0.00 | 0.00 | 0.00,(null),0,(null),(null),(null)
100.00,100.00 | 0.00 | 0.00 | 0.00,0.00,0.00 | 0.00 | 0.00 | 0.00,0.00,0.00 | 0.00 | 0.00 | 0.00,0.00,0.00 | 0.00 | 0.00 | 0.00,(null),0,(null),(null),(null)
100.00,100.00 | 0.00 | 0.00 | 0.00,0.00,0.00 | 0.00 | 0.00 | 0.00,0.00,0.00 | 0.00 | 0.00 | 0.00,0.00,0.00 | 0.00 | 0.00 | 0.00,(null),0,(null),(null),(null)
100.00,75.00 | 25.00 | 0.00 | 0.00,0.00,0.00 | 0.00 | 0.00 | 0.00,0.00,0.00 | 0.00 | 0.00 | 0.00,0.00,0.00 | 0.00 | 0.00 | 0.00,src/hotline/btree.c,191,(null),btree_get,ldr x3  [x22  #0x18]
100.00,50.00 | 50.00 | 0.00 | 0.00,0.00,0.00 | 0.00 | 0.00 | 0.00,0.00,0.00 | 0.00 | 0.00 | 0.00,0.00,0.00 | 0.00 | 0.00 | 0.00,src/hotline/btree.c,126,(null),btree_search,ldr x2  [x20  #0x68]
100.00,66.67 | 0.00 | 33.33 | 0.00,0.00,0.00 | 0.00 | 0.00 | 0.00,0.00,0.00 | 0.00 | 0.00 | 0.00,0.00,0.00 | 0.00 | 0.00 | 0.00,(null),0,(null),(null),(null)
100.00,50.00 | 0.00 | 50.00 | 0.00,0.00,0.00 | 0.00 | 0.00 | 0.00,0.00,0.00 | 0.00 | 0.00 | 0.00,0.00,0.00 | 0.00 | 0.00 | 0.00,/usr/include/c++/11/bits/random.tcc,421,"      _M_p = 0;",_ZNSt23mersenne_twister_engineImLm64ELm312ELm156ELm31ELm13043109905998158313ELm29ELm6148914691236517205ELm17ELm8202884508482404352ELm37ELm18444473444759240704ELm43ELm6364136223846793005EE11_M_gen_randEv,str xzr  [x0  #0x9c0]
100.00,100.00 | 0.00 | 0.00 | 0.00,0.00,0.00 | 0.00 | 0.00 | 0.00,0.00,0.00 | 0.00 | 0.00 | 0.00,0.00,0.00 | 0.00 | 0.00 | 0.00,(null),0,(null),(null),(null)
100.00,50.00 | 50.00 | 0.00 | 0.00,0.00,0.00 | 0.00 | 0.00 | 0.00,0.00,0.00 | 0.00 | 0.00 | 0.00,0.00,0.00 | 0.00 | 0.00 | 0.00,(null),0,(null),(null),(null)
100.00,50.00 | 50.00 | 0.00 | 0.00,0.00,0.00 | 0.00 | 0.00 | 0.00,0.00,0.00 | 0.00 | 0.00 | 0.00,0.00,0.00 | 0.00 | 0.00 | 0.00,src/hotline/btree.c,596,(null),btree_get,ldr x21  [x0  #0x40]
100.00,0.00 | 100.00 | 0.00 | 0.00,0.00,0.00 | 0.00 | 0.00 | 0.00,0.00,0.00 | 0.00 | 0.00 | 0.00,0.00,0.00 | 0.00 | 0.00 | 0.00,src/hotline/btree.c,796,(null),btree_get,ldp x29  x30  [sp]  #0x60
100.00,100.00 | 0.00 | 0.00 | 0.00,0.00,0.00 | 0.00 | 0.00 | 0.00,0.00,0.00 | 0.00 | 0.00 | 0.00,0.00,0.00 | 0.00 | 0.00 | 0.00,src/hotline/fname_map.c,176,(null),update_filename_cached_entry,str x0  [x1]
100.00,100.00 | 0.00 | 0.00 | 0.00,0.00,0.00 | 0.00 | 0.00 | 0.00,0.00,0.00 | 0.00 | 0.00 | 0.00,0.00,0.00 | 0.00 | 0.00 | 0.00,(null),0,(null),(null),(null)
100.00,100.00 | 0.00 | 0.00 | 0.00,0.00,0.00 | 0.00 | 0.00 | 0.00,0.00,0.00 | 0.00 | 0.00 | 0.00,0.00,0.00 | 0.00 | 0.00 | 0.00,/usr/aarch64-linux-gnu/include/bits/string_fortified.h,29,"  return __builtin___memcpy_chk (__dest, __src, __len,",process_aux_buffer_record,ldur w3  [x19  #1]
100.00,100.00 | 0.00 | 0.00 | 0.00,0.00,0.00 | 0.00 | 0.00 | 0.00,0.00,0.00 | 0.00 | 0.00 | 0.00,0.00,0.00 | 0.00 | 0.00 | 0.00,src/hotline/hotline.c,350,(null),process_software_buffer_up_to_ts,ldrh w1  [x19  #6]
100.00,100.00 | 0.00 | 0.00 | 0.00,0.00,0.00 | 0.00 | 0.00 | 0.00,0.00,0.00 | 0.00 | 0.00 | 0.00,0.00,0.00 | 0.00 | 0.00 | 0.00,/home/ubuntu/rocksdb/memory/arena.cc,82,"  alloc_bytes_remaining_ = size - bytes;",_ZN7rocksdb5Arena16AllocateFallbackEmb,str x1  [x19  #0x8d0]
100.00,0.00 | 100.00 | 0.00 | 0.00,0.00,0.00 | 0.00 | 0.00 | 0.00,0.00,0.00 | 0.00 | 0.00 | 0.00,0.00,0.00 | 0.00 | 0.00 | 0.00,(null),0,(null),(null),(null)
100.00,50.00 | 50.00 | 0.00 | 0.00,0.00,0.00 | 0.00 | 0.00 | 0.00,0.00,0.00 | 0.00 | 0.00 | 0.00,0.00,0.00 | 0.00 | 0.00 | 0.00,(null),0,(null),(null),(null)
100.00,66.67 | 33.33 | 0.00 | 0.00,0.00,0.00 | 0.00 | 0.00 | 0.00,0.00,0.00 | 0.00 | 0.00 | 0.00,0.00,0.00 | 0.00 | 0.00 | 0.00,/home/ubuntu/.rustup/toolchains/stable-aarch64-unknown-linux-gnu/lib/rustlib/src/rust/library/core/src/alloc/layout.rs,161,(null),_ZN63_$LT$alloc..alloc..Global$u20$as$u20$core..alloc..Allocator$GT$10deallocate17h0f45ec0612148410E,ldr x2  [sp  #0x10]
100.00,0.00 | 100.00 | 0.00 | 0.00,0.00,0.00 | 0.00 | 0.00 | 0.00,0.00,0.00 | 0.00 | 0.00 | 0.00,0.00,0.00 | 0.00 | 0.00 | 0.00,(null),0,(null),(null),(null)
100.00,0.00 | 0.00 | 100.00 | 0.00,0.00,0.00 | 0.00 | 0.00 | 0.00,0.00,0.00 | 0.00 | 0.00 | 0.00,0.00,0.00 | 0.00 | 0.00 | 0.00,(null),0,(null),(null),(null)
100.00,100.00 | 0.00 | 0.00 | 0.00,0.00,0.00 | 0.00 | 0.00 | 0.00,0.00,0.00 | 0.00 | 0.00 | 0.00,0.00,0.00 | 0.00 | 0.00 | 0.00,(null),0,(null),(null),(null)
100.00,100.00 | 0.00 | 0.00 | 0.00,0.00,0.00 | 0.00 | 0.00 | 0.00,0.00,0.00 | 0.00 | 0.00 | 0.00,0.00,0.00 | 0.00 | 0.00 | 0.00,(null),0,(null),(null),(null)
100.00,0.00 | 100.00 | 0.00 | 0.00,0.00,0.00 | 0.00 | 0.00 | 0.00,0.00,0.00 | 0.00 | 0.00 | 0.00,0.00,0.00 | 0.00 | 0.00 | 0.00,(null),0,(null),(null),(null)
100.00,100.00 | 0.00 | 0.00 | 0.00,0.00,0.00 | 0.00 | 0.00 | 0.00,0.00,0.00 | 0.00 | 0.00 | 0.00,0.00,0.00 | 0.00 | 0.00 | 0.00,(null),0,(null),(null),(null)
100.00,100.00 | 0.00 | 0.00 | 0.00,0.00,0.00 | 0.00 | 0.00 | 0.00,0.00,0.00 | 0.00 | 0.00 | 0.00,0.00,0.00 | 0.00 | 0.00 | 0.00,src/hotline/btree.c,191,(null),btree_search,ldr x2  [x20  #0x38]
100.00,33.33 | 66.67 | 0.00 | 0.00,0.00,0.00 | 0.00 | 0.00 | 0.00,0.00,0.00 | 0.00 | 0.00 | 0.00,0.00,0.00 | 0.00 | 0.00 | 0.00,(null),0,(null),(null),(null)
100.00,0.00 | 100.00 | 0.00 | 0.00,0.00,0.00 | 0.00 | 0.00 | 0.00,0.00,0.00 | 0.00 | 0.00 | 0.00,0.00,0.00 | 0.00 | 0.00 | 0.00,(null),0,(null),(null),(null)
100.00,0.00 | 0.00 | 100.00 | 0.00,0.00,0.00 | 0.00 | 0.00 | 0.00,0.00,0.00 | 0.00 | 0.00 | 0.00,0.00,0.00 | 0.00 | 0.00 | 0.00,???,0,???,_ZN4node8profiler14StartProfilersEPNS_11EnvironmentE,str x3  [sp  #0xa8]
100.00,100.00 | 0.00 | 0.00 | 0.00,0.00,0.00 | 0.00 | 0.00 | 0.00,0.00,0.00 | 0.00 | 0.00 | 0.00,0.00,0.00 | 0.00 | 0.00 | 0.00,src/hotline/hotline.c,411,(null),process_aux_buffer,str x1  [x0  #0x428]
100.00,100.00 | 0.00 | 0.00 | 0.00,0.00,0.00 | 0.00 | 0.00 | 0.00,0.00,0.00 | 0.00 | 0.00 | 0.00,0.00,0.00 | 0.00 | 0.00 | 0.00,src/hotline/btree.c,531,(null),btree_set0,strb wzr  [x0  #0x70]
100.00,100.00 | 0.00 | 0.00 | 0.00,0.00,0.00 | 0.00 | 0.00 | 0.00,0.00,0.00 | 0.00 | 0.00 | 0.00,0.00,0.00 | 0.00 | 0.00 | 0.00,src/hotline/btree.c,492,(null),btree_node_set,stp x21  x22  [sp  #0x20]
100.00,50.00 | 50.00 | 0.00 | 0.00,0.00,0.00 | 0.00 | 0.00 | 0.00,0.00,0.00 | 0.00 | 0.00 | 0.00,0.00,0.00 | 0.00 | 0.00 | 0.00,(null),0,(null),(null),(null)
100.00,100.00 | 0.00 | 0.00 | 0.00,0.00,0.00 | 0.00 | 0.00 | 0.00,0.00,0.00 | 0.00 | 0.00 | 0.00,0.00,0.00 | 0.00 | 0.00 | 0.00,(null),0,(null),(null),(null)
100.00,100.00 | 0.00 | 0.00 | 0.00,0.00,0.00 | 0.00 | 0.00 | 0.00,0.00,0.00 | 0.00 | 0.00 | 0.00,0.00,0.00 | 0.00 | 0.00 | 0.00,(null),0,(null),(null),(null)
100.00,75.00 | 25.00 | 0.00 | 0.00,0.00,0.00 | 0.00 | 0.00 | 0.00,0.00,0.00 | 0.00 | 0.00 | 0.00,0.00,0.00 | 0.00 | 0.00 | 0.00,src/hotline/btree.c,794,(null),btree_get,str x0  [sp  #0x58]
100.00,66.67 | 33.33 | 0.00 | 0.00,0.00,0.00 | 0.00 | 0.00 | 0.00,0.00,0.00 | 0.00 | 0.00 | 0.00,0.00,0.00 | 0.00 | 0.00 | 0.00,(null),0,(null),(null),(null)
100.00,0.00 | 0.00 | 100.00 | 0.00,0.00,0.00 | 0.00 | 0.00 | 0.00,0.00,0.00 | 0.00 | 0.00 | 0.00,0.00,0.00 | 0.00 | 0.00 | 0.00,/home/ubuntu/.rustup/toolchains/stable-aarch64-unknown-linux-gnu/lib/rustlib/src/rust/library/core/src/iter/adapters/enumerate.rs,0,(null),_ZN110_$LT$core..iter..adapters..enumerate..Enumerate$LT$I$GT$$u20$as$u20$core..iter..traits..iterator..Iterator$GT$4next17h6ae4d4bb8211729aE,ldr x8  [sp]
100.00,100.00 | 0.00 | 0.00 | 0.00,0.00,0.00 | 0.00 | 0.00 | 0.00,0.00,0.00 | 0.00 | 0.00 | 0.00,0.00,0.00 | 0.00 | 0.00 | 0.00,/home/ubuntu/.rustup/toolchains/stable-aarch64-unknown-linux-gnu/lib/rustlib/src/rust/library/core/src/ptr/mod.rs,524,(null),_ZN4core3ptr46drop_in_place$LT$alloc..vec..Vec$LT$u8$GT$$GT$17hca8868a122943a62E,str x8  [sp  #8]
100.00,100.00 | 0.00 | 0.00 | 0.00,0.00,0.00 | 0.00 | 0.00 | 0.00,0.00,0.00 | 0.00 | 0.00 | 0.00,0.00,0.00 | 0.00 | 0.00 | 0.00,(null),0,(null),(null),(null)
100.00,100.00 | 0.00 | 0.00 | 0.00,0.00,0.00 | 0.00 | 0.00 | 0.00,0.00,0.00 | 0.00 | 0.00 | 0.00,0.00,0.00 | 0.00 | 0.00 | 0.00,(null),0,(null),(null),(null)
100.00,100.00 | 0.00 | 0.00 | 0.00,0.00,0.00 | 0.00 | 0.00 | 0.00,0.00,0.00 | 0.00 | 0.00 | 0.00,0.00,0.00 | 0.00 | 0.00 | 0.00,(null),0,(null),(null),(null)
100.00,100.00 | 0.00 | 0.00 | 0.00,0.00,0.00 | 0.00 | 0.00 | 0.00,0.00,0.00 | 0.00 | 0.00 | 0.00,0.00,0.00 | 0.00 | 0.00 | 0.00,src/hotline/btree.c,551,(null),btree_set0,ldr x21  [x19  #0x40]
100.00,0.00 | 100.00 | 0.00 | 0.00,0.00,0.00 | 0.00 | 0.00 | 0.00,0.00,0.00 | 0.00 | 0.00 | 0.00,0.00,0.00 | 0.00 | 0.00 | 0.00,(null),0,(null),(null),(null)
100.00,50.00 | 50.00 | 0.00 | 0.00,0.00,0.00 | 0.00 | 0.00 | 0.00,0.00,0.00 | 0.00 | 0.00 | 0.00,0.00,0.00 | 0.00 | 0.00 | 0.00,(null),0,(null),(null),(null)
100.00,100.00 | 0.00 | 0.00 | 0.00,0.00,0.00 | 0.00 | 0.00 | 0.00,0.00,0.00 | 0.00 | 0.00 | 0.00,0.00,0.00 | 0.00 | 0.00 | 0.00,???,0,???,_ZNSt8_Rb_treeIPKNSt7__cxx1112basic_stringIcSt11char_traitsIcESaIcEEES7_St9_IdentityIS7_EN4msvc12less_str_ptrIcEESaIS7_EE8_M_eraseEPSt13_Rb_tree_nodeIS7_E.isra.0,stp x21  x22  [sp  #0x20]
100.00,0.00 | 100.00 | 0.00 | 0.00,0.00,0.00 | 0.00 | 0.00 | 0.00,0.00,0.00 | 0.00 | 0.00 | 0.00,0.00,0.00 | 0.00 | 0.00 | 0.00,src/hotline/btree.c,460,(null),btree_search,ldp x25  x26  [sp  #0x40]
100.00,0.00 | 100.00 | 0.00 | 0.00,0.00,0.00 | 0.00 | 0.00 | 0.00,0.00,0.00 | 0.00 | 0.00 | 0.00,0.00,0.00 | 0.00 | 0.00 | 0.00,(null),0,(null),(null),(null)
100.00,0.00 | 0.00 | 100.00 | 0.00,0.00,0.00 | 0.00 | 0.00 | 0.00,0.00,0.00 | 0.00 | 0.00 | 0.00,0.00,0.00 | 0.00 | 0.00 | 0.00,src/hotline/lat_map.c,62,(null),parse_and_insert_lat_entry,ldp q6  q7  [x7]
100.00,0.00 | 100.00 | 0.00 | 0.00,0.00,0.00 | 0.00 | 0.00 | 0.00,0.00,0.00 | 0.00 | 0.00 | 0.00,0.00,0.00 | 0.00 | 0.00 | 0.00,src/hotline/fname_map.c,162,(null),get_filename_cached_entry,ldr x0  [x0]
100.00,0.00 | 100.00 | 0.00 | 0.00,0.00,0.00 | 0.00 | 0.00 | 0.00,0.00,0.00 | 0.00 | 0.00 | 0.00,0.00,0.00 | 0.00 | 0.00 | 0.00,src/hotline/hotline.c,201,(null),tsc_to_perf_time,ldr x3  [x2  #0x58]
100.00,50.00 | 50.00 | 0.00 | 0.00,0.00,0.00 | 0.00 | 0.00 | 0.00,0.00,0.00 | 0.00 | 0.00 | 0.00,0.00,0.00 | 0.00 | 0.00 | 0.00,src/hotline/hotline.c,248,(null),process_software_buffer_up_to_ts,ldr w2  [x19]
100.00,100.00 | 0.00 | 0.00 | 0.00,0.00,0.00 | 0.00 | 0.00 | 0.00,0.00,0.00 | 0.00 | 0.00 | 0.00,0.00,0.00 | 0.00 | 0.00 | 0.00,(null),0,(null),(null),(null)
100.00,100.00 | 0.00 | 0.00 | 0.00,0.00,0.00 | 0.00 | 0.00 | 0.00,0.00,0.00 | 0.00 | 0.00 | 0.00,0.00,0.00 | 0.00 | 0.00 | 0.00,(null),0,(null),(null),(null)
100.00,66.67 | 33.33 | 0.00 | 0.00,0.00,0.00 | 0.00 | 0.00 | 0.00,0.00,0.00 | 0.00 | 0.00 | 0.00,0.00,0.00 | 0.00 | 0.00 | 0.00,(null),0,(null),(null),(null)
100.00,0.00 | 100.00 | 0.00 | 0.00,0.00,0.00 | 0.00 | 0.00 | 0.00,0.00,0.00 | 0.00 | 0.00 | 0.00,0.00,0.00 | 0.00 | 0.00 | 0.00,(null),0,(null),(null),(null)
100.00,0.00 | 100.00 | 0.00 | 0.00,0.00,0.00 | 0.00 | 0.00 | 0.00,0.00,0.00 | 0.00 | 0.00 | 0.00,0.00,0.00 | 0.00 | 0.00 | 0.00,(null),0,(null),(null),(null)
100.00,0.00 | 100.00 | 0.00 | 0.00,0.00,0.00 | 0.00 | 0.00 | 0.00,0.00,0.00 | 0.00 | 0.00 | 0.00,0.00,0.00 | 0.00 | 0.00 | 0.00,src/hotline/btree.c,492,(null),btree_node_set,str x3  [sp  #0x88]
100.00,100.00 | 0.00 | 0.00 | 0.00,0.00,0.00 | 0.00 | 0.00 | 0.00,0.00,0.00 | 0.00 | 0.00 | 0.00,0.00,0.00 | 0.00 | 0.00 | 0.00,(null),0,(null),(null),(null)
100.00,100.00 | 0.00 | 0.00 | 0.00,0.00,0.00 | 0.00 | 0.00 | 0.00,0.00,0.00 | 0.00 | 0.00 | 0.00,0.00,0.00 | 0.00 | 0.00 | 0.00,(null),0,(null),(null),(null)
100.00,50.00 | 50.00 | 0.00 | 0.00,0.00,0.00 | 0.00 | 0.00 | 0.00,0.00,0.00 | 0.00 | 0.00 | 0.00,0.00,0.00 | 0.00 | 0.00 | 0.00,src/hotline/lat_map.c,127,(null),parse_and_insert_lat_entry,str x5  [sp  #0x60]
100.00,33.33 | 66.67 | 0.00 | 0.00,0.00,0.00 | 0.00 | 0.00 | 0.00,0.00,0.00 | 0.00 | 0.00 | 0.00,0.00,0.00 | 0.00 | 0.00 | 0.00,(null),0,(null),(null),(null)
100.00,66.67 | 33.33 | 0.00 | 0.00,0.00,0.00 | 0.00 | 0.00 | 0.00,0.00,0.00 | 0.00 | 0.00 | 0.00,0.00,0.00 | 0.00 | 0.00 | 0.00,/usr/include/c++/11/bits/random.tcc,459,"      result_type __z = _M_x[_M_p++];",_ZNSt23mersenne_twister_engineImLm64ELm312ELm156ELm31ELm13043109905998158313ELm29ELm6148914691236517205ELm17ELm8202884508482404352ELm37ELm18444473444759240704ELm43ELm6364136223846793005EEclEv,ldr x2  [x19  #0x9c0]
100.00,0.00 | 0.00 | 100.00 | 0.00,0.00,0.00 | 0.00 | 0.00 | 0.00,0.00,0.00 | 0.00 | 0.00 | 0.00,0.00,0.00 | 0.00 | 0.00 | 0.00,???,0,???,???,???
100.00,50.00 | 50.00 | 0.00 | 0.00,0.00,0.00 | 0.00 | 0.00 | 0.00,0.00,0.00 | 0.00 | 0.00 | 0.00,0.00,0.00 | 0.00 | 0.00 | 0.00,(null),0,(null),(null),(null)
100.00,100.00 | 0.00 | 0.00 | 0.00,0.00,0.00 | 0.00 | 0.00 | 0.00,0.00,0.00 | 0.00 | 0.00 | 0.00,0.00,0.00 | 0.00 | 0.00 | 0.00,(null),0,(null),(null),(null)
100.00,0.00 | 100.00 | 0.00 | 0.00,0.00,0.00 | 0.00 | 0.00 | 0.00,0.00,0.00 | 0.00 | 0.00 | 0.00,0.00,0.00 | 0.00 | 0.00 | 0.00,(null),0,(null),(null),(null)
100.00,0.00 | 100.00 | 0.00 | 0.00,0.00,0.00 | 0.00 | 0.00 | 0.00,0.00,0.00 | 0.00 | 0.00 | 0.00,0.00,0.00 | 0.00 | 0.00 | 0.00,(null),0,(null),(null),(null)
100.00,100.00 | 0.00 | 0.00 | 0.00,0.00,0.00 | 0.00 | 0.00 | 0.00,0.00,0.00 | 0.00 | 0.00 | 0.00,0.00,0.00 | 0.00 | 0.00 | 0.00,(null),0,(null),(null),(null)
100.00,100.00 | 0.00 | 0.00 | 0.00,0.00,0.00 | 0.00 | 0.00 | 0.00,0.00,0.00 | 0.00 | 0.00 | 0.00,0.00,0.00 | 0.00 | 0.00 | 0.00,(null),0,(null),(null),(null)
100.00,0.00 | 100.00 | 0.00 | 0.00,0.00,0.00 | 0.00 | 0.00 | 0.00,0.00,0.00 | 0.00 | 0.00 | 0.00,0.00,0.00 | 0.00 | 0.00 | 0.00,(null),0,(null),(null),(null)
100.00,0.00 | 0.00 | 100.00 | 0.00,0.00,0.00 | 0.00 | 0.00 | 0.00,0.00,0.00 | 0.00 | 0.00 | 0.00,0.00,0.00 | 0.00 | 0.00 | 0.00,(null),0,(null),(null),(null)
100.00,100.00 | 0.00 | 0.00 | 0.00,0.00,0.00 | 0.00 | 0.00 | 0.00,0.00,0.00 | 0.00 | 0.00 | 0.00,0.00,0.00 | 0.00 | 0.00 | 0.00,(null),0,(null),(null),(null)
100.00,100.00 | 0.00 | 0.00 | 0.00,0.00,0.00 | 0.00 | 0.00 | 0.00,0.00,0.00 | 0.00 | 0.00 | 0.00,0.00,0.00 | 0.00 | 0.00 | 0.00,(null),0,(null),(null),(null)
50.00,100.00 | 0.00 | 0.00 | 0.00,50.00,0.00 | 0.00 | 100.00 | 0.00,0.00,0.00 | 0.00 | 0.00 | 0.00,0.00,0.00 | 0.00 | 0.00 | 0.00,(null),0,(null),(null),(null)
100.00,0.00 | 0.00 | 100.00 | 0.00,0.00,0.00 | 0.00 | 0.00 | 0.00,0.00,0.00 | 0.00 | 0.00 | 0.00,0.00,0.00 | 0.00 | 0.00 | 0.00,/home/ubuntu/.cargo/registry/src/index.crates.io-1949cf8c6b5b557f/bincode-1.3.3/src/ser/mod.rs,218,(null),_ZN92_$LT$$RF$mut$u20$bincode..ser..Serializer$LT$W$C$O$GT$$u20$as$u20$serde..ser..Serializer$GT$25serialize_newtype_variant17h3bf1aadfa2635b2bE,ldr x0  [sp  #0x18]
100.00,100.00 | 0.00 | 0.00 | 0.00,0.00,0.00 | 0.00 | 0.00 | 0.00,0.00,0.00 | 0.00 | 0.00 | 0.00,0.00,0.00 | 0.00 | 0.00 | 0.00,/home/ubuntu/.rustup/toolchains/stable-aarch64-unknown-linux-gnu/lib/rustlib/src/rust/library/alloc/src/raw_vec/mod.rs,754,(null),_ZN5alloc7raw_vec20RawVecInner$LT$A$GT$10deallocate17hc5fd01f479b42647E,str x0  [sp  #0x20]
100.00,0.00 | 100.00 | 0.00 | 0.00,0.00,0.00 | 0.00 | 0.00 | 0.00,0.00,0.00 | 0.00 | 0.00 | 0.00,0.00,0.00 | 0.00 | 0.00 | 0.00,(null),0,(null),(null),(null)
100.00,100.00 | 0.00 | 0.00 | 0.00,0.00,0.00 | 0.00 | 0.00 | 0.00,0.00,0.00 | 0.00 | 0.00 | 0.00,0.00,0.00 | 0.00 | 0.00 | 0.00,(null),0,(null),(null),(null)
100.00,100.00 | 0.00 | 0.00 | 0.00,0.00,0.00 | 0.00 | 0.00 | 0.00,0.00,0.00 | 0.00 | 0.00 | 0.00,0.00,0.00 | 0.00 | 0.00 | 0.00,(null),0,(null),(null),(null)
100.00,50.00 | 50.00 | 0.00 | 0.00,0.00,0.00 | 0.00 | 0.00 | 0.00,0.00,0.00 | 0.00 | 0.00 | 0.00,0.00,0.00 | 0.00 | 0.00 | 0.00,(null),0,(null),(null),(null)
100.00,0.00 | 100.00 | 0.00 | 0.00,0.00,0.00 | 0.00 | 0.00 | 0.00,0.00,0.00 | 0.00 | 0.00 | 0.00,0.00,0.00 | 0.00 | 0.00 | 0.00,(null),0,(null),(null),(null)
100.00,100.00 | 0.00 | 0.00 | 0.00,0.00,0.00 | 0.00 | 0.00 | 0.00,0.00,0.00 | 0.00 | 0.00 | 0.00,0.00,0.00 | 0.00 | 0.00 | 0.00,(null),0,(null),(null),(null)
100.00,100.00 | 0.00 | 0.00 | 0.00,0.00,0.00 | 0.00 | 0.00 | 0.00,0.00,0.00 | 0.00 | 0.00 | 0.00,0.00,0.00 | 0.00 | 0.00 | 0.00,library/alloc/src/string.rs,2285,(null),_ZN60_$LT$alloc..string..String$u20$as$u20$core..clone..Clone$GT$5clone17hdfc886ea4ed0be6dE,ldr x19  [x0  #0x10]
100.00,100.00 | 0.00 | 0.00 | 0.00,0.00,0.00 | 0.00 | 0.00 | 0.00,0.00,0.00 | 0.00 | 0.00 | 0.00,0.00,0.00 | 0.00 | 0.00 | 0.00,???,0,???,???,???
100.00,100.00 | 0.00 | 0.00 | 0.00,0.00,0.00 | 0.00 | 0.00 | 0.00,0.00,0.00 | 0.00 | 0.00 | 0.00,0.00,0.00 | 0.00 | 0.00 | 0.00,???,0,???,_ZNSt8_Rb_treeIPKNSt7__cxx1112basic_stringIcSt11char_traitsIcESaIcEEES7_St9_IdentityIS7_EN4msvc12less_str_ptrIcEESaIS7_EE8_M_eraseEPSt13_Rb_tree_nodeIS7_E.isra.0,stp x25  x26  [sp  #0x40]
0.00,0.00 | 0.00 | 0.00 | 0.00,100.00,0.00 | 100.00 | 0.00 | 0.00,0.00,0.00 | 0.00 | 0.00 | 0.00,0.00,0.00 | 0.00 | 0.00 | 0.00,(null),0,(null),(null),(null)
100.00,0.00 | 100.00 | 0.00 | 0.00,0.00,0.00 | 0.00 | 0.00 | 0.00,0.00,0.00 | 0.00 | 0.00 | 0.00,0.00,0.00 | 0.00 | 0.00 | 0.00,src/hotline/fname_map.c,222,(null),va_to_file_offset,ldr x2  [x4  #0x20]
100.00,0.00 | 100.00 | 0.00 | 0.00,0.00,0.00 | 0.00 | 0.00 | 0.00,0.00,0.00 | 0.00 | 0.00 | 0.00,0.00,0.00 | 0.00 | 0.00 | 0.00,src/hotline/fname_map.c,234,(null),va_to_file_offset,ldp x29  x30  [sp]  #0x60
100.00,0.00 | 100.00 | 0.00 | 0.00,0.00,0.00 | 0.00 | 0.00 | 0.00,0.00,0.00 | 0.00 | 0.00 | 0.00,0.00,0.00 | 0.00 | 0.00 | 0.00,(null),0,(null),(null),(null)
100.00,0.00 | 100.00 | 0.00 | 0.00,0.00,0.00 | 0.00 | 0.00 | 0.00,0.00,0.00 | 0.00 | 0.00 | 0.00,0.00,0.00 | 0.00 | 0.00 | 0.00,src/hotline/lat_map.c,62,(null),parse_and_insert_lat_entry,ldp q18  q19  [x10]
100.00,100.00 | 0.00 | 0.00 | 0.00,0.00,0.00 | 0.00 | 0.00 | 0.00,0.00,0.00 | 0.00 | 0.00 | 0.00,0.00,0.00 | 0.00 | 0.00 | 0.00,(null),0,(null),(null),(null)
100.00,100.00 | 0.00 | 0.00 | 0.00,0.00,0.00 | 0.00 | 0.00 | 0.00,0.00,0.00 | 0.00 | 0.00 | 0.00,0.00,0.00 | 0.00 | 0.00 | 0.00,(null),0,(null),(null),(null)
100.00,100.00 | 0.00 | 0.00 | 0.00,0.00,0.00 | 0.00 | 0.00 | 0.00,0.00,0.00 | 0.00 | 0.00 | 0.00,0.00,0.00 | 0.00 | 0.00 | 0.00,???,0,???,_ZN4node9constants21DefineCryptoConstantsEN2v85LocalINS1_6ObjectEEE,mov x1  x21
100.00,0.00 | 100.00 | 0.00 | 0.00,0.00,0.00 | 0.00 | 0.00 | 0.00,0.00,0.00 | 0.00 | 0.00 | 0.00,0.00,0.00 | 0.00 | 0.00 | 0.00,(null),0,(null),(null),(null)
100.00,100.00 | 0.00 | 0.00 | 0.00,0.00,0.00 | 0.00 | 0.00 | 0.00,0.00,0.00 | 0.00 | 0.00 | 0.00,0.00,0.00 | 0.00 | 0.00 | 0.00,/usr/aarch64-linux-gnu/include/bits/string_fortified.h,29,"  return __builtin___memcpy_chk (__dest, __src, __len,",process_aux_buffer_record,stur w1  [sp  #0x23]
100.00,100.00 | 0.00 | 0.00 | 0.00,0.00,0.00 | 0.00 | 0.00 | 0.00,0.00,0.00 | 0.00 | 0.00 | 0.00,0.00,0.00 | 0.00 | 0.00 | 0.00,(null),0,(null),(null),(null)
100.00,100.00 | 0.00 | 0.00 | 0.00,0.00,0.00 | 0.00 | 0.00 | 0.00,0.00,0.00 | 0.00 | 0.00 | 0.00,0.00,0.00 | 0.00 | 0.00 | 0.00,(null),0,(null),(null),(null)
100.00,100.00 | 0.00 | 0.00 | 0.00,0.00,0.00 | 0.00 | 0.00 | 0.00,0.00,0.00 | 0.00 | 0.00 | 0.00,0.00,0.00 | 0.00 | 0.00 | 0.00,(null),0,(null),(null),(null)
100.00,100.00 | 0.00 | 0.00 | 0.00,0.00,0.00 | 0.00 | 0.00 | 0.00,0.00,0.00 | 0.00 | 0.00 | 0.00,0.00,0.00 | 0.00 | 0.00 | 0.00,(null),0,(null),(null),(null)
100.00,100.00 | 0.00 | 0.00 | 0.00,0.00,0.00 | 0.00 | 0.00 | 0.00,0.00,0.00 | 0.00 | 0.00 | 0.00,0.00,0.00 | 0.00 | 0.00 | 0.00,src/hotline/hotline.c,332,(null),process_software_buffer_up_to_ts,ldr x24  [x22  #0x48]
100.00,0.00 | 100.00 | 0.00 | 0.00,0.00,0.00 | 0.00 | 0.00 | 0.00,0.00,0.00 | 0.00 | 0.00 | 0.00,0.00,0.00 | 0.00 | 0.00 | 0.00,(null),0,(null),(null),(null)
100.00,50.00 | 50.00 | 0.00 | 0.00,0.00,0.00 | 0.00 | 0.00 | 0.00,0.00,0.00 | 0.00 | 0.00 | 0.00,0.00,0.00 | 0.00 | 0.00 | 0.00,src/hotline/btree.c,528,(null),btree_node_set,ldp x19  x20  [sp  #0x10]
100.00,0.00 | 100.00 | 0.00 | 0.00,0.00,0.00 | 0.00 | 0.00 | 0.00,0.00,0.00 | 0.00 | 0.00 | 0.00,0.00,0.00 | 0.00 | 0.00 | 0.00,(null),0,(null),(null),(null)
100.00,0.00 | 100.00 | 0.00 | 0.00,0.00,0.00 | 0.00 | 0.00 | 0.00,0.00,0.00 | 0.00 | 0.00 | 0.00,0.00,0.00 | 0.00 | 0.00 | 0.00,src/hotline/bmiss_map.c,108,(null),parse_and_insert_bmiss_entry,ldur q2  [x1  #8]
100.00,0.00 | 100.00 | 0.00 | 0.00,0.00,0.00 | 0.00 | 0.00 | 0.00,0.00,0.00 | 0.00 | 0.00 | 0.00,0.00,0.00 | 0.00 | 0.00 | 0.00,(null),0,(null),(null),(null)
100.00,0.00 | 100.00 | 0.00 | 0.00,0.00,0.00 | 0.00 | 0.00 | 0.00,0.00,0.00 | 0.00 | 0.00 | 0.00,0.00,0.00 | 0.00 | 0.00 | 0.00,(null),0,(null),(null),(null)
100.00,0.00 | 0.00 | 100.00 | 0.00,0.00,0.00 | 0.00 | 0.00 | 0.00,0.00,0.00 | 0.00 | 0.00 | 0.00,0.00,0.00 | 0.00 | 0.00 | 0.00,/home/ubuntu/.rustup/toolchains/stable-aarch64-unknown-linux-gnu/lib/rustlib/src/rust/library/core/src/slice/iter/macros.rs,189,(null),_ZN91_$LT$core..slice..iter..Iter$LT$T$GT$$u20$as$u20$core..iter..traits..iterator..Iterator$GT$4next17h0af11cd34cd7fee9E,ldr x9  [sp  #0x20]
100.00,100.00 | 0.00 | 0.00 | 0.00,0.00,0.00 | 0.00 | 0.00 | 0.00,0.00,0.00 | 0.00 | 0.00 | 0.00,0.00,0.00 | 0.00 | 0.00 | 0.00,(null),0,(null),(null),(null)
100.00,100.00 | 0.00 | 0.00 | 0.00,0.00,0.00 | 0.00 | 0.00 | 0.00,0.00,0.00 | 0.00 | 0.00 | 0.00,0.00,0.00 | 0.00 | 0.00 | 0.00,(null),0,(null),(null),(null)
100.00,100.00 | 0.00 | 0.00 | 0.00,0.00,0.00 | 0.00 | 0.00 | 0.00,0.00,0.00 | 0.00 | 0.00 | 0.00,0.00,0.00 | 0.00 | 0.00 | 0.00,src/hotline/lat_map.c,127,(null),parse_and_insert_lat_entry,ldrh w5  [x0  #0x2a]
100.00,100.00 | 0.00 | 0.00 | 0.00,0.00,0.00 | 0.00 | 0.00 | 0.00,0.00,0.00 | 0.00 | 0.00 | 0.00,0.00,0.00 | 0.00 | 0.00 | 0.00,src/hotline/btree.c,453,(null),btree_get,ldr x5  [x22  #0x20]
100.00,50.00 | 50.00 | 0.00 | 0.00,0.00,0.00 | 0.00 | 0.00 | 0.00,0.00,0.00 | 0.00 | 0.00 | 0.00,0.00,0.00 | 0.00 | 0.00 | 0.00,(null),0,(null),(null),(null)
100.00,0.00 | 100.00 | 0.00 | 0.00,0.00,0.00 | 0.00 | 0.00 | 0.00,0.00,0.00 | 0.00 | 0.00 | 0.00,0.00,0.00 | 0.00 | 0.00 | 0.00,/home/ubuntu/rocksdb/memory/arena.cc,93,"}",_ZN7rocksdb5Arena16AllocateFallbackEmb,ldp x29  x30  [sp]  #0x40
100.00,0.00 | 100.00 | 0.00 | 0.00,0.00,0.00 | 0.00 | 0.00 | 0.00,0.00,0.00 | 0.00 | 0.00 | 0.00,0.00,0.00 | 0.00 | 0.00 | 0.00,???,0,???,_Z31adjust_reserved_memory_for_mmapPcm,b.ls #0xfb4e80
100.00,0.00 | 0.00 | 100.00 | 0.00,0.00,0.00 | 0.00 | 0.00 | 0.00,0.00,0.00 | 0.00 | 0.00 | 0.00,0.00,0.00 | 0.00 | 0.00 | 0.00,src/hotline/hotline.c,306,(null),process_aux_buffer_record,ldr x0  [sp  #0x20]
100.00,100.00 | 0.00 | 0.00 | 0.00,0.00,0.00 | 0.00 | 0.00 | 0.00,0.00,0.00 | 0.00 | 0.00 | 0.00,0.00,0.00 | 0.00 | 0.00 | 0.00,(null),0,(null),(null),(null)
100.00,100.00 | 0.00 | 0.00 | 0.00,0.00,0.00 | 0.00 | 0.00 | 0.00,0.00,0.00 | 0.00 | 0.00 | 0.00,0.00,0.00 | 0.00 | 0.00 | 0.00,???,0,???,???,???
100.00,100.00 | 0.00 | 0.00 | 0.00,0.00,0.00 | 0.00 | 0.00 | 0.00,0.00,0.00 | 0.00 | 0.00 | 0.00,0.00,0.00 | 0.00 | 0.00 | 0.00,(null),0,(null),(null),(null)
100.00,100.00 | 0.00 | 0.00 | 0.00,0.00,0.00 | 0.00 | 0.00 | 0.00,0.00,0.00 | 0.00 | 0.00 | 0.00,0.00,0.00 | 0.00 | 0.00 | 0.00,(null),0,(null),(null),(null)
100.00,100.00 | 0.00 | 0.00 | 0.00,0.00,0.00 | 0.00 | 0.00 | 0.00,0.00,0.00 | 0.00 | 0.00 | 0.00,0.00,0.00 | 0.00 | 0.00 | 0.00,src/hotline/fname_map.c,206,(null),va_to_file_offset,str x2  [sp  #0x58]
100.00,100.00 | 0.00 | 0.00 | 0.00,0.00,0.00 | 0.00 | 0.00 | 0.00,0.00,0.00 | 0.00 | 0.00 | 0.00,0.00,0.00 | 0.00 | 0.00 | 0.00,(null),0,(null),(null),(null)
100.00,100.00 | 0.00 | 0.00 | 0.00,0.00,0.00 | 0.00 | 0.00 | 0.00,0.00,0.00 | 0.00 | 0.00 | 0.00,0.00,0.00 | 0.00 | 0.00 | 0.00,(null),0,(null),(null),(null)
100.00,100.00 | 0.00 | 0.00 | 0.00,0.00,0.00 | 0.00 | 0.00 | 0.00,0.00,0.00 | 0.00 | 0.00 | 0.00,0.00,0.00 | 0.00 | 0.00 | 0.00,src/hotline/btree.c,495,(null),btree_node_set,ldrb w1  [sp  #0x87]
100.00,0.00 | 100.00 | 0.00 | 0.00,0.00,0.00 | 0.00 | 0.00 | 0.00,0.00,0.00 | 0.00 | 0.00 | 0.00,0.00,0.00 | 0.00 | 0.00 | 0.00,/home/ubuntu/.rustup/toolchains/stable-aarch64-unknown-linux-gnu/lib/rustlib/src/rust/library/alloc/src/alloc.rs,0,(null),_ZN63_$LT$alloc..alloc..Global$u20$as$u20$core..alloc..Allocator$GT$10deallocate17h0f45ec0612148410E,ldr x0  [sp]
100.00,0.00 | 100.00 | 0.00 | 0.00,0.00,0.00 | 0.00 | 0.00 | 0.00,0.00,0.00 | 0.00 | 0.00 | 0.00,0.00,0.00 | 0.00 | 0.00 | 0.00,(null),0,(null),(null),(null)
0.00,0.00 | 0.00 | 0.00 | 0.00,100.00,0.00 | 0.00 | 100.00 | 0.00,0.00,0.00 | 0.00 | 0.00 | 0.00,0.00,0.00 | 0.00 | 0.00 | 0.00,???,0,???,???,???
100.00,100.00 | 0.00 | 0.00 | 0.00,0.00,0.00 | 0.00 | 0.00 | 0.00,0.00,0.00 | 0.00 | 0.00 | 0.00,0.00,0.00 | 0.00 | 0.00 | 0.00,(null),0,(null),(null),(null)
100.00,100.00 | 0.00 | 0.00 | 0.00,0.00,0.00 | 0.00 | 0.00 | 0.00,0.00,0.00 | 0.00 | 0.00 | 0.00,0.00,0.00 | 0.00 | 0.00 | 0.00,(null),0,(null),(null),(null)
100.00,100.00 | 0.00 | 0.00 | 0.00,0.00,0.00 | 0.00 | 0.00 | 0.00,0.00,0.00 | 0.00 | 0.00 | 0.00,0.00,0.00 | 0.00 | 0.00 | 0.00,(null),0,(null),(null),(null)
100.00,100.00 | 0.00 | 0.00 | 0.00,0.00,0.00 | 0.00 | 0.00 | 0.00,0.00,0.00 | 0.00 | 0.00 | 0.00,0.00,0.00 | 0.00 | 0.00 | 0.00,src/hotline/hotline.c,205,(null),tsc_to_perf_time,ldr w4  [x2  #0x34]
100.00,0.00 | 100.00 | 0.00 | 0.00,0.00,0.00 | 0.00 | 0.00 | 0.00,0.00,0.00 | 0.00 | 0.00 | 0.00,0.00,0.00 | 0.00 | 0.00 | 0.00,src/hotline/fname_map.c,162,(null),get_filename_cached_entry,ldr w3  [x0]
100.00,0.00 | 100.00 | 0.00 | 0.00,0.00,0.00 | 0.00 | 0.00 | 0.00,0.00,0.00 | 0.00 | 0.00 | 0.00,0.00,0.00 | 0.00 | 0.00 | 0.00,(null),0,(null),(null),(null)
100.00,0.00 | 100.00 | 0.00 | 0.00,0.00,0.00 | 0.00 | 0.00 | 0.00,0.00,0.00 | 0.00 | 0.00 | 0.00,0.00,0.00 | 0.00 | 0.00 | 0.00,(null),0,(null),(null),(null)
100.00,50.00 | 50.00 | 0.00 | 0.00,0.00,0.00 | 0.00 | 0.00 | 0.00,0.00,0.00 | 0.00 | 0.00 | 0.00,0.00,0.00 | 0.00 | 0.00 | 0.00,/home/ubuntu/rocksdb/memory/arena.cc,168,"}",_ZN7rocksdb5Arena16AllocateNewBlockEm,ldp x29  x30  [sp]  #0x60
100.00,0.00 | 100.00 | 0.00 | 0.00,0.00,0.00 | 0.00 | 0.00 | 0.00,0.00,0.00 | 0.00 | 0.00 | 0.00,0.00,0.00 | 0.00 | 0.00 | 0.00,src/hotline/hotline.c,198,(null),tsc_to_perf_time,ldr x2  [x1  #0x40]
100.00,50.00 | 50.00 | 0.00 | 0.00,0.00,0.00 | 0.00 | 0.00 | 0.00,0.00,0.00 | 0.00 | 0.00 | 0.00,0.00,0.00 | 0.00 | 0.00 | 0.00,(null),0,(null),(null),(null)
100.00,0.00 | 100.00 | 0.00 | 0.00,0.00,0.00 | 0.00 | 0.00 | 0.00,0.00,0.00 | 0.00 | 0.00 | 0.00,0.00,0.00 | 0.00 | 0.00 | 0.00,/home/ubuntu/.rustup/toolchains/stable-aarch64-unknown-linux-gnu/lib/rustlib/src/rust/library/alloc/src/raw_vec/mod.rs,755,(null),_ZN5alloc7raw_vec20RawVecInner$LT$A$GT$10deallocate17hc5fd01f479b42647E,ldr x8  [sp  #0x10]
100.00,50.00 | 50.00 | 0.00 | 0.00,0.00,0.00 | 0.00 | 0.00 | 0.00,0.00,0.00 | 0.00 | 0.00 | 0.00,0.00,0.00 | 0.00 | 0.00 | 0.00,/home/ubuntu/rocksdb/memory/arena.cc,163,"  blocks_memory_ += allocated_size;",_ZN7rocksdb5Arena16AllocateNewBlockEm,ldr x2  [x19  #0x8e0]
100.00,0.00 | 100.00 | 0.00 | 0.00,0.00,0.00 | 0.00 | 0.00 | 0.00,0.00,0.00 | 0.00 | 0.00 | 0.00,0.00,0.00 | 0.00 | 0.00 | 0.00,(null),0,(null),(null),(null)
100.00,0.00 | 0.00 | 100.00 | 0.00,0.00,0.00 | 0.00 | 0.00 | 0.00,0.00,0.00 | 0.00 | 0.00 | 0.00,0.00,0.00 | 0.00 | 0.00 | 0.00,(null),0,(null),(null),(null)
100.00,100.00 | 0.00 | 0.00 | 0.00,0.00,0.00 | 0.00 | 0.00 | 0.00,0.00,0.00 | 0.00 | 0.00 | 0.00,0.00,0.00 | 0.00 | 0.00 | 0.00,(null),0,(null),(null),(null)
100.00,100.00 | 0.00 | 0.00 | 0.00,0.00,0.00 | 0.00 | 0.00 | 0.00,0.00,0.00 | 0.00 | 0.00 | 0.00,0.00,0.00 | 0.00 | 0.00 | 0.00,(null),0,(null),(null),(null)
100.00,100.00 | 0.00 | 0.00 | 0.00,0.00,0.00 | 0.00 | 0.00 | 0.00,0.00,0.00 | 0.00 | 0.00 | 0.00,0.00,0.00 | 0.00 | 0.00 | 0.00,(null),0,(null),(null),(null)
100.00,100.00 | 0.00 | 0.00 | 0.00,0.00,0.00 | 0.00 | 0.00 | 0.00,0.00,0.00 | 0.00 | 0.00 | 0.00,0.00,0.00 | 0.00 | 0.00 | 0.00,(null),0,(null),(null),(null)
100.00,100.00 | 0.00 | 0.00 | 0.00,0.00,0.00 | 0.00 | 0.00 | 0.00,0.00,0.00 | 0.00 | 0.00 | 0.00,0.00,0.00 | 0.00 | 0.00 | 0.00,(null),0,(null),(null),(null)
100.00,100.00 | 0.00 | 0.00 | 0.00,0.00,0.00 | 0.00 | 0.00 | 0.00,0.00,0.00 | 0.00 | 0.00 | 0.00,0.00,0.00 | 0.00 | 0.00 | 0.00,(null),0,(null),(null),(null)
100.00,100.00 | 0.00 | 0.00 | 0.00,0.00,0.00 | 0.00 | 0.00 | 0.00,0.00,0.00 | 0.00 | 0.00 | 0.00,0.00,0.00 | 0.00 | 0.00 | 0.00,(null),0,(null),(null),(null)
100.00,100.00 | 0.00 | 0.00 | 0.00,0.00,0.00 | 0.00 | 0.00 | 0.00,0.00,0.00 | 0.00 | 0.00 | 0.00,0.00,0.00 | 0.00 | 0.00 | 0.00,src/hotline/lat_map.c,90,(null),parse_and_insert_lat_entry,stp x7  x5  [sp  #0x118]
100.00,100.00 | 0.00 | 0.00 | 0.00,0.00,0.00 | 0.00 | 0.00 | 0.00,0.00,0.00 | 0.00 | 0.00 | 0.00,0.00,0.00 | 0.00 | 0.00 | 0.00,src/hotline/fname_map.c,172,(null),update_filename_cached_entry,ldr x0  [x1  #0x18]
100.00,100.00 | 0.00 | 0.00 | 0.00,0.00,0.00 | 0.00 | 0.00 | 0.00,0.00,0.00 | 0.00 | 0.00 | 0.00,0.00,0.00 | 0.00 | 0.00 | 0.00,???,0,???,_Z41__static_initialization_and_destruction_0ii.constprop.0,adrp x1  #0x36f5000
100.00,100.00 | 0.00 | 0.00 | 0.00,0.00,0.00 | 0.00 | 0.00 | 0.00,0.00,0.00 | 0.00 | 0.00 | 0.00,0.00,0.00 | 0.00 | 0.00 | 0.00,(null),0,(null),(null),(null)
100.00,0.00 | 100.00 | 0.00 | 0.00,0.00,0.00 | 0.00 | 0.00 | 0.00,0.00,0.00 | 0.00 | 0.00 | 0.00,0.00,0.00 | 0.00 | 0.00 | 0.00,src/hotline/hotline.c,333,(null),process_software_buffer_up_to_ts,ldr x20  [x0  #0x400]
100.00,100.00 | 0.00 | 0.00 | 0.00,0.00,0.00 | 0.00 | 0.00 | 0.00,0.00,0.00 | 0.00 | 0.00 | 0.00,0.00,0.00 | 0.00 | 0.00 | 0.00,(null),0,(null),(null),(null)
100.00,50.00 | 50.00 | 0.00 | 0.00,0.00,0.00 | 0.00 | 0.00 | 0.00,0.00,0.00 | 0.00 | 0.00 | 0.00,0.00,0.00 | 0.00 | 0.00 | 0.00,(null),0,(null),(null),(null)
0.00,0.00 | 0.00 | 0.00 | 0.00,100.00,0.00 | 100.00 | 0.00 | 0.00,0.00,0.00 | 0.00 | 0.00 | 0.00,0.00,0.00 | 0.00 | 0.00 | 0.00,(null),0,(null),(null),(null)
100.00,50.00 | 50.00 | 0.00 | 0.00,0.00,0.00 | 0.00 | 0.00 | 0.00,0.00,0.00 | 0.00 | 0.00 | 0.00,0.00,0.00 | 0.00 | 0.00 | 0.00,src/hotline/fname_map.c,229,(null),va_to_file_offset,ldp x21  x22  [sp  #0x20]
100.00,50.00 | 50.00 | 0.00 | 0.00,0.00,0.00 | 0.00 | 0.00 | 0.00,0.00,0.00 | 0.00 | 0.00 | 0.00,0.00,0.00 | 0.00 | 0.00 | 0.00,(null),0,(null),(null),(null)
100.00,50.00 | 50.00 | 0.00 | 0.00,0.00,0.00 | 0.00 | 0.00 | 0.00,0.00,0.00 | 0.00 | 0.00 | 0.00,0.00,0.00 | 0.00 | 0.00 | 0.00,(null),0,(null),(null),(null)
100.00,50.00 | 50.00 | 0.00 | 0.00,0.00,0.00 | 0.00 | 0.00 | 0.00,0.00,0.00 | 0.00 | 0.00 | 0.00,0.00,0.00 | 0.00 | 0.00 | 0.00,(null),0,(null),(null),(null)
100.00,0.00 | 100.00 | 0.00 | 0.00,0.00,0.00 | 0.00 | 0.00 | 0.00,0.00,0.00 | 0.00 | 0.00 | 0.00,0.00,0.00 | 0.00 | 0.00 | 0.00,(null),0,(null),(null),(null)
100.00,0.00 | 0.00 | 100.00 | 0.00,0.00,0.00 | 0.00 | 0.00 | 0.00,0.00,0.00 | 0.00 | 0.00 | 0.00,0.00,0.00 | 0.00 | 0.00 | 0.00,(null),0,(null),(null),(null)
100.00,100.00 | 0.00 | 0.00 | 0.00,0.00,0.00 | 0.00 | 0.00 | 0.00,0.00,0.00 | 0.00 | 0.00 | 0.00,0.00,0.00 | 0.00 | 0.00 | 0.00,/home/ubuntu/rocksdb/memory/arena.cc,163,"  blocks_memory_ += allocated_size;",_ZN7rocksdb5Arena16AllocateNewBlockEm,str x2  [x19  #0x8e0]
100.00,100.00 | 0.00 | 0.00 | 0.00,0.00,0.00 | 0.00 | 0.00 | 0.00,0.00,0.00 | 0.00 | 0.00 | 0.00,0.00,0.00 | 0.00 | 0.00 | 0.00,(null),0,(null),(null),(null)
100.00,100.00 | 0.00 | 0.00 | 0.00,0.00,0.00 | 0.00 | 0.00 | 0.00,0.00,0.00 | 0.00 | 0.00 | 0.00,0.00,0.00 | 0.00 | 0.00 | 0.00,(null),0,(null),(null),(null)
100.00,100.00 | 0.00 | 0.00 | 0.00,0.00,0.00 | 0.00 | 0.00 | 0.00,0.00,0.00 | 0.00 | 0.00 | 0.00,0.00,0.00 | 0.00 | 0.00 | 0.00,/home/ubuntu/.rustup/toolchains/stable-aarch64-unknown-linux-gnu/lib/rustlib/src/rust/library/alloc/src/raw_vec/mod.rs,535,(null),_ZN5alloc7raw_vec20RawVecInner$LT$A$GT$14current_memory17hbf8969f73d2da585E,ldr x8  [x8]
100.00,0.00 | 100.00 | 0.00 | 0.00,0.00,0.00 | 0.00 | 0.00 | 0.00,0.00,0.00 | 0.00 | 0.00 | 0.00,0.00,0.00 | 0.00 | 0.00 | 0.00,(null),0,(null),(null),(null)
100.00,0.00 | 100.00 | 0.00 | 0.00,0.00,0.00 | 0.00 | 0.00 | 0.00,0.00,0.00 | 0.00 | 0.00 | 0.00,0.00,0.00 | 0.00 | 0.00 | 0.00,(null),0,(null),(null),(null)
100.00,0.00 | 100.00 | 0.00 | 0.00,0.00,0.00 | 0.00 | 0.00 | 0.00,0.00,0.00 | 0.00 | 0.00 | 0.00,0.00,0.00 | 0.00 | 0.00 | 0.00,(null),0,(null),(null),(null)
100.00,100.00 | 0.00 | 0.00 | 0.00,0.00,0.00 | 0.00 | 0.00 | 0.00,0.00,0.00 | 0.00 | 0.00 | 0.00,0.00,0.00 | 0.00 | 0.00 | 0.00,(null),0,(null),(null),(null)
100.00,50.00 | 50.00 | 0.00 | 0.00,0.00,0.00 | 0.00 | 0.00 | 0.00,0.00,0.00 | 0.00 | 0.00 | 0.00,0.00,0.00 | 0.00 | 0.00 | 0.00,src/hotline/fname_map.c,234,(null),va_to_file_offset,ldr x2  [sp  #0x58]
100.00,50.00 | 50.00 | 0.00 | 0.00,0.00,0.00 | 0.00 | 0.00 | 0.00,0.00,0.00 | 0.00 | 0.00 | 0.00,0.00,0.00 | 0.00 | 0.00 | 0.00,src/hotline/btree.c,796,(null),btree_get,ldr x3  [sp  #0x58]
100.00,0.00 | 100.00 | 0.00 | 0.00,0.00,0.00 | 0.00 | 0.00 | 0.00,0.00,0.00 | 0.00 | 0.00 | 0.00,0.00,0.00 | 0.00 | 0.00 | 0.00,(null),0,(null),(null),(null)
100.00,0.00 | 100.00 | 0.00 | 0.00,0.00,0.00 | 0.00 | 0.00 | 0.00,0.00,0.00 | 0.00 | 0.00 | 0.00,0.00,0.00 | 0.00 | 0.00 | 0.00,(null),0,(null),(null),(null)
100.00,0.00 | 100.00 | 0.00 | 0.00,0.00,0.00 | 0.00 | 0.00 | 0.00,0.00,0.00 | 0.00 | 0.00 | 0.00,0.00,0.00 | 0.00 | 0.00 | 0.00,src/hotline/btree.c,542,(null),btree_set0,ldp x27  x28  [sp  #0x50]
100.00,0.00 | 100.00 | 0.00 | 0.00,0.00,0.00 | 0.00 | 0.00 | 0.00,0.00,0.00 | 0.00 | 0.00 | 0.00,0.00,0.00 | 0.00 | 0.00 | 0.00,src/hotline/lat_map.c,171,(null),parse_and_insert_lat_entry,ldp x29  x30  [sp]
0.00,0.00 | 0.00 | 0.00 | 0.00,100.00,0.00 | 100.00 | 0.00 | 0.00,0.00,0.00 | 0.00 | 0.00 | 0.00,0.00,0.00 | 0.00 | 0.00 | 0.00,(null),0,(null),(null),(null)
0.00,0.00 | 0.00 | 0.00 | 0.00,100.00,0.00 | 100.00 | 0.00 | 0.00,0.00,0.00 | 0.00 | 0.00 | 0.00,0.00,0.00 | 0.00 | 0.00 | 0.00,(null),0,(null),(null),(null)
100.00,100.00 | 0.00 | 0.00 | 0.00,0.00,0.00 | 0.00 | 0.00 | 0.00,0.00,0.00 | 0.00 | 0.00 | 0.00,0.00,0.00 | 0.00 | 0.00 | 0.00,(null),0,(null),(null),(null)
100.00,100.00 | 0.00 | 0.00 | 0.00,0.00,0.00 | 0.00 | 0.00 | 0.00,0.00,0.00 | 0.00 | 0.00 | 0.00,0.00,0.00 | 0.00 | 0.00 | 0.00,(null),0,(null),(null),(null)
100.00,100.00 | 0.00 | 0.00 | 0.00,0.00,0.00 | 0.00 | 0.00 | 0.00,0.00,0.00 | 0.00 | 0.00 | 0.00,0.00,0.00 | 0.00 | 0.00 | 0.00,(null),0,(null),(null),(null)
100.00,100.00 | 0.00 | 0.00 | 0.00,0.00,0.00 | 0.00 | 0.00 | 0.00,0.00,0.00 | 0.00 | 0.00 | 0.00,0.00,0.00 | 0.00 | 0.00 | 0.00,src/hotline/hotline.c,331,(null),process_software_buffer_up_to_ts,stp x23  x24  [sp  #0x30]
100.00,100.00 | 0.00 | 0.00 | 0.00,0.00,0.00 | 0.00 | 0.00 | 0.00,0.00,0.00 | 0.00 | 0.00 | 0.00,0.00,0.00 | 0.00 | 0.00 | 0.00,(null),0,(null),(null),(null)
100.00,100.00 | 0.00 | 0.00 | 0.00,0.00,0.00 | 0.00 | 0.00 | 0.00,0.00,0.00 | 0.00 | 0.00 | 0.00,0.00,0.00 | 0.00 | 0.00 | 0.00,(null),0,(null),(null),(null)
100.00,100.00 | 0.00 | 0.00 | 0.00,0.00,0.00 | 0.00 | 0.00 | 0.00,0.00,0.00 | 0.00 | 0.00 | 0.00,0.00,0.00 | 0.00 | 0.00 | 0.00,(null),0,(null),(null),(null)
100.00,100.00 | 0.00 | 0.00 | 0.00,0.00,0.00 | 0.00 | 0.00 | 0.00,0.00,0.00 | 0.00 | 0.00 | 0.00,0.00,0.00 | 0.00 | 0.00 | 0.00,(null),0,(null),(null),(null)
100.00,100.00 | 0.00 | 0.00 | 0.00,0.00,0.00 | 0.00 | 0.00 | 0.00,0.00,0.00 | 0.00 | 0.00 | 0.00,0.00,0.00 | 0.00 | 0.00 | 0.00,(null),0,(null),(null),(null)
100.00,100.00 | 0.00 | 0.00 | 0.00,0.00,0.00 | 0.00 | 0.00 | 0.00,0.00,0.00 | 0.00 | 0.00 | 0.00,0.00,0.00 | 0.00 | 0.00 | 0.00,src/hotline/hotline.c,326,(null),process_aux_buffer_record,ldr x0  [x0  #0xce0]
100.00,100.00 | 0.00 | 0.00 | 0.00,0.00,0.00 | 0.00 | 0.00 | 0.00,0.00,0.00 | 0.00 | 0.00 | 0.00,0.00,0.00 | 0.00 | 0.00 | 0.00,/usr/include/c++/11/bits/random.tcc,418,"		       | (_M_x[0] & __lower_mask));",_ZNSt23mersenne_twister_engineImLm64ELm312ELm156ELm31ELm13043109905998158313ELm29ELm6148914691236517205ELm17ELm8202884508482404352ELm37ELm18444473444759240704ELm43ELm6364136223846793005EE11_M_gen_randEv,ldr x4  [x0]
0.00,0.00 | 0.00 | 0.00 | 0.00,100.00,0.00 | 100.00 | 0.00 | 0.00,0.00,0.00 | 0.00 | 0.00 | 0.00,0.00,0.00 | 0.00 | 0.00 | 0.00,(null),0,(null),(null),(null)
100.00,50.00 | 50.00 | 0.00 | 0.00,0.00,0.00 | 0.00 | 0.00 | 0.00,0.00,0.00 | 0.00 | 0.00 | 0.00,0.00,0.00 | 0.00 | 0.00 | 0.00,src/hotline/hotline.c,326,(null),process_aux_buffer_record,ldr x2  [sp  #0x48]
100.00,0.00 | 100.00 | 0.00 | 0.00,0.00,0.00 | 0.00 | 0.00 | 0.00,0.00,0.00 | 0.00 | 0.00 | 0.00,0.00,0.00 | 0.00 | 0.00 | 0.00,src/hotline/lat_map.c,171,(null),parse_and_insert_lat_entry,ldr x21  [sp  #0x20]
100.00,0.00 | 100.00 | 0.00 | 0.00,0.00,0.00 | 0.00 | 0.00 | 0.00,0.00,0.00 | 0.00 | 0.00 | 0.00,0.00,0.00 | 0.00 | 0.00 | 0.00,(null),0,(null),(null),(null)
100.00,0.00 | 100.00 | 0.00 | 0.00,0.00,0.00 | 0.00 | 0.00 | 0.00,0.00,0.00 | 0.00 | 0.00 | 0.00,0.00,0.00 | 0.00 | 0.00 | 0.00,src/hotline/lat_map.c,171,(null),parse_and_insert_lat_entry,ldr x0  [x0  #0xce0]
100.00,100.00 | 0.00 | 0.00 | 0.00,0.00,0.00 | 0.00 | 0.00 | 0.00,0.00,0.00 | 0.00 | 0.00 | 0.00,0.00,0.00 | 0.00 | 0.00 | 0.00,/home/ubuntu/.rustup/toolchains/stable-aarch64-unknown-linux-gnu/lib/rustlib/src/rust/library/alloc/src/raw_vec/mod.rs,526,(null),_ZN5alloc7raw_vec20RawVecInner$LT$A$GT$14current_memory17hbf8969f73d2da585E,str x2  [sp  #0x30]
100.00,100.00 | 0.00 | 0.00 | 0.00,0.00,0.00 | 0.00 | 0.00 | 0.00,0.00,0.00 | 0.00 | 0.00 | 0.00,0.00,0.00 | 0.00 | 0.00 | 0.00,library/alloc/src/string.rs,2284,(null),_ZN60_$LT$alloc..string..String$u20$as$u20$core..clone..Clone$GT$5clone17hdfc886ea4ed0be6dE,str x23  [sp  #0x10]
100.00,100.00 | 0.00 | 0.00 | 0.00,0.00,0.00 | 0.00 | 0.00 | 0.00,0.00,0.00 | 0.00 | 0.00 | 0.00,0.00,0.00 | 0.00 | 0.00 | 0.00,(null),0,(null),(null),(null)
100.00,100.00 | 0.00 | 0.00 | 0.00,0.00,0.00 | 0.00 | 0.00 | 0.00,0.00,0.00 | 0.00 | 0.00 | 0.00,0.00,0.00 | 0.00 | 0.00 | 0.00,(null),0,(null),(null),(null)
100.00,100.00 | 0.00 | 0.00 | 0.00,0.00,0.00 | 0.00 | 0.00 | 0.00,0.00,0.00 | 0.00 | 0.00 | 0.00,0.00,0.00 | 0.00 | 0.00 | 0.00,(null),0,(null),(null),(null)
100.00,100.00 | 0.00 | 0.00 | 0.00,0.00,0.00 | 0.00 | 0.00 | 0.00,0.00,0.00 | 0.00 | 0.00 | 0.00,0.00,0.00 | 0.00 | 0.00 | 0.00,(null),0,(null),(null),(null)
100.00,100.00 | 0.00 | 0.00 | 0.00,0.00,0.00 | 0.00 | 0.00 | 0.00,0.00,0.00 | 0.00 | 0.00 | 0.00,0.00,0.00 | 0.00 | 0.00 | 0.00,(null),0,(null),(null),(null)
100.00,100.00 | 0.00 | 0.00 | 0.00,0.00,0.00 | 0.00 | 0.00 | 0.00,0.00,0.00 | 0.00 | 0.00 | 0.00,0.00,0.00 | 0.00 | 0.00 | 0.00,(null),0,(null),(null),(null)
100.00,100.00 | 0.00 | 0.00 | 0.00,0.00,0.00 | 0.00 | 0.00 | 0.00,0.00,0.00 | 0.00 | 0.00 | 0.00,0.00,0.00 | 0.00 | 0.00 | 0.00,(null),0,(null),(null),(null)
100.00,100.00 | 0.00 | 0.00 | 0.00,0.00,0.00 | 0.00 | 0.00 | 0.00,0.00,0.00 | 0.00 | 0.00 | 0.00,0.00,0.00 | 0.00 | 0.00 | 0.00,src/hotline/lat_map.c,62,(null),parse_and_insert_lat_entry,stp q4  q3  [x2]
100.00,100.00 | 0.00 | 0.00 | 0.00,0.00,0.00 | 0.00 | 0.00 | 0.00,0.00,0.00 | 0.00 | 0.00 | 0.00,0.00,0.00 | 0.00 | 0.00 | 0.00,(null),0,(null),(null),(null)
100.00,0.00 | 100.00 | 0.00 | 0.00,0.00,0.00 | 0.00 | 0.00 | 0.00,0.00,0.00 | 0.00 | 0.00 | 0.00,0.00,0.00 | 0.00 | 0.00 | 0.00,/home/ubuntu/.rustup/toolchains/stable-aarch64-unknown-linux-gnu/lib/rustlib/src/rust/library/core/src/ptr/mod.rs,0,(null),_ZN4core3ptr64drop_in_place$LT$$u5b$aperf..data..kernel_config..Entry$u5d$$GT$17hd505fb9c10d1a228E,ldr x8  [sp  #8]
100.00,0.00 | 100.00 | 0.00 | 0.00,0.00,0.00 | 0.00 | 0.00 | 0.00,0.00,0.00 | 0.00 | 0.00 | 0.00,0.00,0.00 | 0.00 | 0.00 | 0.00,(null),0,(null),(null),(null)
100.00,100.00 | 0.00 | 0.00 | 0.00,0.00,0.00 | 0.00 | 0.00 | 0.00,0.00,0.00 | 0.00 | 0.00 | 0.00,0.00,0.00 | 0.00 | 0.00 | 0.00,(null),0,(null),(null),(null)
100.00,100.00 | 0.00 | 0.00 | 0.00,0.00,0.00 | 0.00 | 0.00 | 0.00,0.00,0.00 | 0.00 | 0.00 | 0.00,0.00,0.00 | 0.00 | 0.00 | 0.00,(null),0,(null),(null),(null)
100.00,0.00 | 100.00 | 0.00 | 0.00,0.00,0.00 | 0.00 | 0.00 | 0.00,0.00,0.00 | 0.00 | 0.00 | 0.00,0.00,0.00 | 0.00 | 0.00 | 0.00,(null),0,(null),(null),(null)
100.00,100.00 | 0.00 | 0.00 | 0.00,0.00,0.00 | 0.00 | 0.00 | 0.00,0.00,0.00 | 0.00 | 0.00 | 0.00,0.00,0.00 | 0.00 | 0.00 | 0.00,src/hotline/bmiss_map.c,41,(null),bmiss_map_compare,ldr w3  [x1  #4]
100.00,100.00 | 0.00 | 0.00 | 0.00,0.00,0.00 | 0.00 | 0.00 | 0.00,0.00,0.00 | 0.00 | 0.00 | 0.00,0.00,0.00 | 0.00 | 0.00 | 0.00,/home/ubuntu/rocksdb/memory/arena.cc,168,"}",_ZN7rocksdb5Arena16AllocateNewBlockEm,ldp x19  x20  [sp  #0x10]
100.00,100.00 | 0.00 | 0.00 | 0.00,0.00,0.00 | 0.00 | 0.00 | 0.00,0.00,0.00 | 0.00 | 0.00 | 0.00,0.00,0.00 | 0.00 | 0.00 | 0.00,/home/ubuntu/rocksdb/memory/arena.cc,168,"}",_ZN7rocksdb5Arena16AllocateNewBlockEm,ldp x21  x22  [sp  #0x20]
100.00,50.00 | 50.00 | 0.00 | 0.00,0.00,0.00 | 0.00 | 0.00 | 0.00,0.00,0.00 | 0.00 | 0.00 | 0.00,0.00,0.00 | 0.00 | 0.00 | 0.00,(null),0,(null),(null),(null)
100.00,50.00 | 50.00 | 0.00 | 0.00,0.00,0.00 | 0.00 | 0.00 | 0.00,0.00,0.00 | 0.00 | 0.00 | 0.00,0.00,0.00 | 0.00 | 0.00 | 0.00,(null),0,(null),(null),(null)
100.00,0.00 | 100.00 | 0.00 | 0.00,0.00,0.00 | 0.00 | 0.00 | 0.00,0.00,0.00 | 0.00 | 0.00 | 0.00,0.00,0.00 | 0.00 | 0.00 | 0.00,src/hotline/btree.c,460,(null),btree_search,ldp x19  x20  [sp  #0x10]
100.00,0.00 | 100.00 | 0.00 | 0.00,0.00,0.00 | 0.00 | 0.00 | 0.00,0.00,0.00 | 0.00 | 0.00 | 0.00,0.00,0.00 | 0.00 | 0.00 | 0.00,library/core/src/alloc/layout.rs,84,(null),_ZN4core5alloc6layout6Layout19is_size_align_valid17h5bc71f3ecbda7178E,ldp x29  x30  [sp]  #0x10
100.00,0.00 | 100.00 | 0.00 | 0.00,0.00,0.00 | 0.00 | 0.00 | 0.00,0.00,0.00 | 0.00 | 0.00 | 0.00,0.00,0.00 | 0.00 | 0.00 | 0.00,src/hotline/bmiss_map.c,78,(null),parse_and_insert_bmiss_entry,ldp x2  x3  [x0]
0.00,0.00 | 0.00 | 0.00 | 0.00,100.00,0.00 | 100.00 | 0.00 | 0.00,0.00,0.00 | 0.00 | 0.00 | 0.00,0.00,0.00 | 0.00 | 0.00 | 0.00,(null),0,(null),(null),(null)
100.00,0.00 | 100.00 | 0.00 | 0.00,0.00,0.00 | 0.00 | 0.00 | 0.00,0.00,0.00 | 0.00 | 0.00 | 0.00,0.00,0.00 | 0.00 | 0.00 | 0.00,library/std/src/sys/alloc/unix.rs,48,(null),_RNvCs691rhTbG0Ee_7___rustc13___rdl_dealloc,ldp x29  x30  [sp]  #0x10
100.00,100.00 | 0.00 | 0.00 | 0.00,0.00,0.00 | 0.00 | 0.00 | 0.00,0.00,0.00 | 0.00 | 0.00 | 0.00,0.00,0.00 | 0.00 | 0.00 | 0.00,(null),0,(null),(null),(null)
100.00,100.00 | 0.00 | 0.00 | 0.00,0.00,0.00 | 0.00 | 0.00 | 0.00,0.00,0.00 | 0.00 | 0.00 | 0.00,0.00,0.00 | 0.00 | 0.00 | 0.00,(null),0,(null),(null),(null)
100.00,100.00 | 0.00 | 0.00 | 0.00,0.00,0.00 | 0.00 | 0.00 | 0.00,0.00,0.00 | 0.00 | 0.00 | 0.00,0.00,0.00 | 0.00 | 0.00 | 0.00,(null),0,(null),(null),(null)
100.00,100.00 | 0.00 | 0.00 | 0.00,0.00,0.00 | 0.00 | 0.00 | 0.00,0.00,0.00 | 0.00 | 0.00 | 0.00,0.00,0.00 | 0.00 | 0.00 | 0.00,(null),0,(null),(null),(null)
100.00,100.00 | 0.00 | 0.00 | 0.00,0.00,0.00 | 0.00 | 0.00 | 0.00,0.00,0.00 | 0.00 | 0.00 | 0.00,0.00,0.00 | 0.00 | 0.00 | 0.00,(null),0,(null),(null),(null)
100.00,100.00 | 0.00 | 0.00 | 0.00,0.00,0.00 | 0.00 | 0.00 | 0.00,0.00,0.00 | 0.00 | 0.00 | 0.00,0.00,0.00 | 0.00 | 0.00 | 0.00,src/hotline/lat_map.c,166,(null),parse_and_insert_lat_entry,stp q0  q0  [x19  #0x40]
100.00,100.00 | 0.00 | 0.00 | 0.00,0.00,0.00 | 0.00 | 0.00 | 0.00,0.00,0.00 | 0.00 | 0.00 | 0.00,0.00,0.00 | 0.00 | 0.00 | 0.00,(null),0,(null),(null),(null)
100.00,0.00 | 100.00 | 0.00 | 0.00,0.00,0.00 | 0.00 | 0.00 | 0.00,0.00,0.00 | 0.00 | 0.00 | 0.00,0.00,0.00 | 0.00 | 0.00 | 0.00,(null),0,(null),(null),(null)
100.00,100.00 | 0.00 | 0.00 | 0.00,0.00,0.00 | 0.00 | 0.00 | 0.00,0.00,0.00 | 0.00 | 0.00 | 0.00,0.00,0.00 | 0.00 | 0.00 | 0.00,/home/ubuntu/rocksdb/memory/arena.cc,63,"char* Arena::AllocateFallback(size_t bytes, bool aligned) {",_ZN7rocksdb5Arena16AllocateFallbackEmb,stp x29  x30  [sp  #-0x40]!
100.00,100.00 | 0.00 | 0.00 | 0.00,0.00,0.00 | 0.00 | 0.00 | 0.00,0.00,0.00 | 0.00 | 0.00 | 0.00,0.00,0.00 | 0.00 | 0.00 | 0.00,???,0,???,_ZL22mangled_class_encodingP6a_typeiiiP24a_mangling_control_block,ldr x1  [x4]
100.00,0.00 | 100.00 | 0.00 | 0.00,0.00,0.00 | 0.00 | 0.00 | 0.00,0.00,0.00 | 0.00 | 0.00 | 0.00,0.00,0.00 | 0.00 | 0.00 | 0.00,(null),0,(null),(null),(null)
100.00,0.00 | 100.00 | 0.00 | 0.00,0.00,0.00 | 0.00 | 0.00 | 0.00,0.00,0.00 | 0.00 | 0.00 | 0.00,0.00,0.00 | 0.00 | 0.00 | 0.00,(null),0,(null),(null),(null)
100.00,100.00 | 0.00 | 0.00 | 0.00,0.00,0.00 | 0.00 | 0.00 | 0.00,0.00,0.00 | 0.00 | 0.00 | 0.00,0.00,0.00 | 0.00 | 0.00 | 0.00,(null),0,(null),(null),(null)
100.00,100.00 | 0.00 | 0.00 | 0.00,0.00,0.00 | 0.00 | 0.00 | 0.00,0.00,0.00 | 0.00 | 0.00 | 0.00,0.00,0.00 | 0.00 | 0.00 | 0.00,(null),0,(null),(null),(null)
100.00,0.00 | 100.00 | 0.00 | 0.00,0.00,0.00 | 0.00 | 0.00 | 0.00,0.00,0.00 | 0.00 | 0.00 | 0.00,0.00,0.00 | 0.00 | 0.00 | 0.00,(null),0,(null),(null),(null)
100.00,0.00 | 100.00 | 0.00 | 0.00,0.00,0.00 | 0.00 | 0.00 | 0.00,0.00,0.00 | 0.00 | 0.00 | 0.00,0.00,0.00 | 0.00 | 0.00 | 0.00,/home/ubuntu/.rustup/toolchains/stable-aarch64-unknown-linux-gnu/lib/rustlib/src/rust/library/core/src/iter/adapters/enumerate.rs,81,(null),_ZN110_$LT$core..iter..adapters..enumerate..Enumerate$LT$I$GT$$u20$as$u20$core..iter..traits..iterator..Iterator$GT$4next17hb03ce595b596101aE,str x9  [sp  #0x68]
100.00,100.00 | 0.00 | 0.00 | 0.00,0.00,0.00 | 0.00 | 0.00 | 0.00,0.00,0.00 | 0.00 | 0.00 | 0.00,0.00,0.00 | 0.00 | 0.00 | 0.00,/home/ubuntu/rocksdb/memory/arena.cc,139,"    result = AllocateFallback(bytes, true /* aligned */);",_ZN7rocksdb5Arena15AllocateAlignedEmmPNS_6LoggerE,ldr x0  [x0  #0xba8]
100.00,0.00 | 100.00 | 0.00 | 0.00,0.00,0.00 | 0.00 | 0.00 | 0.00,0.00,0.00 | 0.00 | 0.00 | 0.00,0.00,0.00 | 0.00 | 0.00 | 0.00,(null),0,(null),(null),(null)
100.00,0.00 | 100.00 | 0.00 | 0.00,0.00,0.00 | 0.00 | 0.00 | 0.00,0.00,0.00 | 0.00 | 0.00 | 0.00,0.00,0.00 | 0.00 | 0.00 | 0.00,(null),0,(null),(null),(null)
100.00,100.00 | 0.00 | 0.00 | 0.00,0.00,0.00 | 0.00 | 0.00 | 0.00,0.00,0.00 | 0.00 | 0.00 | 0.00,0.00,0.00 | 0.00 | 0.00 | 0.00,(null),0,(null),(null),(null)
100.00,50.00 | 50.00 | 0.00 | 0.00,0.00,0.00 | 0.00 | 0.00 | 0.00,0.00,0.00 | 0.00 | 0.00 | 0.00,0.00,0.00 | 0.00 | 0.00 | 0.00,src/hotline/btree.c,605,(null),btree_get,ldr x25  [sp  #0x40]
100.00,0.00 | 100.00 | 0.00 | 0.00,0.00,0.00 | 0.00 | 0.00 | 0.00,0.00,0.00 | 0.00 | 0.00 | 0.00,0.00,0.00 | 0.00 | 0.00 | 0.00,/home/ubuntu/.rustup/toolchains/stable-aarch64-unknown-linux-gnu/lib/rustlib/src/rust/library/alloc/src/raw_vec/mod.rs,760,(null),_ZN5alloc7raw_vec20RawVecInner$LT$A$GT$10deallocate17hc5fd01f479b42647E,ldr x30  [sp  #0x50]
100.00,50.00 | 50.00 | 0.00 | 0.00,0.00,0.00 | 0.00 | 0.00 | 0.00,0.00,0.00 | 0.00 | 0.00 | 0.00,0.00,0.00 | 0.00 | 0.00 | 0.00,/home/ubuntu/rocksdb/memory/arena.cc,93,"}",_ZN7rocksdb5Arena16AllocateFallbackEmb,ldr x23  [sp  #0x30]
100.00,0.00 | 100.00 | 0.00 | 0.00,0.00,0.00 | 0.00 | 0.00 | 0.00,0.00,0.00 | 0.00 | 0.00 | 0.00,0.00,0.00 | 0.00 | 0.00 | 0.00,(null),0,(null),(null),(null)
100.00,0.00 | 100.00 | 0.00 | 0.00,0.00,0.00 | 0.00 | 0.00 | 0.00,0.00,0.00 | 0.00 | 0.00 | 0.00,0.00,0.00 | 0.00 | 0.00 | 0.00,src/hotline/hotline.c,326,(null),process_aux_buffer_record,ldp x19  x20  [sp  #0x10]
100.00,0.00 | 100.00 | 0.00 | 0.00,0.00,0.00 | 0.00 | 0.00 | 0.00,0.00,0.00 | 0.00 | 0.00 | 0.00,0.00,0.00 | 0.00 | 0.00 | 0.00,src/hotline/hotline.c,344,(null),process_software_buffer_up_to_ts,ldr x26  [x22  #0x80]
100.00,0.00 | 100.00 | 0.00 | 0.00,0.00,0.00 | 0.00 | 0.00 | 0.00,0.00,0.00 | 0.00 | 0.00 | 0.00,0.00,0.00 | 0.00 | 0.00 | 0.00,(null),0,(null),(null),(null)
100.00,0.00 | 100.00 | 0.00 | 0.00,0.00,0.00 | 0.00 | 0.00 | 0.00,0.00,0.00 | 0.00 | 0.00 | 0.00,0.00,0.00 | 0.00 | 0.00 | 0.00,(null),0,(null),(null),(null)
100.00,0.00 | 100.00 | 0.00 | 0.00,0.00,0.00 | 0.00 | 0.00 | 0.00,0.00,0.00 | 0.00 | 0.00 | 0.00,0.00,0.00 | 0.00 | 0.00 | 0.00,(null),0,(null),(null),(null)
100.00,0.00 | 100.00 | 0.00 | 0.00,0.00,0.00 | 0.00 | 0.00 | 0.00,0.00,0.00 | 0.00 | 0.00 | 0.00,0.00,0.00 | 0.00 | 0.00 | 0.00,(null),0,(null),(null),(null)
100.00,100.00 | 0.00 | 0.00 | 0.00,0.00,0.00 | 0.00 | 0.00 | 0.00,0.00,0.00 | 0.00 | 0.00 | 0.00,0.00,0.00 | 0.00 | 0.00 | 0.00,(null),0,(null),(null),(null)
100.00,100.00 | 0.00 | 0.00 | 0.00,0.00,0.00 | 0.00 | 0.00 | 0.00,0.00,0.00 | 0.00 | 0.00 | 0.00,0.00,0.00 | 0.00 | 0.00 | 0.00,(null),0,(null),(null),(null)
100.00,100.00 | 0.00 | 0.00 | 0.00,0.00,0.00 | 0.00 | 0.00 | 0.00,0.00,0.00 | 0.00 | 0.00 | 0.00,0.00,0.00 | 0.00 | 0.00 | 0.00,???,0,???,_ZN4edge22intellisense_operation25get_auto_complete_membersERPNS_22member_selection_entryERPNS_11scope_entryEPNS_4listIPNS_6symbolEEESB_SB_SB_NS0_16member_list_kindEbRbSD_SD_PSt3mapIS9_jSt4lessIS9_ESaISt4pairIKS9_jEEE,mov x0  x23
100.00,100.00 | 0.00 | 0.00 | 0.00,0.00,0.00 | 0.00 | 0.00 | 0.00,0.00,0.00 | 0.00 | 0.00 | 0.00,0.00,0.00 | 0.00 | 0.00 | 0.00,(null),0,(null),(null),(null)
100.00,100.00 | 0.00 | 0.00 | 0.00,0.00,0.00 | 0.00 | 0.00 | 0.00,0.00,0.00 | 0.00 | 0.00 | 0.00,0.00,0.00 | 0.00 | 0.00 | 0.00,(null),0,(null),(null),(null)
100.00,100.00 | 0.00 | 0.00 | 0.00,0.00,0.00 | 0.00 | 0.00 | 0.00,0.00,0.00 | 0.00 | 0.00 | 0.00,0.00,0.00 | 0.00 | 0.00 | 0.00,(null),0,(null),(null),(null)
100.00,100.00 | 0.00 | 0.00 | 0.00,0.00,0.00 | 0.00 | 0.00 | 0.00,0.00,0.00 | 0.00 | 0.00 | 0.00,0.00,0.00 | 0.00 | 0.00 | 0.00,(null),0,(null),(null),(null)
100.00,100.00 | 0.00 | 0.00 | 0.00,0.00,0.00 | 0.00 | 0.00 | 0.00,0.00,0.00 | 0.00 | 0.00 | 0.00,0.00,0.00 | 0.00 | 0.00 | 0.00,(null),0,(null),(null),(null)
100.00,100.00 | 0.00 | 0.00 | 0.00,0.00,0.00 | 0.00 | 0.00 | 0.00,0.00,0.00 | 0.00 | 0.00 | 0.00,0.00,0.00 | 0.00 | 0.00 | 0.00,(null),0,(null),(null),(null)
100.00,100.00 | 0.00 | 0.00 | 0.00,0.00,0.00 | 0.00 | 0.00 | 0.00,0.00,0.00 | 0.00 | 0.00 | 0.00,0.00,0.00 | 0.00 | 0.00 | 0.00,(null),0,(null),(null),(null)
100.00,100.00 | 0.00 | 0.00 | 0.00,0.00,0.00 | 0.00 | 0.00 | 0.00,0.00,0.00 | 0.00 | 0.00 | 0.00,0.00,0.00 | 0.00 | 0.00 | 0.00,src/hotline/btree.c,507,(null),btree_node_set,stp x25  x26  [sp  #0x40]
100.00,100.00 | 0.00 | 0.00 | 0.00,0.00,0.00 | 0.00 | 0.00 | 0.00,0.00,0.00 | 0.00 | 0.00 | 0.00,0.00,0.00 | 0.00 | 0.00 | 0.00,/usr/include/c++/11/bits/stl_function.h,400,"      { return __x < __y; }",_ZNSt8_Rb_treeIN7rocksdb14CacheEntryRoleESt4pairIKS1_NS0_21CacheEntryRoleOptionsEESt10_Select1stIS5_ESt4lessIS1_ESaIS5_EE16_M_insert_uniqueIS5_EES2_ISt17_Rb_tree_iteratorIS5_EbEOT_,ldr w2  [x19  #0x20]
100.00,0.00 | 100.00 | 0.00 | 0.00,0.00,0.00 | 0.00 | 0.00 | 0.00,0.00,0.00 | 0.00 | 0.00 | 0.00,0.00,0.00 | 0.00 | 0.00 | 0.00,src/hotline/fname_map.c,215,(null),va_to_file_offset,ldr x21  [x22  #8]
100.00,100.00 | 0.00 | 0.00 | 0.00,0.00,0.00 | 0.00 | 0.00 | 0.00,0.00,0.00 | 0.00 | 0.00 | 0.00,0.00,0.00 | 0.00 | 0.00 | 0.00,(null),0,(null),(null),(null)
100.00,100.00 | 0.00 | 0.00 | 0.00,0.00,0.00 | 0.00 | 0.00 | 0.00,0.00,0.00 | 0.00 | 0.00 | 0.00,0.00,0.00 | 0.00 | 0.00 | 0.00,(null),0,(null),(null),(null)
100.00,100.00 | 0.00 | 0.00 | 0.00,0.00,0.00 | 0.00 | 0.00 | 0.00,0.00,0.00 | 0.00 | 0.00 | 0.00,0.00,0.00 | 0.00 | 0.00 | 0.00,(null),0,(null),(null),(null)
100.00,100.00 | 0.00 | 0.00 | 0.00,0.00,0.00 | 0.00 | 0.00 | 0.00,0.00,0.00 | 0.00 | 0.00 | 0.00,0.00,0.00 | 0.00 | 0.00 | 0.00,(null),0,(null),(null),(null)
100.00,50.00 | 50.00 | 0.00 | 0.00,0.00,0.00 | 0.00 | 0.00 | 0.00,0.00,0.00 | 0.00 | 0.00 | 0.00,0.00,0.00 | 0.00 | 0.00 | 0.00,(null),0,(null),(null),(null)
100.00,0.00 | 100.00 | 0.00 | 0.00,0.00,0.00 | 0.00 | 0.00 | 0.00,0.00,0.00 | 0.00 | 0.00 | 0.00,0.00,0.00 | 0.00 | 0.00 | 0.00,???,0,???,???,???
100.00,0.00 | 100.00 | 0.00 | 0.00,0.00,0.00 | 0.00 | 0.00 | 0.00,0.00,0.00 | 0.00 | 0.00 | 0.00,0.00,0.00 | 0.00 | 0.00 | 0.00,/usr/include/c++/11/bits/deque.tcc,168,"	    != this->_M_impl._M_finish._M_last - 1)",_ZN7rocksdb5Arena16AllocateNewBlockEm,ldr x0  [x21  #0x40]
100.00,0.00 | 100.00 | 0.00 | 0.00,0.00,0.00 | 0.00 | 0.00 | 0.00,0.00,0.00 | 0.00 | 0.00 | 0.00,0.00,0.00 | 0.00 | 0.00 | 0.00,(null),0,(null),(null),(null)
100.00,0.00 | 100.00 | 0.00 | 0.00,0.00,0.00 | 0.00 | 0.00 | 0.00,0.00,0.00 | 0.00 | 0.00 | 0.00,0.00,0.00 | 0.00 | 0.00 | 0.00,(null),0,(null),(null),(null)
0.00,0.00 | 0.00 | 0.00 | 0.00,100.00,0.00 | 100.00 | 0.00 | 0.00,0.00,0.00 | 0.00 | 0.00 | 0.00,0.00,0.00 | 0.00 | 0.00 | 0.00,(null),0,(null),(null),(null)
0.00,0.00 | 0.00 | 0.00 | 0.00,100.00,0.00 | 100.00 | 0.00 | 0.00,0.00,0.00 | 0.00 | 0.00 | 0.00,0.00,0.00 | 0.00 | 0.00 | 0.00,(null),0,(null),(null),(null)
100.00,100.00 | 0.00 | 0.00 | 0.00,0.00,0.00 | 0.00 | 0.00 | 0.00,0.00,0.00 | 0.00 | 0.00 | 0.00,0.00,0.00 | 0.00 | 0.00 | 0.00,(null),0,(null),(null),(null)
100.00,100.00 | 0.00 | 0.00 | 0.00,0.00,0.00 | 0.00 | 0.00 | 0.00,0.00,0.00 | 0.00 | 0.00 | 0.00,0.00,0.00 | 0.00 | 0.00 | 0.00,(null),0,(null),(null),(null)
100.00,100.00 | 0.00 | 0.00 | 0.00,0.00,0.00 | 0.00 | 0.00 | 0.00,0.00,0.00 | 0.00 | 0.00 | 0.00,0.00,0.00 | 0.00 | 0.00 | 0.00,/home/ubuntu/.rustup/toolchains/stable-aarch64-unknown-linux-gnu/lib/rustlib/src/rust/library/core/src/slice/iter/macros.rs,179,(null),_ZN91_$LT$core..slice..iter..Iter$LT$T$GT$$u20$as$u20$core..iter..traits..iterator..Iterator$GT$4next17h0af11cd34cd7fee9E,str x9  [sp  #0x28]
100.00,100.00 | 0.00 | 0.00 | 0.00,0.00,0.00 | 0.00 | 0.00 | 0.00,0.00,0.00 | 0.00 | 0.00 | 0.00,0.00,0.00 | 0.00 | 0.00 | 0.00,/home/ubuntu/.rustup/toolchains/stable-aarch64-unknown-linux-gnu/lib/rustlib/src/rust/library/core/src/ptr/mod.rs,524,(null),_ZN4core3ptr46drop_in_place$LT$alloc..vec..Vec$LT$u8$GT$$GT$17hca8868a122943a62E,str x0  [sp]
100.00,100.00 | 0.00 | 0.00 | 0.00,0.00,0.00 | 0.00 | 0.00 | 0.00,0.00,0.00 | 0.00 | 0.00 | 0.00,0.00,0.00 | 0.00 | 0.00 | 0.00,(null),0,(null),(null),(null)
100.00,100.00 | 0.00 | 0.00 | 0.00,0.00,0.00 | 0.00 | 0.00 | 0.00,0.00,0.00 | 0.00 | 0.00 | 0.00,0.00,0.00 | 0.00 | 0.00 | 0.00,(null),0,(null),(null),(null)
100.00,100.00 | 0.00 | 0.00 | 0.00,0.00,0.00 | 0.00 | 0.00 | 0.00,0.00,0.00 | 0.00 | 0.00 | 0.00,0.00,0.00 | 0.00 | 0.00 | 0.00,(null),0,(null),(null),(null)
100.00,100.00 | 0.00 | 0.00 | 0.00,0.00,0.00 | 0.00 | 0.00 | 0.00,0.00,0.00 | 0.00 | 0.00 | 0.00,0.00,0.00 | 0.00 | 0.00 | 0.00,(null),0,(null),(null),(null)
100.00,100.00 | 0.00 | 0.00 | 0.00,0.00,0.00 | 0.00 | 0.00 | 0.00,0.00,0.00 | 0.00 | 0.00 | 0.00,0.00,0.00 | 0.00 | 0.00 | 0.00,(null),0,(null),(null),(null)
100.00,100.00 | 0.00 | 0.00 | 0.00,0.00,0.00 | 0.00 | 0.00 | 0.00,0.00,0.00 | 0.00 | 0.00 | 0.00,0.00,0.00 | 0.00 | 0.00 | 0.00,src/hotline/lat_map.c,82,(null),parse_and_insert_lat_entry,stp q0  q0  [x1  #0x80]
100.00,100.00 | 0.00 | 0.00 | 0.00,0.00,0.00 | 0.00 | 0.00 | 0.00,0.00,0.00 | 0.00 | 0.00 | 0.00,0.00,0.00 | 0.00 | 0.00 | 0.00,src/hotline/btree.c,492,(null),btree_node_set,stp x23  x24  [sp  #0x30]
100.00,100.00 | 0.00 | 0.00 | 0.00,0.00,0.00 | 0.00 | 0.00 | 0.00,0.00,0.00 | 0.00 | 0.00 | 0.00,0.00,0.00 | 0.00 | 0.00 | 0.00,???,0,???,_ZN4node9inspector12_GLOBAL__N_19WsHandler6OnDataEPSt6vectorIcSaIcEE,add x1  x1  #0x260
100.00,0.00 | 100.00 | 0.00 | 0.00,0.00,0.00 | 0.00 | 0.00 | 0.00,0.00,0.00 | 0.00 | 0.00 | 0.00,0.00,0.00 | 0.00 | 0.00 | 0.00,(null),0,(null),(null),(null)
100.00,0.00 | 100.00 | 0.00 | 0.00,0.00,0.00 | 0.00 | 0.00 | 0.00,0.00,0.00 | 0.00 | 0.00 | 0.00,0.00,0.00 | 0.00 | 0.00 | 0.00,src/hotline/btree.c,528,(null),btree_node_set,ldr x2  [x1]
100.00,100.00 | 0.00 | 0.00 | 0.00,0.00,0.00 | 0.00 | 0.00 | 0.00,0.00,0.00 | 0.00 | 0.00 | 0.00,0.00,0.00 | 0.00 | 0.00 | 0.00,(null),0,(null),(null),(null)
100.00,100.00 | 0.00 | 0.00 | 0.00,0.00,0.00 | 0.00 | 0.00 | 0.00,0.00,0.00 | 0.00 | 0.00 | 0.00,0.00,0.00 | 0.00 | 0.00 | 0.00,(null),0,(null),(null),(null)
100.00,100.00 | 0.00 | 0.00 | 0.00,0.00,0.00 | 0.00 | 0.00 | 0.00,0.00,0.00 | 0.00 | 0.00 | 0.00,0.00,0.00 | 0.00 | 0.00 | 0.00,src/hotline/lat_map.c,35,(null),lat_map_compare,ldr w3  [x1]
100.00,0.00 | 100.00 | 0.00 | 0.00,0.00,0.00 | 0.00 | 0.00 | 0.00,0.00,0.00 | 0.00 | 0.00 | 0.00,0.00,0.00 | 0.00 | 0.00 | 0.00,/usr/include/c++/11/bits/basic_string.h,540,"      }",_ZNSt7__cxx1112basic_stringIcSt11char_traitsIcESaIcEEC2IS3_EEPKcRKS3_.constprop.0,ldp x21  x22  [sp  #0x20]
100.00,100.00 | 0.00 | 0.00 | 0.00,0.00,0.00 | 0.00 | 0.00 | 0.00,0.00,0.00 | 0.00 | 0.00 | 0.00,0.00,0.00 | 0.00 | 0.00 | 0.00,/home/ubuntu/rocksdb/memory/arena.cc,139,"    result = AllocateFallback(bytes, true /* aligned */);",_ZN7rocksdb5Arena15AllocateAlignedEmmPNS_6LoggerE,ldr x2  [sp  #0x58]
100.00,100.00 | 0.00 | 0.00 | 0.00,0.00,0.00 | 0.00 | 0.00 | 0.00,0.00,0.00 | 0.00 | 0.00 | 0.00,0.00,0.00 | 0.00 | 0.00 | 0.00,/home/ubuntu/rocksdb/memory/arena.cc,143,"}",_ZN7rocksdb5Arena15AllocateAlignedEmmPNS_6LoggerE,ldp x29  x30  [sp]  #0x60
100.00,0.00 | 100.00 | 0.00 | 0.00,0.00,0.00 | 0.00 | 0.00 | 0.00,0.00,0.00 | 0.00 | 0.00 | 0.00,0.00,0.00 | 0.00 | 0.00 | 0.00,???,0,???,???,???
100.00,0.00 | 100.00 | 0.00 | 0.00,0.00,0.00 | 0.00 | 0.00 | 0.00,0.00,0.00 | 0.00 | 0.00 | 0.00,0.00,0.00 | 0.00 | 0.00 | 0.00,src/hotline/lat_map.c,91,(null),parse_and_insert_lat_entry,ldp x5  x4  [x0  #0x20]
100.00,0.00 | 100.00 | 0.00 | 0.00,0.00,0.00 | 0.00 | 0.00 | 0.00,0.00,0.00 | 0.00 | 0.00 | 0.00,0.00,0.00 | 0.00 | 0.00 | 0.00,src/hotline/btree.c,528,(null),btree_node_set,ldp x29  x30  [sp]  #0x90
100.00,0.00 | 100.00 | 0.00 | 0.00,0.00,0.00 | 0.00 | 0.00 | 0.00,0.00,0.00 | 0.00 | 0.00 | 0.00,0.00,0.00 | 0.00 | 0.00 | 0.00,/home/ubuntu/.rustup/toolchains/stable-aarch64-unknown-linux-gnu/lib/rustlib/src/rust/library/core/src/ub_checks.rs,159,(null),_ZN4core9ub_checks23maybe_is_nonoverlapping7runtime17h386d01054c725cdaE,ldr x10  [sp  #0x28]
100.00,0.00 | 100.00 | 0.00 | 0.00,0.00,0.00 | 0.00 | 0.00 | 0.00,0.00,0.00 | 0.00 | 0.00 | 0.00,0.00,0.00 | 0.00 | 0.00 | 0.00,/home/ubuntu/.rustup/toolchains/stable-aarch64-unknown-linux-gnu/lib/rustlib/src/rust/library/alloc/src/vec/mod.rs,2447,(null),_ZN5alloc3vec16Vec$LT$T$C$A$GT$4push17h0675ca411feb6521E,ldr x9  [sp  #0x40]
100.00,0.00 | 100.00 | 0.00 | 0.00,0.00,0.00 | 0.00 | 0.00 | 0.00,0.00,0.00 | 0.00 | 0.00 | 0.00,0.00,0.00 | 0.00 | 0.00 | 0.00,(null),0,(null),(null),(null)
100.00,100.00 | 0.00 | 0.00 | 0.00,0.00,0.00 | 0.00 | 0.00 | 0.00,0.00,0.00 | 0.00 | 0.00 | 0.00,0.00,0.00 | 0.00 | 0.00 | 0.00,(null),0,(null),(null),(null)
100.00,100.00 | 0.00 | 0.00 | 0.00,0.00,0.00 | 0.00 | 0.00 | 0.00,0.00,0.00 | 0.00 | 0.00 | 0.00,0.00,0.00 | 0.00 | 0.00 | 0.00,(null),0,(null),(null),(null)
100.00,100.00 | 0.00 | 0.00 | 0.00,0.00,0.00 | 0.00 | 0.00 | 0.00,0.00,0.00 | 0.00 | 0.00 | 0.00,0.00,0.00 | 0.00 | 0.00 | 0.00,(null),0,(null),(null),(null)
100.00,100.00 | 0.00 | 0.00 | 0.00,0.00,0.00 | 0.00 | 0.00 | 0.00,0.00,0.00 | 0.00 | 0.00 | 0.00,0.00,0.00 | 0.00 | 0.00 | 0.00,/home/ubuntu/.rustup/toolchains/stable-aarch64-unknown-linux-gnu/lib/rustlib/src/rust/library/alloc/src/raw_vec/mod.rs,535,(null),_ZN5alloc7raw_vec20RawVecInner$LT$A$GT$14current_memory17hbf8969f73d2da585E,str x9  [sp  #0x80]
100.00,100.00 | 0.00 | 0.00 | 0.00,0.00,0.00 | 0.00 | 0.00 | 0.00,0.00,0.00 | 0.00 | 0.00 | 0.00,0.00,0.00 | 0.00 | 0.00 | 0.00,(null),0,(null),(null),(null)
100.00,100.00 | 0.00 | 0.00 | 0.00,0.00,0.00 | 0.00 | 0.00 | 0.00,0.00,0.00 | 0.00 | 0.00 | 0.00,0.00,0.00 | 0.00 | 0.00 | 0.00,(null),0,(null),(null),(null)
100.00,100.00 | 0.00 | 0.00 | 0.00,0.00,0.00 | 0.00 | 0.00 | 0.00,0.00,0.00 | 0.00 | 0.00 | 0.00,0.00,0.00 | 0.00 | 0.00 | 0.00,(null),0,(null),(null),(null)
100.00,100.00 | 0.00 | 0.00 | 0.00,0.00,0.00 | 0.00 | 0.00 | 0.00,0.00,0.00 | 0.00 | 0.00 | 0.00,0.00,0.00 | 0.00 | 0.00 | 0.00,(null),0,(null),(null),(null)
100.00,100.00 | 0.00 | 0.00 | 0.00,0.00,0.00 | 0.00 | 0.00 | 0.00,0.00,0.00 | 0.00 | 0.00 | 0.00,0.00,0.00 | 0.00 | 0.00 | 0.00,(null),0,(null),(null),(null)
100.00,100.00 | 0.00 | 0.00 | 0.00,0.00,0.00 | 0.00 | 0.00 | 0.00,0.00,0.00 | 0.00 | 0.00 | 0.00,0.00,0.00 | 0.00 | 0.00 | 0.00,(null),0,(null),(null),(null)
100.00,100.00 | 0.00 | 0.00 | 0.00,0.00,0.00 | 0.00 | 0.00 | 0.00,0.00,0.00 | 0.00 | 0.00 | 0.00,0.00,0.00 | 0.00 | 0.00 | 0.00,(null),0,(null),(null),(null)
100.00,100.00 | 0.00 | 0.00 | 0.00,0.00,0.00 | 0.00 | 0.00 | 0.00,0.00,0.00 | 0.00 | 0.00 | 0.00,0.00,0.00 | 0.00 | 0.00 | 0.00,(null),0,(null),(null),(null)
100.00,100.00 | 0.00 | 0.00 | 0.00,0.00,0.00 | 0.00 | 0.00 | 0.00,0.00,0.00 | 0.00 | 0.00 | 0.00,0.00,0.00 | 0.00 | 0.00 | 0.00,(null),0,(null),(null),(null)
100.00,100.00 | 0.00 | 0.00 | 0.00,0.00,0.00 | 0.00 | 0.00 | 0.00,0.00,0.00 | 0.00 | 0.00 | 0.00,0.00,0.00 | 0.00 | 0.00 | 0.00,(null),0,(null),(null),(null)
100.00,100.00 | 0.00 | 0.00 | 0.00,0.00,0.00 | 0.00 | 0.00 | 0.00,0.00,0.00 | 0.00 | 0.00 | 0.00,0.00,0.00 | 0.00 | 0.00 | 0.00,(null),0,(null),(null),(null)
100.00,100.00 | 0.00 | 0.00 | 0.00,0.00,0.00 | 0.00 | 0.00 | 0.00,0.00,0.00 | 0.00 | 0.00 | 0.00,0.00,0.00 | 0.00 | 0.00 | 0.00,(null),0,(null),(null),(null)
100.00,100.00 | 0.00 | 0.00 | 0.00,0.00,0.00 | 0.00 | 0.00 | 0.00,0.00,0.00 | 0.00 | 0.00 | 0.00,0.00,0.00 | 0.00 | 0.00 | 0.00,(null),0,(null),(null),(null)
100.00,100.00 | 0.00 | 0.00 | 0.00,0.00,0.00 | 0.00 | 0.00 | 0.00,0.00,0.00 | 0.00 | 0.00 | 0.00,0.00,0.00 | 0.00 | 0.00 | 0.00,(null),0,(null),(null),(null)
100.00,100.00 | 0.00 | 0.00 | 0.00,0.00,0.00 | 0.00 | 0.00 | 0.00,0.00,0.00 | 0.00 | 0.00 | 0.00,0.00,0.00 | 0.00 | 0.00 | 0.00,(null),0,(null),(null),(null)
100.00,100.00 | 0.00 | 0.00 | 0.00,0.00,0.00 | 0.00 | 0.00 | 0.00,0.00,0.00 | 0.00 | 0.00 | 0.00,0.00,0.00 | 0.00 | 0.00 | 0.00,src/hotline/hotline.c,303,(null),process_aux_buffer_record,stp x19  x20  [sp  #0x10]
100.00,100.00 | 0.00 | 0.00 | 0.00,0.00,0.00 | 0.00 | 0.00 | 0.00,0.00,0.00 | 0.00 | 0.00 | 0.00,0.00,0.00 | 0.00 | 0.00 | 0.00,src/hotline/btree.c,452,(null),btree_search,stp x21  x22  [sp  #0x20]
100.00,100.00 | 0.00 | 0.00 | 0.00,0.00,0.00 | 0.00 | 0.00 | 0.00,0.00,0.00 | 0.00 | 0.00 | 0.00,0.00,0.00 | 0.00 | 0.00 | 0.00,src/hotline/fname_map.c,209,(null),va_to_file_offset,ldr x0  [x0]
100.00,100.00 | 0.00 | 0.00 | 0.00,0.00,0.00 | 0.00 | 0.00 | 0.00,0.00,0.00 | 0.00 | 0.00 | 0.00,0.00,0.00 | 0.00 | 0.00 | 0.00,???,0,???,_ZN2v88internal8compiler10turboshaft26DeadCodeEliminationReducerINS2_12ReducerStackINS2_9AssemblerINS2_12reducer_listIJNS2_30TurboshaftAssemblerOpInterfaceENS2_12GraphVisitorES3_NS2_25StackCheckLoweringReducerENS2_30LoadStoreSimplificationReducerENS2_30DuplicationOptimizationReducerENS2_21ValueNumberingReducerENS2_13TSReducerBaseEEEEEELb1EJS9_SA_SB_SC_SD_EEEE25ReduceInputGraphOperationINS2_8ReturnOpENS2_21UniformReducerAdapterIS3_SG_E24ReduceReturnContinuationEEENS2_7OpIndexESN_RKT_,movn w0  #0
100.00,0.00 | 100.00 | 0.00 | 0.00,0.00,0.00 | 0.00 | 0.00 | 0.00,0.00,0.00 | 0.00 | 0.00 | 0.00,0.00,0.00 | 0.00 | 0.00 | 0.00,(null),0,(null),(null),(null)
100.00,0.00 | 100.00 | 0.00 | 0.00,0.00,0.00 | 0.00 | 0.00 | 0.00,0.00,0.00 | 0.00 | 0.00 | 0.00,0.00,0.00 | 0.00 | 0.00 | 0.00,/usr/include/c++/11/bits/basic_string.h,459,"      { _M_construct(__str._M_data(), __str._M_data() + __str.length()); }",_ZNSt10_HashtableINSt7__cxx1112basic_stringIcSt11char_traitsIcESaIcEEESt4pairIKS5_N7rocksdb14OptionTypeInfoEESaISA_ENSt8__detail10_Select1stESt8equal_toIS5_ESt4hashIS5_ENSC_18_Mod_range_hashingENSC_20_Default_ranged_hashENSC_20_Prime_rehash_policyENSC_17_Hashtable_traitsILb1ELb0ELb1EEEEC2IPKSA_EET_SR_mRKSH_RKSF_RKSB_St17integral_constantIbLb1EE,ldp x1  x2  [x20]
100.00,0.00 | 100.00 | 0.00 | 0.00,0.00,0.00 | 0.00 | 0.00 | 0.00,0.00,0.00 | 0.00 | 0.00 | 0.00,0.00,0.00 | 0.00 | 0.00 | 0.00,/usr/include/c++/11/bits/basic_string.h,540,"      }",_ZNSt7__cxx1112basic_stringIcSt11char_traitsIcESaIcEEC2IS3_EEPKcRKS3_.constprop.0,ldr x1  [x0]
100.00,0.00 | 100.00 | 0.00 | 0.00,0.00,0.00 | 0.00 | 0.00 | 0.00,0.00,0.00 | 0.00 | 0.00 | 0.00,0.00,0.00 | 0.00 | 0.00 | 0.00,(null),0,(null),(null),(null)
100.00,0.00 | 100.00 | 0.00 | 0.00,0.00,0.00 | 0.00 | 0.00 | 0.00,0.00,0.00 | 0.00 | 0.00 | 0.00,0.00,0.00 | 0.00 | 0.00 | 0.00,(null),0,(null),(null),(null)
100.00,0.00 | 100.00 | 0.00 | 0.00,0.00,0.00 | 0.00 | 0.00 | 0.00,0.00,0.00 | 0.00 | 0.00 | 0.00,0.00,0.00 | 0.00 | 0.00 | 0.00,src/hotline/bmiss_map.c,82,(null),parse_and_insert_bmiss_entry,ldp x7  x6  [x0  #0x20]
100.00,0.00 | 100.00 | 0.00 | 0.00,0.00,0.00 | 0.00 | 0.00 | 0.00,0.00,0.00 | 0.00 | 0.00 | 0.00,0.00,0.00 | 0.00 | 0.00 | 0.00,src/hotline/btree.c,794,(null),btree_get,ldr x2  [x2  #0xce0]
100.00,0.00 | 100.00 | 0.00 | 0.00,0.00,0.00 | 0.00 | 0.00 | 0.00,0.00,0.00 | 0.00 | 0.00 | 0.00,0.00,0.00 | 0.00 | 0.00 | 0.00,(null),0,(null),(null),(null)
100.00,0.00 | 100.00 | 0.00 | 0.00,0.00,0.00 | 0.00 | 0.00 | 0.00,0.00,0.00 | 0.00 | 0.00 | 0.00,0.00,0.00 | 0.00 | 0.00 | 0.00,(null),0,(null),(null),(null)
0.00,0.00 | 0.00 | 0.00 | 0.00,100.00,0.00 | 100.00 | 0.00 | 0.00,0.00,0.00 | 0.00 | 0.00 | 0.00,0.00,0.00 | 0.00 | 0.00 | 0.00,(null),0,(null),(null),(null)
100.00,0.00 | 100.00 | 0.00 | 0.00,0.00,0.00 | 0.00 | 0.00 | 0.00,0.00,0.00 | 0.00 | 0.00 | 0.00,0.00,0.00 | 0.00 | 0.00 | 0.00,/home/ubuntu/.rustup/toolchains/stable-aarch64-unknown-linux-gnu/lib/rustlib/src/rust/library/core/src/iter/adapters/enumerate.rs,79,(null),_ZN110_$LT$core..iter..adapters..enumerate..Enumerate$LT$I$GT$$u20$as$u20$core..iter..traits..iterator..Iterator$GT$4next17h6ae4d4bb8211729aE,str x30  [sp  #0x80]
100.00,0.00 | 100.00 | 0.00 | 0.00,0.00,0.00 | 0.00 | 0.00 | 0.00,0.00,0.00 | 0.00 | 0.00 | 0.00,0.00,0.00 | 0.00 | 0.00 | 0.00,/home/ubuntu/.rustup/toolchains/stable-aarch64-unknown-linux-gnu/lib/rustlib/src/rust/library/core/src/iter/adapters/enumerate.rs,0,(null),_ZN110_$LT$core..iter..adapters..enumerate..Enumerate$LT$I$GT$$u20$as$u20$core..iter..traits..iterator..Iterator$GT$4next17h6ae4d4bb8211729aE,ldr x10  [sp  #0x10]
100.00,0.00 | 100.00 | 0.00 | 0.00,0.00,0.00 | 0.00 | 0.00 | 0.00,0.00,0.00 | 0.00 | 0.00 | 0.00,0.00,0.00 | 0.00 | 0.00 | 0.00,src/hotline/btree.c,593,(null),btree_set0,ldp x29  x30  [sp]  #0x70
0.00,0.00 | 0.00 | 0.00 | 0.00,100.00,0.00 | 100.00 | 0.00 | 0.00,0.00,0.00 | 0.00 | 0.00 | 0.00,0.00,0.00 | 0.00 | 0.00 | 0.00,(null),0,(null),(null),(null)
100.00,0.00 | 100.00 | 0.00 | 0.00,0.00,0.00 | 0.00 | 0.00 | 0.00,0.00,0.00 | 0.00 | 0.00 | 0.00,0.00,0.00 | 0.00 | 0.00 | 0.00,src/hotline/btree.c,460,(null),btree_search,ldp x29  x30  [sp]  #0x60
100.00,100.00 | 0.00 | 0.00 | 0.00,0.00,0.00 | 0.00 | 0.00 | 0.00,0.00,0.00 | 0.00 | 0.00 | 0.00,0.00,0.00 | 0.00 | 0.00 | 0.00,(null),0,(null),(null),(null)
100.00,100.00 | 0.00 | 0.00 | 0.00,0.00,0.00 | 0.00 | 0.00 | 0.00,0.00,0.00 | 0.00 | 0.00 | 0.00,0.00,0.00 | 0.00 | 0.00 | 0.00,(null),0,(null),(null),(null)
100.00,100.00 | 0.00 | 0.00 | 0.00,0.00,0.00 | 0.00 | 0.00 | 0.00,0.00,0.00 | 0.00 | 0.00 | 0.00,0.00,0.00 | 0.00 | 0.00 | 0.00,/home/ubuntu/.rustup/toolchains/stable-aarch64-unknown-linux-gnu/lib/rustlib/src/rust/library/core/src/ptr/mod.rs,524,(null),_ZN4core3ptr64drop_in_place$LT$$u5b$aperf..data..kernel_config..Entry$u5d$$GT$17hd505fb9c10d1a228E,str x8  [sp  #0x18]
100.00,100.00 | 0.00 | 0.00 | 0.00,0.00,0.00 | 0.00 | 0.00 | 0.00,0.00,0.00 | 0.00 | 0.00 | 0.00,0.00,0.00 | 0.00 | 0.00 | 0.00,/usr/include/c++/11/bits/basic_string.h,219,"      { _M_allocated_capacity = __capacity; }",_ZNSt7__cxx1112basic_stringIcSt11char_traitsIcESaIcEEC2IS3_EEPKcRKS3_.constprop.0,str x1  [x20  #0x10]
100.00,100.00 | 0.00 | 0.00 | 0.00,0.00,0.00 | 0.00 | 0.00 | 0.00,0.00,0.00 | 0.00 | 0.00 | 0.00,0.00,0.00 | 0.00 | 0.00 | 0.00,???,0,???,???,???
100.00,100.00 | 0.00 | 0.00 | 0.00,0.00,0.00 | 0.00 | 0.00 | 0.00,0.00,0.00 | 0.00 | 0.00 | 0.00,0.00,0.00 | 0.00 | 0.00 | 0.00,???,0,???,_ZN2v88internal4wasm15WasmFullDecoderINS1_7Decoder15NoValidationTagENS1_12_GLOBAL__N_115LiftoffCompilerELNS1_12DecodingModeE0EE39DecodeNopForTestingUnsupportedInLiftoffEPS8_NS1_10WasmOpcodeE,bl #0x2544f70
100.00,100.00 | 0.00 | 0.00 | 0.00,0.00,0.00 | 0.00 | 0.00 | 0.00,0.00,0.00 | 0.00 | 0.00 | 0.00,0.00,0.00 | 0.00 | 0.00 | 0.00,(null),0,(null),(null),(null)
100.00,100.00 | 0.00 | 0.00 | 0.00,0.00,0.00 | 0.00 | 0.00 | 0.00,0.00,0.00 | 0.00 | 0.00 | 0.00,0.00,0.00 | 0.00 | 0.00 | 0.00,(null),0,(null),(null),(null)
100.00,100.00 | 0.00 | 0.00 | 0.00,0.00,0.00 | 0.00 | 0.00 | 0.00,0.00,0.00 | 0.00 | 0.00 | 0.00,0.00,0.00 | 0.00 | 0.00 | 0.00,(null),0,(null),(null),(null)
100.00,100.00 | 0.00 | 0.00 | 0.00,0.00,0.00 | 0.00 | 0.00 | 0.00,0.00,0.00 | 0.00 | 0.00 | 0.00,0.00,0.00 | 0.00 | 0.00 | 0.00,(null),0,(null),(null),(null)
100.00,100.00 | 0.00 | 0.00 | 0.00,0.00,0.00 | 0.00 | 0.00 | 0.00,0.00,0.00 | 0.00 | 0.00 | 0.00,0.00,0.00 | 0.00 | 0.00 | 0.00,(null),0,(null),(null),(null)
100.00,100.00 | 0.00 | 0.00 | 0.00,0.00,0.00 | 0.00 | 0.00 | 0.00,0.00,0.00 | 0.00 | 0.00 | 0.00,0.00,0.00 | 0.00 | 0.00 | 0.00,(null),0,(null),(null),(null)
100.00,100.00 | 0.00 | 0.00 | 0.00,0.00,0.00 | 0.00 | 0.00 | 0.00,0.00,0.00 | 0.00 | 0.00 | 0.00,0.00,0.00 | 0.00 | 0.00 | 0.00,(null),0,(null),(null),(null)
100.00,100.00 | 0.00 | 0.00 | 0.00,0.00,0.00 | 0.00 | 0.00 | 0.00,0.00,0.00 | 0.00 | 0.00 | 0.00,0.00,0.00 | 0.00 | 0.00 | 0.00,(null),0,(null),(null),(null)
100.00,100.00 | 0.00 | 0.00 | 0.00,0.00,0.00 | 0.00 | 0.00 | 0.00,0.00,0.00 | 0.00 | 0.00 | 0.00,0.00,0.00 | 0.00 | 0.00 | 0.00,(null),0,(null),(null),(null)
100.00,100.00 | 0.00 | 0.00 | 0.00,0.00,0.00 | 0.00 | 0.00 | 0.00,0.00,0.00 | 0.00 | 0.00 | 0.00,0.00,0.00 | 0.00 | 0.00 | 0.00,(null),0,(null),(null),(null)
100.00,100.00 | 0.00 | 0.00 | 0.00,0.00,0.00 | 0.00 | 0.00 | 0.00,0.00,0.00 | 0.00 | 0.00 | 0.00,0.00,0.00 | 0.00 | 0.00 | 0.00,(null),0,(null),(null),(null)
100.00,100.00 | 0.00 | 0.00 | 0.00,0.00,0.00 | 0.00 | 0.00 | 0.00,0.00,0.00 | 0.00 | 0.00 | 0.00,0.00,0.00 | 0.00 | 0.00 | 0.00,src/hotline/hotline.c,369,(null),process_software_buffer_up_to_ts,str x25  [x22  #0x70]
100.00,100.00 | 0.00 | 0.00 | 0.00,0.00,0.00 | 0.00 | 0.00 | 0.00,0.00,0.00 | 0.00 | 0.00 | 0.00,0.00,0.00 | 0.00 | 0.00 | 0.00,/home/ubuntu/.rustup/toolchains/stable-aarch64-unknown-linux-gnu/lib/rustlib/src/rust/library/core/src/iter/adapters/enumerate.rs,82,(null),_ZN110_$LT$core..iter..adapters..enumerate..Enumerate$LT$I$GT$$u20$as$u20$core..iter..traits..iterator..Iterator$GT$4next17h6ae4d4bb8211729aE,ldr x8  [x8  #0x10]
100.00,100.00 | 0.00 | 0.00 | 0.00,0.00,0.00 | 0.00 | 0.00 | 0.00,0.00,0.00 | 0.00 | 0.00 | 0.00,0.00,0.00 | 0.00 | 0.00 | 0.00,src/hotline/btree.c,794,(null),btree_get,ldr x0  [x2]
100.00,100.00 | 0.00 | 0.00 | 0.00,0.00,0.00 | 0.00 | 0.00 | 0.00,0.00,0.00 | 0.00 | 0.00 | 0.00,0.00,0.00 | 0.00 | 0.00 | 0.00,src/hotline/fname_map.c,172,(null),update_filename_cached_entry,ldr x2  [x1  #0x10]
100.00,100.00 | 0.00 | 0.00 | 0.00,0.00,0.00 | 0.00 | 0.00 | 0.00,0.00,0.00 | 0.00 | 0.00 | 0.00,0.00,0.00 | 0.00 | 0.00 | 0.00,/home/ubuntu/rocksdb/memory/arena.cc,145,"char* Arena::AllocateNewBlock(size_t block_bytes) {",_ZN7rocksdb5Arena16AllocateNewBlockEm,stp x19  x20  [sp  #0x10]
100.00,0.00 | 100.00 | 0.00 | 0.00,0.00,0.00 | 0.00 | 0.00 | 0.00,0.00,0.00 | 0.00 | 0.00 | 0.00,0.00,0.00 | 0.00 | 0.00 | 0.00,(null),0,(null),(null),(null)
100.00,0.00 | 100.00 | 0.00 | 0.00,0.00,0.00 | 0.00 | 0.00 | 0.00,0.00,0.00 | 0.00 | 0.00 | 0.00,0.00,0.00 | 0.00 | 0.00 | 0.00,src/hotline/fname_map.c,234,(null),va_to_file_offset,ldp x23  x24  [sp  #0x30]
100.00,0.00 | 100.00 | 0.00 | 0.00,0.00,0.00 | 0.00 | 0.00 | 0.00,0.00,0.00 | 0.00 | 0.00 | 0.00,0.00,0.00 | 0.00 | 0.00 | 0.00,(null),0,(null),(null),(null)
100.00,0.00 | 100.00 | 0.00 | 0.00,0.00,0.00 | 0.00 | 0.00 | 0.00,0.00,0.00 | 0.00 | 0.00 | 0.00,0.00,0.00 | 0.00 | 0.00 | 0.00,/usr/include/c++/11/bits/basic_string.tcc,206,"      basic_string<_CharT, _Traits, _Alloc>::",_ZNSt7__cxx1112basic_stringIcSt11char_traitsIcESaIcEE12_M_constructIPcEEvT_S7_St20forward_iterator_tag.isra.0,ldr x3  [x3  #0xba8]
100.00,0.00 | 100.00 | 0.00 | 0.00,0.00,0.00 | 0.00 | 0.00 | 0.00,0.00,0.00 | 0.00 | 0.00 | 0.00,0.00,0.00 | 0.00 | 0.00 | 0.00,(null),0,(null),(null),(null)
100.00,0.00 | 100.00 | 0.00 | 0.00,0.00,0.00 | 0.00 | 0.00 | 0.00,0.00,0.00 | 0.00 | 0.00 | 0.00,0.00,0.00 | 0.00 | 0.00 | 0.00,(null),0,(null),(null),(null)
100.00,0.00 | 100.00 | 0.00 | 0.00,0.00,0.00 | 0.00 | 0.00 | 0.00,0.00,0.00 | 0.00 | 0.00 | 0.00,0.00,0.00 | 0.00 | 0.00 | 0.00,(null),0,(null),(null),(null)
100.00,0.00 | 100.00 | 0.00 | 0.00,0.00,0.00 | 0.00 | 0.00 | 0.00,0.00,0.00 | 0.00 | 0.00 | 0.00,0.00,0.00 | 0.00 | 0.00 | 0.00,???,0,???,_ZN2v88internal4wasm32TurboshaftGraphBuildingInterface9BinOpImplENS1_10WasmOpcodeENS0_8compiler10turboshaft7OpIndexES6_,movz w24  #0
100.00,100.00 | 0.00 | 0.00 | 0.00,0.00,0.00 | 0.00 | 0.00 | 0.00,0.00,0.00 | 0.00 | 0.00 | 0.00,0.00,0.00 | 0.00 | 0.00 | 0.00,(null),0,(null),(null),(null)
100.00,100.00 | 0.00 | 0.00 | 0.00,0.00,0.00 | 0.00 | 0.00 | 0.00,0.00,0.00 | 0.00 | 0.00 | 0.00,0.00,0.00 | 0.00 | 0.00 | 0.00,(null),0,(null),(null),(null)
100.00,100.00 | 0.00 | 0.00 | 0.00,0.00,0.00 | 0.00 | 0.00 | 0.00,0.00,0.00 | 0.00 | 0.00 | 0.00,0.00,0.00 | 0.00 | 0.00 | 0.00,(null),0,(null),(null),(null)
100.00,100.00 | 0.00 | 0.00 | 0.00,0.00,0.00 | 0.00 | 0.00 | 0.00,0.00,0.00 | 0.00 | 0.00 | 0.00,0.00,0.00 | 0.00 | 0.00 | 0.00,(null),0,(null),(null),(null)
100.00,100.00 | 0.00 | 0.00 | 0.00,0.00,0.00 | 0.00 | 0.00 | 0.00,0.00,0.00 | 0.00 | 0.00 | 0.00,0.00,0.00 | 0.00 | 0.00 | 0.00,src/hotline/btree.c,493,(null),btree_node_set,strb wzr  [sp  #0x87]
100.00,100.00 | 0.00 | 0.00 | 0.00,0.00,0.00 | 0.00 | 0.00 | 0.00,0.00,0.00 | 0.00 | 0.00 | 0.00,0.00,0.00 | 0.00 | 0.00 | 0.00,/home/ubuntu/.rustup/toolchains/stable-aarch64-unknown-linux-gnu/lib/rustlib/src/rust/library/core/src/ub_checks.rs,66,(null),_ZN4core5alloc6layout6Layout25from_size_align_unchecked18precondition_check17h9c887e8b84d39a88E,str x30  [sp  #0x20]
100.00,100.00 | 0.00 | 0.00 | 0.00,0.00,0.00 | 0.00 | 0.00 | 0.00,0.00,0.00 | 0.00 | 0.00 | 0.00,0.00,0.00 | 0.00 | 0.00 | 0.00,/home/ubuntu/rocksdb/cache/lru_cache.cc,26,"LRUHandleTable::LRUHandleTable(int max_upper_hash_bits,",_ZN7rocksdb9lru_cache14LRUHandleTableC1EiPNS_15MemoryAllocatorE,str x21  [sp  #0x20]
100.00,100.00 | 0.00 | 0.00 | 0.00,0.00,0.00 | 0.00 | 0.00 | 0.00,0.00,0.00 | 0.00 | 0.00 | 0.00,0.00,0.00 | 0.00 | 0.00 | 0.00,(null),0,(null),(null),(null)
100.00,100.00 | 0.00 | 0.00 | 0.00,0.00,0.00 | 0.00 | 0.00 | 0.00,0.00,0.00 | 0.00 | 0.00 | 0.00,0.00,0.00 | 0.00 | 0.00 | 0.00,(null),0,(null),(null),(null)
100.00,100.00 | 0.00 | 0.00 | 0.00,0.00,0.00 | 0.00 | 0.00 | 0.00,0.00,0.00 | 0.00 | 0.00 | 0.00,0.00,0.00 | 0.00 | 0.00 | 0.00,(null),0,(null),(null),(null)
100.00,100.00 | 0.00 | 0.00 | 0.00,0.00,0.00 | 0.00 | 0.00 | 0.00,0.00,0.00 | 0.00 | 0.00 | 0.00,0.00,0.00 | 0.00 | 0.00 | 0.00,(null),0,(null),(null),(null)
100.00,100.00 | 0.00 | 0.00 | 0.00,0.00,0.00 | 0.00 | 0.00 | 0.00,0.00,0.00 | 0.00 | 0.00 | 0.00,0.00,0.00 | 0.00 | 0.00 | 0.00,(null),0,(null),(null),(null)
100.00,100.00 | 0.00 | 0.00 | 0.00,0.00,0.00 | 0.00 | 0.00 | 0.00,0.00,0.00 | 0.00 | 0.00 | 0.00,0.00,0.00 | 0.00 | 0.00 | 0.00,(null),0,(null),(null),(null)
100.00,100.00 | 0.00 | 0.00 | 0.00,0.00,0.00 | 0.00 | 0.00 | 0.00,0.00,0.00 | 0.00 | 0.00 | 0.00,0.00,0.00 | 0.00 | 0.00 | 0.00,(null),0,(null),(null),(null)
100.00,100.00 | 0.00 | 0.00 | 0.00,0.00,0.00 | 0.00 | 0.00 | 0.00,0.00,0.00 | 0.00 | 0.00 | 0.00,0.00,0.00 | 0.00 | 0.00 | 0.00,(null),0,(null),(null),(null)
100.00,100.00 | 0.00 | 0.00 | 0.00,0.00,0.00 | 0.00 | 0.00 | 0.00,0.00,0.00 | 0.00 | 0.00 | 0.00,0.00,0.00 | 0.00 | 0.00 | 0.00,(null),0,(null),(null),(null)
100.00,100.00 | 0.00 | 0.00 | 0.00,0.00,0.00 | 0.00 | 0.00 | 0.00,0.00,0.00 | 0.00 | 0.00 | 0.00,0.00,0.00 | 0.00 | 0.00 | 0.00,(null),0,(null),(null),(null)
100.00,100.00 | 0.00 | 0.00 | 0.00,0.00,0.00 | 0.00 | 0.00 | 0.00,0.00,0.00 | 0.00 | 0.00 | 0.00,0.00,0.00 | 0.00 | 0.00 | 0.00,(null),0,(null),(null),(null)
100.00,100.00 | 0.00 | 0.00 | 0.00,0.00,0.00 | 0.00 | 0.00 | 0.00,0.00,0.00 | 0.00 | 0.00 | 0.00,0.00,0.00 | 0.00 | 0.00 | 0.00,(null),0,(null),(null),(null)
100.00,100.00 | 0.00 | 0.00 | 0.00,0.00,0.00 | 0.00 | 0.00 | 0.00,0.00,0.00 | 0.00 | 0.00 | 0.00,0.00,0.00 | 0.00 | 0.00 | 0.00,(null),0,(null),(null),(null)
100.00,100.00 | 0.00 | 0.00 | 0.00,0.00,0.00 | 0.00 | 0.00 | 0.00,0.00,0.00 | 0.00 | 0.00 | 0.00,0.00,0.00 | 0.00 | 0.00 | 0.00,(null),0,(null),(null),(null)
100.00,100.00 | 0.00 | 0.00 | 0.00,0.00,0.00 | 0.00 | 0.00 | 0.00,0.00,0.00 | 0.00 | 0.00 | 0.00,0.00,0.00 | 0.00 | 0.00 | 0.00,(null),0,(null),(null),(null)
100.00,100.00 | 0.00 | 0.00 | 0.00,0.00,0.00 | 0.00 | 0.00 | 0.00,0.00,0.00 | 0.00 | 0.00 | 0.00,0.00,0.00 | 0.00 | 0.00 | 0.00,src/hotline/hotline.c,331,(null),process_software_buffer_up_to_ts,stp x29  x30  [sp  #-0x50]!
100.00,100.00 | 0.00 | 0.00 | 0.00,0.00,0.00 | 0.00 | 0.00 | 0.00,0.00,0.00 | 0.00 | 0.00 | 0.00,0.00,0.00 | 0.00 | 0.00 | 0.00,src/hotline/lat_map.c,87,(null),parse_and_insert_lat_entry,stp x4  x5  [sp  #0x100]
100.00,100.00 | 0.00 | 0.00 | 0.00,0.00,0.00 | 0.00 | 0.00 | 0.00,0.00,0.00 | 0.00 | 0.00 | 0.00,0.00,0.00 | 0.00 | 0.00 | 0.00,src/hotline/fname_map.c,211,(null),va_to_file_offset,ldr w0  [x22]
100.00,100.00 | 0.00 | 0.00 | 0.00,0.00,0.00 | 0.00 | 0.00 | 0.00,0.00,0.00 | 0.00 | 0.00 | 0.00,0.00,0.00 | 0.00 | 0.00 | 0.00,/home/ubuntu/.rustup/toolchains/stable-aarch64-unknown-linux-gnu/lib/rustlib/src/rust/library/alloc/src/raw_vec/mod.rs,755,(null),_ZN5alloc7raw_vec20RawVecInner$LT$A$GT$10deallocate17hc5fd01f479b42647E,str x1  [sp  #0x38]
100.00,100.00 | 0.00 | 0.00 | 0.00,0.00,0.00 | 0.00 | 0.00 | 0.00,0.00,0.00 | 0.00 | 0.00 | 0.00,0.00,0.00 | 0.00 | 0.00 | 0.00,/home/ubuntu/rocksdb/memory/arena.cc,63,"char* Arena::AllocateFallback(size_t bytes, bool aligned) {",_ZN7rocksdb5Arena16AllocateFallbackEmb,stp x19  x20  [sp  #0x10]
100.00,100.00 | 0.00 | 0.00 | 0.00,0.00,0.00 | 0.00 | 0.00 | 0.00,0.00,0.00 | 0.00 | 0.00 | 0.00,0.00,0.00 | 0.00 | 0.00 | 0.00,/home/ubuntu/rocksdb/memory/arena.cc,139,"    result = AllocateFallback(bytes, true /* aligned */);",_ZN7rocksdb5Arena15AllocateAlignedEmmPNS_6LoggerE,ldr x1  [x0]
100.00,100.00 | 0.00 | 0.00 | 0.00,0.00,0.00 | 0.00 | 0.00 | 0.00,0.00,0.00 | 0.00 | 0.00 | 0.00,0.00,0.00 | 0.00 | 0.00 | 0.00,(null),0,(null),(null),(null)
100.00,0.00 | 100.00 | 0.00 | 0.00,0.00,0.00 | 0.00 | 0.00 | 0.00,0.00,0.00 | 0.00 | 0.00 | 0.00,0.00,0.00 | 0.00 | 0.00 | 0.00,(null),0,(null),(null),(null)
100.00,0.00 | 100.00 | 0.00 | 0.00,0.00,0.00 | 0.00 | 0.00 | 0.00,0.00,0.00 | 0.00 | 0.00 | 0.00,0.00,0.00 | 0.00 | 0.00 | 0.00,/home/ubuntu/.rustup/toolchains/stable-aarch64-unknown-linux-gnu/lib/rustlib/src/rust/library/core/src/intrinsics/mod.rs,3186,(null),_ZN4core9ub_checks23maybe_is_nonoverlapping7runtime17h386d01054c725cdaE,ldr x30  [sp  #0x80]
100.00,0.00 | 100.00 | 0.00 | 0.00,0.00,0.00 | 0.00 | 0.00 | 0.00,0.00,0.00 | 0.00 | 0.00 | 0.00,0.00,0.00 | 0.00 | 0.00 | 0.00,/usr/include/c++/11/bits/basic_string.h,540,"      }",_ZNSt7__cxx1112basic_stringIcSt11char_traitsIcESaIcEEC2IS3_EEPKcRKS3_.constprop.0,ldp x19  x20  [sp  #0x10]
100.00,0.00 | 100.00 | 0.00 | 0.00,0.00,0.00 | 0.00 | 0.00 | 0.00,0.00,0.00 | 0.00 | 0.00 | 0.00,0.00,0.00 | 0.00 | 0.00 | 0.00,/usr/include/c++/11/bits/deque.tcc,173,"	    ++this->_M_impl._M_finish._M_cur;",_ZN7rocksdb5Arena16AllocateNewBlockEm,str x1  [x21  #0x30]
100.00,0.00 | 100.00 | 0.00 | 0.00,0.00,0.00 | 0.00 | 0.00 | 0.00,0.00,0.00 | 0.00 | 0.00 | 0.00,0.00,0.00 | 0.00 | 0.00 | 0.00,/home/ubuntu/rocksdb/memory/arena.cc,93,"}",_ZN7rocksdb5Arena16AllocateFallbackEmb,ldp x29  x30  [sp]  #0x40
100.00,0.00 | 100.00 | 0.00 | 0.00,0.00,0.00 | 0.00 | 0.00 | 0.00,0.00,0.00 | 0.00 | 0.00 | 0.00,0.00,0.00 | 0.00 | 0.00 | 0.00,(null),0,(null),(null),(null)
100.00,0.00 | 100.00 | 0.00 | 0.00,0.00,0.00 | 0.00 | 0.00 | 0.00,0.00,0.00 | 0.00 | 0.00 | 0.00,0.00,0.00 | 0.00 | 0.00 | 0.00,(null),0,(null),(null),(null)
100.00,0.00 | 100.00 | 0.00 | 0.00,0.00,0.00 | 0.00 | 0.00 | 0.00,0.00,0.00 | 0.00 | 0.00 | 0.00,0.00,0.00 | 0.00 | 0.00 | 0.00,(null),0,(null),(null),(null)
100.00,0.00 | 100.00 | 0.00 | 0.00,0.00,0.00 | 0.00 | 0.00 | 0.00,0.00,0.00 | 0.00 | 0.00 | 0.00,0.00,0.00 | 0.00 | 0.00 | 0.00,(null),0,(null),(null),(null)
100.00,0.00 | 100.00 | 0.00 | 0.00,0.00,0.00 | 0.00 | 0.00 | 0.00,0.00,0.00 | 0.00 | 0.00 | 0.00,0.00,0.00 | 0.00 | 0.00 | 0.00,(null),0,(null),(null),(null)
100.00,0.00 | 100.00 | 0.00 | 0.00,0.00,0.00 | 0.00 | 0.00 | 0.00,0.00,0.00 | 0.00 | 0.00 | 0.00,0.00,0.00 | 0.00 | 0.00 | 0.00,(null),0,(null),(null),(null)
100.00,0.00 | 100.00 | 0.00 | 0.00,0.00,0.00 | 0.00 | 0.00 | 0.00,0.00,0.00 | 0.00 | 0.00 | 0.00,0.00,0.00 | 0.00 | 0.00 | 0.00,src/hotline/vec.c,55,(null),vector_size,ldp x29  x30  [sp]  #0x10
100.00,0.00 | 100.00 | 0.00 | 0.00,0.00,0.00 | 0.00 | 0.00 | 0.00,0.00,0.00 | 0.00 | 0.00 | 0.00,0.00,0.00 | 0.00 | 0.00 | 0.00,/home/ubuntu/.rustup/toolchains/stable-aarch64-unknown-linux-gnu/lib/rustlib/src/rust/library/alloc/src/alloc.rs,270,(null),_ZN63_$LT$alloc..alloc..Global$u20$as$u20$core..alloc..Allocator$GT$10deallocate17h0f45ec0612148410E,ldr x10  [sp  #0x10]
100.00,0.00 | 100.00 | 0.00 | 0.00,0.00,0.00 | 0.00 | 0.00 | 0.00,0.00,0.00 | 0.00 | 0.00 | 0.00,0.00,0.00 | 0.00 | 0.00 | 0.00,(null),0,(null),(null),(null)
100.00,100.00 | 0.00 | 0.00 | 0.00,0.00,0.00 | 0.00 | 0.00 | 0.00,0.00,0.00 | 0.00 | 0.00 | 0.00,0.00,0.00 | 0.00 | 0.00 | 0.00,(null),0,(null),(null),(null)
100.00,100.00 | 0.00 | 0.00 | 0.00,0.00,0.00 | 0.00 | 0.00 | 0.00,0.00,0.00 | 0.00 | 0.00 | 0.00,0.00,0.00 | 0.00 | 0.00 | 0.00,src/hotline/lat_map.c,72,(null),parse_and_insert_lat_entry,stp q0  q0  [x20  #0x20]
100.00,100.00 | 0.00 | 0.00 | 0.00,0.00,0.00 | 0.00 | 0.00 | 0.00,0.00,0.00 | 0.00 | 0.00 | 0.00,0.00,0.00 | 0.00 | 0.00 | 0.00,src/hotline/lat_map.c,72,(null),parse_and_insert_lat_entry,stp q0  q0  [x20  #0x60]
100.00,100.00 | 0.00 | 0.00 | 0.00,0.00,0.00 | 0.00 | 0.00 | 0.00,0.00,0.00 | 0.00 | 0.00 | 0.00,0.00,0.00 | 0.00 | 0.00 | 0.00,src/hotline/btree.c,452,(null),btree_search,stp x27  x28  [sp  #0x50]
100.00,100.00 | 0.00 | 0.00 | 0.00,0.00,0.00 | 0.00 | 0.00 | 0.00,0.00,0.00 | 0.00 | 0.00 | 0.00,0.00,0.00 | 0.00 | 0.00 | 0.00,/home/ubuntu/.rustup/toolchains/stable-aarch64-unknown-linux-gnu/lib/rustlib/src/rust/library/alloc/src/raw_vec/mod.rs,527,(null),_ZN5alloc7raw_vec20RawVecInner$LT$A$GT$14current_memory17hbf8969f73d2da585E,str x8  [sp  #0x68]
100.00,100.00 | 0.00 | 0.00 | 0.00,0.00,0.00 | 0.00 | 0.00 | 0.00,0.00,0.00 | 0.00 | 0.00 | 0.00,0.00,0.00 | 0.00 | 0.00 | 0.00,/home/ubuntu/.rustup/toolchains/stable-aarch64-unknown-linux-gnu/lib/rustlib/src/rust/library/core/src/alloc/layout.rs,149,(null),_ZN63_$LT$alloc..alloc..Global$u20$as$u20$core..alloc..Allocator$GT$10deallocate17h0f45ec0612148410E,str x8  [sp  #8]
100.00,100.00 | 0.00 | 0.00 | 0.00,0.00,0.00 | 0.00 | 0.00 | 0.00,0.00,0.00 | 0.00 | 0.00 | 0.00,0.00,0.00 | 0.00 | 0.00 | 0.00,???,0,???,_ZNSt8__detail17__regex_algo_implIN9__gnu_cxx17__normal_iteratorIPKcNSt7__cxx1112basic_stringIcSt11char_traitsIcESaIcEEEEESaINS5_9sub_matchISB_EEEcNS5_12regex_traitsIcEELNS_20_RegexExecutorPolicyE0ELb1EEEbT_SI_RNS5_13match_resultsISI_T0_EERKNS5_11basic_regexIT1_T2_EENSt15regex_constants15match_flag_typeE,str xzr  [x0]
100.00,100.00 | 0.00 | 0.00 | 0.00,0.00,0.00 | 0.00 | 0.00 | 0.00,0.00,0.00 | 0.00 | 0.00 | 0.00,0.00,0.00 | 0.00 | 0.00 | 0.00,(null),0,(null),(null),(null)
100.00,100.00 | 0.00 | 0.00 | 0.00,0.00,0.00 | 0.00 | 0.00 | 0.00,0.00,0.00 | 0.00 | 0.00 | 0.00,0.00,0.00 | 0.00 | 0.00 | 0.00,(null),0,(null),(null),(null)
100.00,100.00 | 0.00 | 0.00 | 0.00,0.00,0.00 | 0.00 | 0.00 | 0.00,0.00,0.00 | 0.00 | 0.00 | 0.00,0.00,0.00 | 0.00 | 0.00 | 0.00,(null),0,(null),(null),(null)
100.00,100.00 | 0.00 | 0.00 | 0.00,0.00,0.00 | 0.00 | 0.00 | 0.00,0.00,0.00 | 0.00 | 0.00 | 0.00,0.00,0.00 | 0.00 | 0.00 | 0.00,(null),0,(null),(null),(null)
100.00,100.00 | 0.00 | 0.00 | 0.00,0.00,0.00 | 0.00 | 0.00 | 0.00,0.00,0.00 | 0.00 | 0.00 | 0.00,0.00,0.00 | 0.00 | 0.00 | 0.00,(null),0,(null),(null),(null)
100.00,100.00 | 0.00 | 0.00 | 0.00,0.00,0.00 | 0.00 | 0.00 | 0.00,0.00,0.00 | 0.00 | 0.00 | 0.00,0.00,0.00 | 0.00 | 0.00 | 0.00,(null),0,(null),(null),(null)
100.00,100.00 | 0.00 | 0.00 | 0.00,0.00,0.00 | 0.00 | 0.00 | 0.00,0.00,0.00 | 0.00 | 0.00 | 0.00,0.00,0.00 | 0.00 | 0.00 | 0.00,(null),0,(null),(null),(null)
100.00,100.00 | 0.00 | 0.00 | 0.00,0.00,0.00 | 0.00 | 0.00 | 0.00,0.00,0.00 | 0.00 | 0.00 | 0.00,0.00,0.00 | 0.00 | 0.00 | 0.00,(null),0,(null),(null),(null)
100.00,100.00 | 0.00 | 0.00 | 0.00,0.00,0.00 | 0.00 | 0.00 | 0.00,0.00,0.00 | 0.00 | 0.00 | 0.00,0.00,0.00 | 0.00 | 0.00 | 0.00,(null),0,(null),(null),(null)
100.00,100.00 | 0.00 | 0.00 | 0.00,0.00,0.00 | 0.00 | 0.00 | 0.00,0.00,0.00 | 0.00 | 0.00 | 0.00,0.00,0.00 | 0.00 | 0.00 | 0.00,(null),0,(null),(null),(null)
100.00,100.00 | 0.00 | 0.00 | 0.00,0.00,0.00 | 0.00 | 0.00 | 0.00,0.00,0.00 | 0.00 | 0.00 | 0.00,0.00,0.00 | 0.00 | 0.00 | 0.00,(null),0,(null),(null),(null)
100.00,100.00 | 0.00 | 0.00 | 0.00,0.00,0.00 | 0.00 | 0.00 | 0.00,0.00,0.00 | 0.00 | 0.00 | 0.00,0.00,0.00 | 0.00 | 0.00 | 0.00,(null),0,(null),(null),(null)
100.00,100.00 | 0.00 | 0.00 | 0.00,0.00,0.00 | 0.00 | 0.00 | 0.00,0.00,0.00 | 0.00 | 0.00 | 0.00,0.00,0.00 | 0.00 | 0.00 | 0.00,(null),0,(null),(null),(null)
100.00,100.00 | 0.00 | 0.00 | 0.00,0.00,0.00 | 0.00 | 0.00 | 0.00,0.00,0.00 | 0.00 | 0.00 | 0.00,0.00,0.00 | 0.00 | 0.00 | 0.00,(null),0,(null),(null),(null)
100.00,100.00 | 0.00 | 0.00 | 0.00,0.00,0.00 | 0.00 | 0.00 | 0.00,0.00,0.00 | 0.00 | 0.00 | 0.00,0.00,0.00 | 0.00 | 0.00 | 0.00,(null),0,(null),(null),(null)
100.00,100.00 | 0.00 | 0.00 | 0.00,0.00,0.00 | 0.00 | 0.00 | 0.00,0.00,0.00 | 0.00 | 0.00 | 0.00,0.00,0.00 | 0.00 | 0.00 | 0.00,(null),0,(null),(null),(null)
100.00,100.00 | 0.00 | 0.00 | 0.00,0.00,0.00 | 0.00 | 0.00 | 0.00,0.00,0.00 | 0.00 | 0.00 | 0.00,0.00,0.00 | 0.00 | 0.00 | 0.00,(null),0,(null),(null),(null)
100.00,100.00 | 0.00 | 0.00 | 0.00,0.00,0.00 | 0.00 | 0.00 | 0.00,0.00,0.00 | 0.00 | 0.00 | 0.00,0.00,0.00 | 0.00 | 0.00 | 0.00,(null),0,(null),(null),(null)
100.00,100.00 | 0.00 | 0.00 | 0.00,0.00,0.00 | 0.00 | 0.00 | 0.00,0.00,0.00 | 0.00 | 0.00 | 0.00,0.00,0.00 | 0.00 | 0.00 | 0.00,(null),0,(null),(null),(null)
100.00,100.00 | 0.00 | 0.00 | 0.00,0.00,0.00 | 0.00 | 0.00 | 0.00,0.00,0.00 | 0.00 | 0.00 | 0.00,0.00,0.00 | 0.00 | 0.00 | 0.00,(null),0,(null),(null),(null)
100.00,100.00 | 0.00 | 0.00 | 0.00,0.00,0.00 | 0.00 | 0.00 | 0.00,0.00,0.00 | 0.00 | 0.00 | 0.00,0.00,0.00 | 0.00 | 0.00 | 0.00,(null),0,(null),(null),(null)
100.00,100.00 | 0.00 | 0.00 | 0.00,0.00,0.00 | 0.00 | 0.00 | 0.00,0.00,0.00 | 0.00 | 0.00 | 0.00,0.00,0.00 | 0.00 | 0.00 | 0.00,(null),0,(null),(null),(null)
100.00,100.00 | 0.00 | 0.00 | 0.00,0.00,0.00 | 0.00 | 0.00 | 0.00,0.00,0.00 | 0.00 | 0.00 | 0.00,0.00,0.00 | 0.00 | 0.00 | 0.00,(null),0,(null),(null),(null)
100.00,100.00 | 0.00 | 0.00 | 0.00,0.00,0.00 | 0.00 | 0.00 | 0.00,0.00,0.00 | 0.00 | 0.00 | 0.00,0.00,0.00 | 0.00 | 0.00 | 0.00,(null),0,(null),(null),(null)
100.00,100.00 | 0.00 | 0.00 | 0.00,0.00,0.00 | 0.00 | 0.00 | 0.00,0.00,0.00 | 0.00 | 0.00 | 0.00,0.00,0.00 | 0.00 | 0.00 | 0.00,(null),0,(null),(null),(null)
100.00,100.00 | 0.00 | 0.00 | 0.00,0.00,0.00 | 0.00 | 0.00 | 0.00,0.00,0.00 | 0.00 | 0.00 | 0.00,0.00,0.00 | 0.00 | 0.00 | 0.00,src/hotline/bmiss_map.c,23,(null),bmiss_map_compare,ldr x0  [x1  #8]
100.00,100.00 | 0.00 | 0.00 | 0.00,0.00,0.00 | 0.00 | 0.00 | 0.00,0.00,0.00 | 0.00 | 0.00 | 0.00,0.00,0.00 | 0.00 | 0.00 | 0.00,src/hotline/bmiss_map.c,137,(null),parse_and_insert_bmiss_entry,ldr x21  [sp  #0x20]
100.00,100.00 | 0.00 | 0.00 | 0.00,0.00,0.00 | 0.00 | 0.00 | 0.00,0.00,0.00 | 0.00 | 0.00 | 0.00,0.00,0.00 | 0.00 | 0.00 | 0.00,src/hotline/btree.c,499,(null),btree_node_set,ldrb w0  [x19  #4]
100.00,100.00 | 0.00 | 0.00 | 0.00,0.00,0.00 | 0.00 | 0.00 | 0.00,0.00,0.00 | 0.00 | 0.00 | 0.00,0.00,0.00 | 0.00 | 0.00 | 0.00,src/hotline/fname_map.c,162,(null),get_filename_cached_entry,ldr x0  [x1  #0xe58]
100.00,100.00 | 0.00 | 0.00 | 0.00,0.00,0.00 | 0.00 | 0.00 | 0.00,0.00,0.00 | 0.00 | 0.00 | 0.00,0.00,0.00 | 0.00 | 0.00 | 0.00,src/hotline/fname_map.c,206,(null),va_to_file_offset,ldr x2  [x4]
100.00,100.00 | 0.00 | 0.00 | 0.00,0.00,0.00 | 0.00 | 0.00 | 0.00,0.00,0.00 | 0.00 | 0.00 | 0.00,0.00,0.00 | 0.00 | 0.00 | 0.00,/home/ubuntu/rocksdb/memory/arena.cc,145,"char* Arena::AllocateNewBlock(size_t block_bytes) {",_ZN7rocksdb5Arena16AllocateNewBlockEm,stp x21  x22  [sp  #0x20]
100.00,100.00 | 0.00 | 0.00 | 0.00,0.00,0.00 | 0.00 | 0.00 | 0.00,0.00,0.00 | 0.00 | 0.00 | 0.00,0.00,0.00 | 0.00 | 0.00 | 0.00,/home/ubuntu/rocksdb/memory/arena.cc,74,"  if (MemMapping::kHugePageSupported && hugetlb_size_ > 0) {",_ZN7rocksdb5Arena16AllocateFallbackEmb,str x23  [sp  #0x30]
100.00,100.00 | 0.00 | 0.00 | 0.00,0.00,0.00 | 0.00 | 0.00 | 0.00,0.00,0.00 | 0.00 | 0.00 | 0.00,0.00,0.00 | 0.00 | 0.00 | 0.00,/usr/include/c++/11/bits/basic_string.h,533,"      basic_string(const _CharT* __s, const _Alloc& __a = _Alloc())",_ZNSt7__cxx1112basic_stringIcSt11char_traitsIcESaIcEEC2IS3_EEPKcRKS3_.constprop.0,ldr x2  [x2  #0xba8]
100.00,100.00 | 0.00 | 0.00 | 0.00,0.00,0.00 | 0.00 | 0.00 | 0.00,0.00,0.00 | 0.00 | 0.00 | 0.00,0.00,0.00 | 0.00 | 0.00 | 0.00,???,0,???,???,???
100.00,100.00 | 0.00 | 0.00 | 0.00,0.00,0.00 | 0.00 | 0.00 | 0.00,0.00,0.00 | 0.00 | 0.00 | 0.00,0.00,0.00 | 0.00 | 0.00 | 0.00,???,0,???,_ZN4node9inspector12_GLOBAL__N_126SameThreadInspectorSession8DispatchERKN12v8_inspector10StringViewE,ldrb w0  [x19  #0x42]
100.00,100.00 | 0.00 | 0.00 | 0.00,0.00,0.00 | 0.00 | 0.00 | 0.00,0.00,0.00 | 0.00 | 0.00 | 0.00,0.00,0.00 | 0.00 | 0.00 | 0.00,???,0,???,_ZN2v88internal4wasm16LiftoffAssembler18emit_i8x16_swizzleENS1_15LiftoffRegisterES3_S3_,mov x29  sp
100.00,100.00 | 0.00 | 0.00 | 0.00,0.00,0.00 | 0.00 | 0.00 | 0.00,0.00,0.00 | 0.00 | 0.00 | 0.00,0.00,0.00 | 0.00 | 0.00 | 0.00,???,0,???,_ZN2v88internal4wasm32TurboshaftGraphBuildingInterface9BinOpImplENS1_10WasmOpcodeENS0_8compiler10turboshaft7OpIndexES6_,bl #0x1a00020
100.00,0.00 | 100.00 | 0.00 | 0.00,0.00,0.00 | 0.00 | 0.00 | 0.00,0.00,0.00 | 0.00 | 0.00 | 0.00,0.00,0.00 | 0.00 | 0.00 | 0.00,src/hotline/lat_map.c,62,(null),parse_and_insert_lat_entry,ldp q20  q21  [x9  #0x20]
100.00,0.00 | 100.00 | 0.00 | 0.00,0.00,0.00 | 0.00 | 0.00 | 0.00,0.00,0.00 | 0.00 | 0.00 | 0.00,0.00,0.00 | 0.00 | 0.00 | 0.00,src/hotline/hotline.c,326,(null),process_aux_buffer_record,ldp x29  x30  [sp]  #0x50
100.00,0.00 | 100.00 | 0.00 | 0.00,0.00,0.00 | 0.00 | 0.00 | 0.00,0.00,0.00 | 0.00 | 0.00 | 0.00,0.00,0.00 | 0.00 | 0.00 | 0.00,/home/ubuntu/rocksdb/memory/arena.cc,93,"}",_ZN7rocksdb5Arena16AllocateFallbackEmb,ldr x23  [sp  #0x30]
100.00,0.00 | 100.00 | 0.00 | 0.00,0.00,0.00 | 0.00 | 0.00 | 0.00,0.00,0.00 | 0.00 | 0.00 | 0.00,0.00,0.00 | 0.00 | 0.00 | 0.00,???,0,???,???,???
100.00,0.00 | 100.00 | 0.00 | 0.00,0.00,0.00 | 0.00 | 0.00 | 0.00,0.00,0.00 | 0.00 | 0.00 | 0.00,0.00,0.00 | 0.00 | 0.00 | 0.00,(null),0,(null),(null),(null)
100.00,0.00 | 100.00 | 0.00 | 0.00,0.00,0.00 | 0.00 | 0.00 | 0.00,0.00,0.00 | 0.00 | 0.00 | 0.00,0.00,0.00 | 0.00 | 0.00 | 0.00,(null),0,(null),(null),(null)
100.00,0.00 | 100.00 | 0.00 | 0.00,0.00,0.00 | 0.00 | 0.00 | 0.00,0.00,0.00 | 0.00 | 0.00 | 0.00,0.00,0.00 | 0.00 | 0.00 | 0.00,src/hotline/hotline.c,303,(null),process_aux_buffer_record,ldr x1  [x2  #0xce0]
100.00,0.00 | 100.00 | 0.00 | 0.00,0.00,0.00 | 0.00 | 0.00 | 0.00,0.00,0.00 | 0.00 | 0.00 | 0.00,0.00,0.00 | 0.00 | 0.00 | 0.00,src/hotline/btree.c,593,(null),btree_set0,ldp x19  x20  [sp  #0x10]
100.00,0.00 | 100.00 | 0.00 | 0.00,0.00,0.00 | 0.00 | 0.00 | 0.00,0.00,0.00 | 0.00 | 0.00 | 0.00,0.00,0.00 | 0.00 | 0.00 | 0.00,/home/ubuntu/rocksdb/memory/arena.cc,93,"}",_ZN7rocksdb5Arena16AllocateFallbackEmb,ldp x21  x22  [sp  #0x20]
100.00,100.00 | 0.00 | 0.00 | 0.00,0.00,0.00 | 0.00 | 0.00 | 0.00,0.00,0.00 | 0.00 | 0.00 | 0.00,0.00,0.00 | 0.00 | 0.00 | 0.00,(null),0,(null),(null),(null)
100.00,100.00 | 0.00 | 0.00 | 0.00,0.00,0.00 | 0.00 | 0.00 | 0.00,0.00,0.00 | 0.00 | 0.00 | 0.00,0.00,0.00 | 0.00 | 0.00 | 0.00,(null),0,(null),(null),(null)
100.00,100.00 | 0.00 | 0.00 | 0.00,0.00,0.00 | 0.00 | 0.00 | 0.00,0.00,0.00 | 0.00 | 0.00 | 0.00,0.00,0.00 | 0.00 | 0.00 | 0.00,(null),0,(null),(null),(null)
100.00,100.00 | 0.00 | 0.00 | 0.00,0.00,0.00 | 0.00 | 0.00 | 0.00,0.00,0.00 | 0.00 | 0.00 | 0.00,0.00,0.00 | 0.00 | 0.00 | 0.00,(null),0,(null),(null),(null)
100.00,100.00 | 0.00 | 0.00 | 0.00,0.00,0.00 | 0.00 | 0.00 | 0.00,0.00,0.00 | 0.00 | 0.00 | 0.00,0.00,0.00 | 0.00 | 0.00 | 0.00,(null),0,(null),(null),(null)
100.00,100.00 | 0.00 | 0.00 | 0.00,0.00,0.00 | 0.00 | 0.00 | 0.00,0.00,0.00 | 0.00 | 0.00 | 0.00,0.00,0.00 | 0.00 | 0.00 | 0.00,(null),0,(null),(null),(null)
100.00,100.00 | 0.00 | 0.00 | 0.00,0.00,0.00 | 0.00 | 0.00 | 0.00,0.00,0.00 | 0.00 | 0.00 | 0.00,0.00,0.00 | 0.00 | 0.00 | 0.00,(null),0,(null),(null),(null)
100.00,100.00 | 0.00 | 0.00 | 0.00,0.00,0.00 | 0.00 | 0.00 | 0.00,0.00,0.00 | 0.00 | 0.00 | 0.00,0.00,0.00 | 0.00 | 0.00 | 0.00,/home/ubuntu/.rustup/toolchains/stable-aarch64-unknown-linux-gnu/lib/rustlib/src/rust/library/alloc/src/slice.rs,429,(null),_ZN87_$LT$T$u20$as$u20$alloc..slice..$LT$impl$u20$$u5b$T$u5d$$GT$..to_vec_in..ConvertVec$GT$6to_vec17hd6e6d577671e6c0fE,str x8  [sp  #0x2c8]
100.00,100.00 | 0.00 | 0.00 | 0.00,0.00,0.00 | 0.00 | 0.00 | 0.00,0.00,0.00 | 0.00 | 0.00 | 0.00,0.00,0.00 | 0.00 | 0.00 | 0.00,src/data/kernel_config.rs,21,(null),_ZN72_$LT$aperf..data..kernel_config..Entry$u20$as$u20$core..clone..Clone$GT$5clone17h02ea93e74aba5c1cE,str x0  [sp  #0x20]
100.00,100.00 | 0.00 | 0.00 | 0.00,0.00,0.00 | 0.00 | 0.00 | 0.00,0.00,0.00 | 0.00 | 0.00 | 0.00,0.00,0.00 | 0.00 | 0.00 | 0.00,src/hotline/btree.c,452,(null),btree_search,stp x25  x26  [sp  #0x40]
100.00,100.00 | 0.00 | 0.00 | 0.00,0.00,0.00 | 0.00 | 0.00 | 0.00,0.00,0.00 | 0.00 | 0.00 | 0.00,0.00,0.00 | 0.00 | 0.00 | 0.00,src/hotline/fname_map.c,172,(null),update_filename_cached_entry,str x0  [x1  #0x10]
100.00,100.00 | 0.00 | 0.00 | 0.00,0.00,0.00 | 0.00 | 0.00 | 0.00,0.00,0.00 | 0.00 | 0.00 | 0.00,0.00,0.00 | 0.00 | 0.00 | 0.00,src/hotline/fname_map.c,206,(null),va_to_file_offset,stp x19  x20  [sp  #0x10]
100.00,100.00 | 0.00 | 0.00 | 0.00,0.00,0.00 | 0.00 | 0.00 | 0.00,0.00,0.00 | 0.00 | 0.00 | 0.00,0.00,0.00 | 0.00 | 0.00 | 0.00,/home/ubuntu/.rustup/toolchains/stable-aarch64-unknown-linux-gnu/lib/rustlib/src/rust/library/core/src/str/pattern.rs,1458,(null),_ZN4core3str7pattern14TwoWaySearcher4next17hf961b09983fff97cE,str x8  [sp  #0x80]
100.00,100.00 | 0.00 | 0.00 | 0.00,0.00,0.00 | 0.00 | 0.00 | 0.00,0.00,0.00 | 0.00 | 0.00 | 0.00,0.00,0.00 | 0.00 | 0.00 | 0.00,/home/ubuntu/.rustup/toolchains/stable-aarch64-unknown-linux-gnu/lib/rustlib/src/rust/library/core/src/ub_checks.rs,66,(null),_ZN4core5alloc6layout6Layout25from_size_align_unchecked18precondition_check17h9c887e8b84d39a88E,str x1  [sp  #0x18]
100.00,100.00 | 0.00 | 0.00 | 0.00,0.00,0.00 | 0.00 | 0.00 | 0.00,0.00,0.00 | 0.00 | 0.00 | 0.00,0.00,0.00 | 0.00 | 0.00 | 0.00,/home/ubuntu/.rustup/toolchains/stable-aarch64-unknown-linux-gnu/lib/rustlib/src/rust/library/alloc/src/raw_vec/mod.rs,537,(null),_ZN5alloc7raw_vec20RawVecInner$LT$A$GT$14current_memory17hbf8969f73d2da585E,str x11  [sp  #0x48]
100.00,100.00 | 0.00 | 0.00 | 0.00,0.00,0.00 | 0.00 | 0.00 | 0.00,0.00,0.00 | 0.00 | 0.00 | 0.00,0.00,0.00 | 0.00 | 0.00 | 0.00,/home/ubuntu/rocksdb/memory/arena.cc,86,"    unaligned_alloc_ptr_ = block_head + size;",_ZN7rocksdb5Arena16AllocateFallbackEmb,str x21  [x19  #0x8c0]
100.00,100.00 | 0.00 | 0.00 | 0.00,0.00,0.00 | 0.00 | 0.00 | 0.00,0.00,0.00 | 0.00 | 0.00 | 0.00,0.00,0.00 | 0.00 | 0.00 | 0.00,/home/ubuntu/rocksdb/memory/arena.cc,85,"    aligned_alloc_ptr_ = block_head + bytes;",_ZN7rocksdb5Arena16AllocateFallbackEmb,str x20  [x19  #0x8c8]
100.00,100.00 | 0.00 | 0.00 | 0.00,0.00,0.00 | 0.00 | 0.00 | 0.00,0.00,0.00 | 0.00 | 0.00 | 0.00,0.00,0.00 | 0.00 | 0.00 | 0.00,???,0,???,???,???
100.00,100.00 | 0.00 | 0.00 | 0.00,0.00,0.00 | 0.00 | 0.00 | 0.00,0.00,0.00 | 0.00 | 0.00 | 0.00,0.00,0.00 | 0.00 | 0.00 | 0.00,(null),0,(null),(null),(null)
100.00,100.00 | 0.00 | 0.00 | 0.00,0.00,0.00 | 0.00 | 0.00 | 0.00,0.00,0.00 | 0.00 | 0.00 | 0.00,0.00,0.00 | 0.00 | 0.00 | 0.00,(null),0,(null),(null),(null)
100.00,100.00 | 0.00 | 0.00 | 0.00,0.00,0.00 | 0.00 | 0.00 | 0.00,0.00,0.00 | 0.00 | 0.00 | 0.00,0.00,0.00 | 0.00 | 0.00 | 0.00,(null),0,(null),(null),(null)
100.00,100.00 | 0.00 | 0.00 | 0.00,0.00,0.00 | 0.00 | 0.00 | 0.00,0.00,0.00 | 0.00 | 0.00 | 0.00,0.00,0.00 | 0.00 | 0.00 | 0.00,(null),0,(null),(null),(null)
100.00,100.00 | 0.00 | 0.00 | 0.00,0.00,0.00 | 0.00 | 0.00 | 0.00,0.00,0.00 | 0.00 | 0.00 | 0.00,0.00,0.00 | 0.00 | 0.00 | 0.00,(null),0,(null),(null),(null)
100.00,100.00 | 0.00 | 0.00 | 0.00,0.00,0.00 | 0.00 | 0.00 | 0.00,0.00,0.00 | 0.00 | 0.00 | 0.00,0.00,0.00 | 0.00 | 0.00 | 0.00,(null),0,(null),(null),(null)
100.00,100.00 | 0.00 | 0.00 | 0.00,0.00,0.00 | 0.00 | 0.00 | 0.00,0.00,0.00 | 0.00 | 0.00 | 0.00,0.00,0.00 | 0.00 | 0.00 | 0.00,(null),0,(null),(null),(null)
100.00,100.00 | 0.00 | 0.00 | 0.00,0.00,0.00 | 0.00 | 0.00 | 0.00,0.00,0.00 | 0.00 | 0.00 | 0.00,0.00,0.00 | 0.00 | 0.00 | 0.00,(null),0,(null),(null),(null)
100.00,100.00 | 0.00 | 0.00 | 0.00,0.00,0.00 | 0.00 | 0.00 | 0.00,0.00,0.00 | 0.00 | 0.00 | 0.00,0.00,0.00 | 0.00 | 0.00 | 0.00,(null),0,(null),(null),(null)
100.00,100.00 | 0.00 | 0.00 | 0.00,0.00,0.00 | 0.00 | 0.00 | 0.00,0.00,0.00 | 0.00 | 0.00 | 0.00,0.00,0.00 | 0.00 | 0.00 | 0.00,(null),0,(null),(null),(null)
100.00,100.00 | 0.00 | 0.00 | 0.00,0.00,0.00 | 0.00 | 0.00 | 0.00,0.00,0.00 | 0.00 | 0.00 | 0.00,0.00,0.00 | 0.00 | 0.00 | 0.00,(null),0,(null),(null),(null)
100.00,100.00 | 0.00 | 0.00 | 0.00,0.00,0.00 | 0.00 | 0.00 | 0.00,0.00,0.00 | 0.00 | 0.00 | 0.00,0.00,0.00 | 0.00 | 0.00 | 0.00,(null),0,(null),(null),(null)
100.00,100.00 | 0.00 | 0.00 | 0.00,0.00,0.00 | 0.00 | 0.00 | 0.00,0.00,0.00 | 0.00 | 0.00 | 0.00,0.00,0.00 | 0.00 | 0.00 | 0.00,(null),0,(null),(null),(null)
100.00,100.00 | 0.00 | 0.00 | 0.00,0.00,0.00 | 0.00 | 0.00 | 0.00,0.00,0.00 | 0.00 | 0.00 | 0.00,0.00,0.00 | 0.00 | 0.00 | 0.00,/home/ubuntu/.rustup/toolchains/stable-aarch64-unknown-linux-gnu/lib/rustlib/src/rust/library/core/src/mem/maybe_uninit.rs,308,(null),_ZN87_$LT$T$u20$as$u20$alloc..slice..$LT$impl$u20$$u5b$T$u5d$$GT$..to_vec_in..ConvertVec$GT$6to_vec17hd6e6d577671e6c0fE,ldr x0  [sp  #0x18]
100.00,100.00 | 0.00 | 0.00 | 0.00,0.00,0.00 | 0.00 | 0.00 | 0.00,0.00,0.00 | 0.00 | 0.00 | 0.00,0.00,0.00 | 0.00 | 0.00 | 0.00,src/hotline/lat_map.c,74,(null),parse_and_insert_lat_entry,ldr x0  [x21  #0xc18]
100.00,100.00 | 0.00 | 0.00 | 0.00,0.00,0.00 | 0.00 | 0.00 | 0.00,0.00,0.00 | 0.00 | 0.00 | 0.00,0.00,0.00 | 0.00 | 0.00 | 0.00,src/hotline/bmiss_map.c,47,(null),bmiss_map_compare,ldr x0  [x1  #0x10]
100.00,100.00 | 0.00 | 0.00 | 0.00,0.00,0.00 | 0.00 | 0.00 | 0.00,0.00,0.00 | 0.00 | 0.00 | 0.00,0.00,0.00 | 0.00 | 0.00 | 0.00,src/hotline/btree.c,197,(null),btree_search,ldurh w1  [x1  #5]
100.00,100.00 | 0.00 | 0.00 | 0.00,0.00,0.00 | 0.00 | 0.00 | 0.00,0.00,0.00 | 0.00 | 0.00 | 0.00,0.00,0.00 | 0.00 | 0.00 | 0.00,src/hotline/btree.c,492,(null),btree_node_set,ldr x6  [x6  #0xce0]
100.00,100.00 | 0.00 | 0.00 | 0.00,0.00,0.00 | 0.00 | 0.00 | 0.00,0.00,0.00 | 0.00 | 0.00 | 0.00,0.00,0.00 | 0.00 | 0.00 | 0.00,src/hotline/fname_map.c,234,(null),va_to_file_offset,ldr x0  [x0  #0xce0]
100.00,100.00 | 0.00 | 0.00 | 0.00,0.00,0.00 | 0.00 | 0.00 | 0.00,0.00,0.00 | 0.00 | 0.00 | 0.00,0.00,0.00 | 0.00 | 0.00 | 0.00,???,0,???,Builtins_ElementsTransitionAndStore_InBounds,str x4  [sp  #0x50]
100.00,0.00 | 100.00 | 0.00 | 0.00,0.00,0.00 | 0.00 | 0.00 | 0.00,0.00,0.00 | 0.00 | 0.00 | 0.00,0.00,0.00 | 0.00 | 0.00 | 0.00,(null),0,(null),(null),(null)
100.00,0.00 | 100.00 | 0.00 | 0.00,0.00,0.00 | 0.00 | 0.00 | 0.00,0.00,0.00 | 0.00 | 0.00 | 0.00,0.00,0.00 | 0.00 | 0.00 | 0.00,/home/ubuntu/rocksdb/memory/arena.cc,143,"}",_ZN7rocksdb5Arena15AllocateAlignedEmmPNS_6LoggerE,ldp x19  x20  [sp  #0x10]
100.00,0.00 | 100.00 | 0.00 | 0.00,0.00,0.00 | 0.00 | 0.00 | 0.00,0.00,0.00 | 0.00 | 0.00 | 0.00,0.00,0.00 | 0.00 | 0.00 | 0.00,???,0,???,_ZN2v88internal4wasm7fuzzing24GenerateRandomWasmModuleILNS2_27WasmModuleGenerationOptionsE0EEENS_4base6VectorIhEEPNS0_4ZoneENS6_IKhEE,ldr x2  [x3  x2]
100.00,0.00 | 100.00 | 0.00 | 0.00,0.00,0.00 | 0.00 | 0.00 | 0.00,0.00,0.00 | 0.00 | 0.00 | 0.00,0.00,0.00 | 0.00 | 0.00 | 0.00,(null),0,(null),(null),(null)
100.00,0.00 | 100.00 | 0.00 | 0.00,0.00,0.00 | 0.00 | 0.00 | 0.00,0.00,0.00 | 0.00 | 0.00 | 0.00,0.00,0.00 | 0.00 | 0.00 | 0.00,(null),0,(null),(null),(null)
100.00,0.00 | 100.00 | 0.00 | 0.00,0.00,0.00 | 0.00 | 0.00 | 0.00,0.00,0.00 | 0.00 | 0.00 | 0.00,0.00,0.00 | 0.00 | 0.00 | 0.00,(null),0,(null),(null),(null)
100.00,0.00 | 100.00 | 0.00 | 0.00,0.00,0.00 | 0.00 | 0.00 | 0.00,0.00,0.00 | 0.00 | 0.00 | 0.00,0.00,0.00 | 0.00 | 0.00 | 0.00,(null),0,(null),(null),(null)
100.00,0.00 | 100.00 | 0.00 | 0.00,0.00,0.00 | 0.00 | 0.00 | 0.00,0.00,0.00 | 0.00 | 0.00 | 0.00,0.00,0.00 | 0.00 | 0.00 | 0.00,(null),0,(null),(null),(null)
100.00,0.00 | 100.00 | 0.00 | 0.00,0.00,0.00 | 0.00 | 0.00 | 0.00,0.00,0.00 | 0.00 | 0.00 | 0.00,0.00,0.00 | 0.00 | 0.00 | 0.00,(null),0,(null),(null),(null)
100.00,0.00 | 100.00 | 0.00 | 0.00,0.00,0.00 | 0.00 | 0.00 | 0.00,0.00,0.00 | 0.00 | 0.00 | 0.00,0.00,0.00 | 0.00 | 0.00 | 0.00,???,0,???,_ZL45establish_trans_unit_correspondences_for_enumP6a_type,cbz x1  #0xf46974
100.00,0.00 | 100.00 | 0.00 | 0.00,0.00,0.00 | 0.00 | 0.00 | 0.00,0.00,0.00 | 0.00 | 0.00 | 0.00,0.00,0.00 | 0.00 | 0.00 | 0.00,???,0,???,_ZN2v88internal22ExternalReferenceTable19AddIsolateAddressesEPNS0_7IsolateEPi,movz w19  #0
100.00,100.00 | 0.00 | 0.00 | 0.00,0.00,0.00 | 0.00 | 0.00 | 0.00,0.00,0.00 | 0.00 | 0.00 | 0.00,0.00,0.00 | 0.00 | 0.00 | 0.00,(null),0,(null),(null),(null)
100.00,100.00 | 0.00 | 0.00 | 0.00,0.00,0.00 | 0.00 | 0.00 | 0.00,0.00,0.00 | 0.00 | 0.00 | 0.00,0.00,0.00 | 0.00 | 0.00 | 0.00,(null),0,(null),(null),(null)
100.00,100.00 | 0.00 | 0.00 | 0.00,0.00,0.00 | 0.00 | 0.00 | 0.00,0.00,0.00 | 0.00 | 0.00 | 0.00,0.00,0.00 | 0.00 | 0.00 | 0.00,(null),0,(null),(null),(null)
100.00,100.00 | 0.00 | 0.00 | 0.00,0.00,0.00 | 0.00 | 0.00 | 0.00,0.00,0.00 | 0.00 | 0.00 | 0.00,0.00,0.00 | 0.00 | 0.00 | 0.00,(null),0,(null),(null),(null)
100.00,100.00 | 0.00 | 0.00 | 0.00,0.00,0.00 | 0.00 | 0.00 | 0.00,0.00,0.00 | 0.00 | 0.00 | 0.00,0.00,0.00 | 0.00 | 0.00 | 0.00,(null),0,(null),(null),(null)
100.00,100.00 | 0.00 | 0.00 | 0.00,0.00,0.00 | 0.00 | 0.00 | 0.00,0.00,0.00 | 0.00 | 0.00 | 0.00,0.00,0.00 | 0.00 | 0.00 | 0.00,/home/ubuntu/.rustup/toolchains/stable-aarch64-unknown-linux-gnu/lib/rustlib/src/rust/library/core/src/slice/iter/macros.rs,160,(null),_ZN91_$LT$core..slice..iter..Iter$LT$T$GT$$u20$as$u20$core..iter..traits..iterator..Iterator$GT$4next17h0af11cd34cd7fee9E,str x8  [sp  #0x20]
100.00,100.00 | 0.00 | 0.00 | 0.00,0.00,0.00 | 0.00 | 0.00 | 0.00,0.00,0.00 | 0.00 | 0.00 | 0.00,0.00,0.00 | 0.00 | 0.00 | 0.00,src/hotline/lat_map.c,115,(null),parse_and_insert_lat_entry,stp x5  x1  [sp  #0x68]
100.00,100.00 | 0.00 | 0.00 | 0.00,0.00,0.00 | 0.00 | 0.00 | 0.00,0.00,0.00 | 0.00 | 0.00 | 0.00,0.00,0.00 | 0.00 | 0.00 | 0.00,src/hotline/lat_map.c,117,(null),parse_and_insert_lat_entry,str d1  [sp  #0x30]
100.00,100.00 | 0.00 | 0.00 | 0.00,0.00,0.00 | 0.00 | 0.00 | 0.00,0.00,0.00 | 0.00 | 0.00 | 0.00,0.00,0.00 | 0.00 | 0.00 | 0.00,src/hotline/lat_map.c,82,(null),parse_and_insert_lat_entry,stp q0  q0  [x1  #0xa0]
100.00,100.00 | 0.00 | 0.00 | 0.00,0.00,0.00 | 0.00 | 0.00 | 0.00,0.00,0.00 | 0.00 | 0.00 | 0.00,0.00,0.00 | 0.00 | 0.00 | 0.00,src/hotline/bmiss_map.c,66,(null),parse_and_insert_bmiss_entry,stp q0  q0  [x20  #0x20]
100.00,100.00 | 0.00 | 0.00 | 0.00,0.00,0.00 | 0.00 | 0.00 | 0.00,0.00,0.00 | 0.00 | 0.00 | 0.00,0.00,0.00 | 0.00 | 0.00 | 0.00,/home/ubuntu/.rustup/toolchains/stable-aarch64-unknown-linux-gnu/lib/rustlib/src/rust/library/core/src/ptr/non_null.rs,391,(null),_ZN63_$LT$alloc..alloc..Global$u20$as$u20$core..alloc..Allocator$GT$10deallocate17h0f45ec0612148410E,str x8  [sp  #0x48]
100.00,100.00 | 0.00 | 0.00 | 0.00,0.00,0.00 | 0.00 | 0.00 | 0.00,0.00,0.00 | 0.00 | 0.00 | 0.00,0.00,0.00 | 0.00 | 0.00 | 0.00,???,0,???,_ZN4node5http213Http2Settings4PackEPNS_11EnvironmentEmPK22nghttp2_settings_entry,stp x25  x26  [sp  #0x40]
100.00,100.00 | 0.00 | 0.00 | 0.00,0.00,0.00 | 0.00 | 0.00 | 0.00,0.00,0.00 | 0.00 | 0.00 | 0.00,0.00,0.00 | 0.00 | 0.00 | 0.00,(null),0,(null),(null),(null)
100.00,100.00 | 0.00 | 0.00 | 0.00,0.00,0.00 | 0.00 | 0.00 | 0.00,0.00,0.00 | 0.00 | 0.00 | 0.00,0.00,0.00 | 0.00 | 0.00 | 0.00,(null),0,(null),(null),(null)
100.00,100.00 | 0.00 | 0.00 | 0.00,0.00,0.00 | 0.00 | 0.00 | 0.00,0.00,0.00 | 0.00 | 0.00 | 0.00,0.00,0.00 | 0.00 | 0.00 | 0.00,(null),0,(null),(null),(null)
100.00,100.00 | 0.00 | 0.00 | 0.00,0.00,0.00 | 0.00 | 0.00 | 0.00,0.00,0.00 | 0.00 | 0.00 | 0.00,0.00,0.00 | 0.00 | 0.00 | 0.00,(null),0,(null),(null),(null)
100.00,100.00 | 0.00 | 0.00 | 0.00,0.00,0.00 | 0.00 | 0.00 | 0.00,0.00,0.00 | 0.00 | 0.00 | 0.00,0.00,0.00 | 0.00 | 0.00 | 0.00,(null),0,(null),(null),(null)
100.00,100.00 | 0.00 | 0.00 | 0.00,0.00,0.00 | 0.00 | 0.00 | 0.00,0.00,0.00 | 0.00 | 0.00 | 0.00,0.00,0.00 | 0.00 | 0.00 | 0.00,(null),0,(null),(null),(null)
100.00,100.00 | 0.00 | 0.00 | 0.00,0.00,0.00 | 0.00 | 0.00 | 0.00,0.00,0.00 | 0.00 | 0.00 | 0.00,0.00,0.00 | 0.00 | 0.00 | 0.00,(null),0,(null),(null),(null)
100.00,100.00 | 0.00 | 0.00 | 0.00,0.00,0.00 | 0.00 | 0.00 | 0.00,0.00,0.00 | 0.00 | 0.00 | 0.00,0.00,0.00 | 0.00 | 0.00 | 0.00,(null),0,(null),(null),(null)
100.00,100.00 | 0.00 | 0.00 | 0.00,0.00,0.00 | 0.00 | 0.00 | 0.00,0.00,0.00 | 0.00 | 0.00 | 0.00,0.00,0.00 | 0.00 | 0.00 | 0.00,(null),0,(null),(null),(null)
100.00,100.00 | 0.00 | 0.00 | 0.00,0.00,0.00 | 0.00 | 0.00 | 0.00,0.00,0.00 | 0.00 | 0.00 | 0.00,0.00,0.00 | 0.00 | 0.00 | 0.00,(null),0,(null),(null),(null)
100.00,100.00 | 0.00 | 0.00 | 0.00,0.00,0.00 | 0.00 | 0.00 | 0.00,0.00,0.00 | 0.00 | 0.00 | 0.00,0.00,0.00 | 0.00 | 0.00 | 0.00,(null),0,(null),(null),(null)
100.00,100.00 | 0.00 | 0.00 | 0.00,0.00,0.00 | 0.00 | 0.00 | 0.00,0.00,0.00 | 0.00 | 0.00 | 0.00,0.00,0.00 | 0.00 | 0.00 | 0.00,src/hotline/lat_map.c,46,(null),lat_map_compare,ldr x2  [x2  #0x10]
100.00,100.00 | 0.00 | 0.00 | 0.00,0.00,0.00 | 0.00 | 0.00 | 0.00,0.00,0.00 | 0.00 | 0.00 | 0.00,0.00,0.00 | 0.00 | 0.00 | 0.00,src/hotline/btree.c,453,(null),btree_search,ldr x5  [x0  #0x20]
100.00,100.00 | 0.00 | 0.00 | 0.00,0.00,0.00 | 0.00 | 0.00 | 0.00,0.00,0.00 | 0.00 | 0.00 | 0.00,0.00,0.00 | 0.00 | 0.00 | 0.00,src/hotline/btree.c,126,(null),btree_node_set,ldr x22  [x24  #0x68]
100.00,100.00 | 0.00 | 0.00 | 0.00,0.00,0.00 | 0.00 | 0.00 | 0.00,0.00,0.00 | 0.00 | 0.00 | 0.00,0.00,0.00 | 0.00 | 0.00 | 0.00,/usr/include/c++/11/bits/basic_string.h,219,"      { _M_allocated_capacity = __capacity; }",_ZNSt7__cxx1112basic_stringIcSt11char_traitsIcESaIcEEC2IS3_EEPKcRKS3_.constprop.0,ldr x1  [sp  #0x30]
100.00,100.00 | 0.00 | 0.00 | 0.00,0.00,0.00 | 0.00 | 0.00 | 0.00,0.00,0.00 | 0.00 | 0.00 | 0.00,0.00,0.00 | 0.00 | 0.00 | 0.00,/home/ubuntu/rocksdb/memory/arena.cc,164,"  if (tracker_ != nullptr) {",_ZN7rocksdb5Arena16AllocateNewBlockEm,ldr x0  [x19  #0x8e8]
100.00,100.00 | 0.00 | 0.00 | 0.00,0.00,0.00 | 0.00 | 0.00 | 0.00,0.00,0.00 | 0.00 | 0.00 | 0.00,0.00,0.00 | 0.00 | 0.00 | 0.00,???,0,???,???,???
100.00,100.00 | 0.00 | 0.00 | 0.00,0.00,0.00 | 0.00 | 0.00 | 0.00,0.00,0.00 | 0.00 | 0.00 | 0.00,0.00,0.00 | 0.00 | 0.00 | 0.00,???,0,???,???,???
100.00,100.00 | 0.00 | 0.00 | 0.00,0.00,0.00 | 0.00 | 0.00 | 0.00,0.00,0.00 | 0.00 | 0.00 | 0.00,0.00,0.00 | 0.00 | 0.00 | 0.00,???,0,???,_ZN2v88internal4wasm12BuildTSGraphEPNS0_19AccountingAllocatorEPNS1_14CompilationEnvEPNS1_12WasmFeaturesERNS0_8compiler10turboshaft5GraphERKNS1_12FunctionBodyEPKNS1_16WireBytesStorageEPNS1_18AssumptionsJournalEPNS0_10ZoneVectorINS0_20WasmInliningPositionEEEi,movi d1  #0x000000ffffffff
100.00,100.00 | 0.00 | 0.00 | 0.00,0.00,0.00 | 0.00 | 0.00 | 0.00,0.00,0.00 | 0.00 | 0.00 | 0.00,0.00,0.00 | 0.00 | 0.00 | 0.00,???,0,???,_ZN2v88internal4wasm7fuzzing24GenerateRandomWasmModuleILNS2_27WasmModuleGenerationOptionsE0EEENS_4base6VectorIhEEPNS0_4ZoneENS6_IKhEE,add x26  sp  #0xd0
100.00,100.00 | 0.00 | 0.00 | 0.00,0.00,0.00 | 0.00 | 0.00 | 0.00,0.00,0.00 | 0.00 | 0.00 | 0.00,0.00,0.00 | 0.00 | 0.00 | 0.00,???,0,???,_ZN2v88internal25RegExpMacroAssemblerARM6412CheckAtStartEiPNS0_5LabelE,ldr x2  [x21  #0x10]
100.00,0.00 | 100.00 | 0.00 | 0.00,0.00,0.00 | 0.00 | 0.00 | 0.00,0.00,0.00 | 0.00 | 0.00 | 0.00,0.00,0.00 | 0.00 | 0.00 | 0.00,(null),0,(null),(null),(null)
100.00,0.00 | 100.00 | 0.00 | 0.00,0.00,0.00 | 0.00 | 0.00 | 0.00,0.00,0.00 | 0.00 | 0.00 | 0.00,0.00,0.00 | 0.00 | 0.00 | 0.00,(null),0,(null),(null),(null)
100.00,0.00 | 100.00 | 0.00 | 0.00,0.00,0.00 | 0.00 | 0.00 | 0.00,0.00,0.00 | 0.00 | 0.00 | 0.00,0.00,0.00 | 0.00 | 0.00 | 0.00,(null),0,(null),(null),(null)
100.00,0.00 | 100.00 | 0.00 | 0.00,0.00,0.00 | 0.00 | 0.00 | 0.00,0.00,0.00 | 0.00 | 0.00 | 0.00,0.00,0.00 | 0.00 | 0.00 | 0.00,(null),0,(null),(null),(null)
100.00,0.00 | 100.00 | 0.00 | 0.00,0.00,0.00 | 0.00 | 0.00 | 0.00,0.00,0.00 | 0.00 | 0.00 | 0.00,0.00,0.00 | 0.00 | 0.00 | 0.00,(null),0,(null),(null),(null)
100.00,0.00 | 100.00 | 0.00 | 0.00,0.00,0.00 | 0.00 | 0.00 | 0.00,0.00,0.00 | 0.00 | 0.00 | 0.00,0.00,0.00 | 0.00 | 0.00 | 0.00,(null),0,(null),(null),(null)
100.00,0.00 | 100.00 | 0.00 | 0.00,0.00,0.00 | 0.00 | 0.00 | 0.00,0.00,0.00 | 0.00 | 0.00 | 0.00,0.00,0.00 | 0.00 | 0.00 | 0.00,???,0,???,_ZNSt6vectorIcSaIcEE15_M_range_insertIPcEEvN9__gnu_cxx17__normal_iteratorIS3_S1_EET_S7_St20forward_iterator_tag,mov x0  x28
100.00,100.00 | 0.00 | 0.00 | 0.00,0.00,0.00 | 0.00 | 0.00 | 0.00,0.00,0.00 | 0.00 | 0.00 | 0.00,0.00,0.00 | 0.00 | 0.00 | 0.00,(null),0,(null),(null),(null)
100.00,100.00 | 0.00 | 0.00 | 0.00,0.00,0.00 | 0.00 | 0.00 | 0.00,0.00,0.00 | 0.00 | 0.00 | 0.00,0.00,0.00 | 0.00 | 0.00 | 0.00,(null),0,(null),(null),(null)
100.00,100.00 | 0.00 | 0.00 | 0.00,0.00,0.00 | 0.00 | 0.00 | 0.00,0.00,0.00 | 0.00 | 0.00 | 0.00,0.00,0.00 | 0.00 | 0.00 | 0.00,(null),0,(null),(null),(null)
100.00,100.00 | 0.00 | 0.00 | 0.00,0.00,0.00 | 0.00 | 0.00 | 0.00,0.00,0.00 | 0.00 | 0.00 | 0.00,0.00,0.00 | 0.00 | 0.00 | 0.00,(null),0,(null),(null),(null)
100.00,100.00 | 0.00 | 0.00 | 0.00,0.00,0.00 | 0.00 | 0.00 | 0.00,0.00,0.00 | 0.00 | 0.00 | 0.00,0.00,0.00 | 0.00 | 0.00 | 0.00,(null),0,(null),(null),(null)
100.00,100.00 | 0.00 | 0.00 | 0.00,0.00,0.00 | 0.00 | 0.00 | 0.00,0.00,0.00 | 0.00 | 0.00 | 0.00,0.00,0.00 | 0.00 | 0.00 | 0.00,(null),0,(null),(null),(null)
100.00,100.00 | 0.00 | 0.00 | 0.00,0.00,0.00 | 0.00 | 0.00 | 0.00,0.00,0.00 | 0.00 | 0.00 | 0.00,0.00,0.00 | 0.00 | 0.00 | 0.00,(null),0,(null),(null),(null)
100.00,100.00 | 0.00 | 0.00 | 0.00,0.00,0.00 | 0.00 | 0.00 | 0.00,0.00,0.00 | 0.00 | 0.00 | 0.00,0.00,0.00 | 0.00 | 0.00 | 0.00,(null),0,(null),(null),(null)
100.00,100.00 | 0.00 | 0.00 | 0.00,0.00,0.00 | 0.00 | 0.00 | 0.00,0.00,0.00 | 0.00 | 0.00 | 0.00,0.00,0.00 | 0.00 | 0.00 | 0.00,(null),0,(null),(null),(null)
100.00,100.00 | 0.00 | 0.00 | 0.00,0.00,0.00 | 0.00 | 0.00 | 0.00,0.00,0.00 | 0.00 | 0.00 | 0.00,0.00,0.00 | 0.00 | 0.00 | 0.00,(null),0,(null),(null),(null)
100.00,100.00 | 0.00 | 0.00 | 0.00,0.00,0.00 | 0.00 | 0.00 | 0.00,0.00,0.00 | 0.00 | 0.00 | 0.00,0.00,0.00 | 0.00 | 0.00 | 0.00,(null),0,(null),(null),(null)
100.00,100.00 | 0.00 | 0.00 | 0.00,0.00,0.00 | 0.00 | 0.00 | 0.00,0.00,0.00 | 0.00 | 0.00 | 0.00,0.00,0.00 | 0.00 | 0.00 | 0.00,(null),0,(null),(null),(null)
100.00,100.00 | 0.00 | 0.00 | 0.00,0.00,0.00 | 0.00 | 0.00 | 0.00,0.00,0.00 | 0.00 | 0.00 | 0.00,0.00,0.00 | 0.00 | 0.00 | 0.00,(null),0,(null),(null),(null)
100.00,100.00 | 0.00 | 0.00 | 0.00,0.00,0.00 | 0.00 | 0.00 | 0.00,0.00,0.00 | 0.00 | 0.00 | 0.00,0.00,0.00 | 0.00 | 0.00 | 0.00,/home/ubuntu/.rustup/toolchains/stable-aarch64-unknown-linux-gnu/lib/rustlib/src/rust/library/alloc/src/vec/mod.rs,1696,(null),_ZN5alloc6string6String6as_str17ha5827d56482b6e5eE,str x8  [sp  #0x20]
100.00,100.00 | 0.00 | 0.00 | 0.00,0.00,0.00 | 0.00 | 0.00 | 0.00,0.00,0.00 | 0.00 | 0.00 | 0.00,0.00,0.00 | 0.00 | 0.00 | 0.00,src/hotline/lat_map.c,166,(null),parse_and_insert_lat_entry,stp q0  q0  [x19  #0x60]
100.00,100.00 | 0.00 | 0.00 | 0.00,0.00,0.00 | 0.00 | 0.00 | 0.00,0.00,0.00 | 0.00 | 0.00 | 0.00,0.00,0.00 | 0.00 | 0.00 | 0.00,src/hotline/lat_map.c,166,(null),parse_and_insert_lat_entry,stp q0  q0  [x19  #0xa0]
100.00,100.00 | 0.00 | 0.00 | 0.00,0.00,0.00 | 0.00 | 0.00 | 0.00,0.00,0.00 | 0.00 | 0.00 | 0.00,0.00,0.00 | 0.00 | 0.00 | 0.00,src/hotline/lat_map.c,82,(null),parse_and_insert_lat_entry,str xzr  [x1  #0xc0]
100.00,100.00 | 0.00 | 0.00 | 0.00,0.00,0.00 | 0.00 | 0.00 | 0.00,0.00,0.00 | 0.00 | 0.00 | 0.00,0.00,0.00 | 0.00 | 0.00 | 0.00,/home/ubuntu/.rustup/toolchains/stable-aarch64-unknown-linux-gnu/lib/rustlib/src/rust/library/core/src/option.rs,2516,(null),_ZN110_$LT$core..iter..adapters..enumerate..Enumerate$LT$I$GT$$u20$as$u20$core..iter..traits..iterator..Iterator$GT$4next17h6ae4d4bb8211729aE,str x9  [sp  #0x30]
100.00,100.00 | 0.00 | 0.00 | 0.00,0.00,0.00 | 0.00 | 0.00 | 0.00,0.00,0.00 | 0.00 | 0.00 | 0.00,0.00,0.00 | 0.00 | 0.00 | 0.00,src/hotline/bmiss_map.c,123,(null),parse_and_insert_bmiss_entry,strb w0  [sp  #0x80]
100.00,100.00 | 0.00 | 0.00 | 0.00,0.00,0.00 | 0.00 | 0.00 | 0.00,0.00,0.00 | 0.00 | 0.00 | 0.00,0.00,0.00 | 0.00 | 0.00 | 0.00,src/hotline/bmiss_map.c,87,(null),parse_and_insert_bmiss_entry,strb w9  [sp  #0x130]
100.00,100.00 | 0.00 | 0.00 | 0.00,0.00,0.00 | 0.00 | 0.00 | 0.00,0.00,0.00 | 0.00 | 0.00 | 0.00,0.00,0.00 | 0.00 | 0.00 | 0.00,src/hotline/btree.c,492,(null),btree_node_set,stp x29  x30  [sp  #-0x90]!
100.00,100.00 | 0.00 | 0.00 | 0.00,0.00,0.00 | 0.00 | 0.00 | 0.00,0.00,0.00 | 0.00 | 0.00 | 0.00,0.00,0.00 | 0.00 | 0.00 | 0.00,src/hotline/btree.c,492,(null),btree_node_set,stp x19  x20  [sp  #0x10]
100.00,100.00 | 0.00 | 0.00 | 0.00,0.00,0.00 | 0.00 | 0.00 | 0.00,0.00,0.00 | 0.00 | 0.00 | 0.00,0.00,0.00 | 0.00 | 0.00 | 0.00,src/hotline/btree.c,457,(null),btree_get,str x25  [sp  #0x40]
100.00,100.00 | 0.00 | 0.00 | 0.00,0.00,0.00 | 0.00 | 0.00 | 0.00,0.00,0.00 | 0.00 | 0.00 | 0.00,0.00,0.00 | 0.00 | 0.00 | 0.00,src/hotline/fname_map.c,206,(null),va_to_file_offset,stp x23  x24  [sp  #0x30]
100.00,100.00 | 0.00 | 0.00 | 0.00,0.00,0.00 | 0.00 | 0.00 | 0.00,0.00,0.00 | 0.00 | 0.00 | 0.00,0.00,0.00 | 0.00 | 0.00 | 0.00,/home/ubuntu/.rustup/toolchains/stable-aarch64-unknown-linux-gnu/lib/rustlib/src/rust/library/alloc/src/raw_vec/mod.rs,754,(null),_ZN5alloc7raw_vec20RawVecInner$LT$A$GT$10deallocate17hc5fd01f479b42647E,str x2  [sp  #0x30]
100.00,100.00 | 0.00 | 0.00 | 0.00,0.00,0.00 | 0.00 | 0.00 | 0.00,0.00,0.00 | 0.00 | 0.00 | 0.00,0.00,0.00 | 0.00 | 0.00 | 0.00,/home/ubuntu/.rustup/toolchains/stable-aarch64-unknown-linux-gnu/lib/rustlib/src/rust/library/core/src/alloc/layout.rs,140,(null),_ZN5alloc7raw_vec20RawVecInner$LT$A$GT$14current_memory17hbf8969f73d2da585E,str x10  [sp  #0xa8]
100.00,100.00 | 0.00 | 0.00 | 0.00,0.00,0.00 | 0.00 | 0.00 | 0.00,0.00,0.00 | 0.00 | 0.00 | 0.00,0.00,0.00 | 0.00 | 0.00 | 0.00,/home/ubuntu/.rustup/toolchains/stable-aarch64-unknown-linux-gnu/lib/rustlib/src/rust/library/core/src/slice/index.rs,559,(null),_ZN110_$LT$core..ops..range..RangeFrom$LT$usize$GT$$u20$as$u20$core..slice..index..SliceIndex$LT$$u5b$T$u5d$$GT$$GT$5index17h22af871b04c93567E,str x2  [sp  #0x30]
100.00,100.00 | 0.00 | 0.00 | 0.00,0.00,0.00 | 0.00 | 0.00 | 0.00,0.00,0.00 | 0.00 | 0.00 | 0.00,0.00,0.00 | 0.00 | 0.00 | 0.00,/home/ubuntu/.rustup/toolchains/stable-aarch64-unknown-linux-gnu/lib/rustlib/src/rust/library/core/src/ub_checks.rs,119,(null),_ZN4core5slice3raw14from_raw_parts18precondition_check17h44b94419b37e7a64E,strb wzr  [sp  #0x86]
100.00,100.00 | 0.00 | 0.00 | 0.00,0.00,0.00 | 0.00 | 0.00 | 0.00,0.00,0.00 | 0.00 | 0.00 | 0.00,0.00,0.00 | 0.00 | 0.00 | 0.00,???,0,???,???,???
100.00,100.00 | 0.00 | 0.00 | 0.00,0.00,0.00 | 0.00 | 0.00 | 0.00,0.00,0.00 | 0.00 | 0.00 | 0.00,0.00,0.00 | 0.00 | 0.00 | 0.00,???,0,???,_ZN12v8_inspector14InjectedScript12ContextScope18findInjectedScriptEPNS_22V8InspectorSessionImplE,bl #0x182ab40
100.00,100.00 | 0.00 | 0.00 | 0.00,0.00,0.00 | 0.00 | 0.00 | 0.00,0.00,0.00 | 0.00 | 0.00 | 0.00,0.00,0.00 | 0.00 | 0.00 | 0.00,(null),0,(null),(null),(null)
100.00,100.00 | 0.00 | 0.00 | 0.00,0.00,0.00 | 0.00 | 0.00 | 0.00,0.00,0.00 | 0.00 | 0.00 | 0.00,0.00,0.00 | 0.00 | 0.00 | 0.00,(null),0,(null),(null),(null)
100.00,100.00 | 0.00 | 0.00 | 0.00,0.00,0.00 | 0.00 | 0.00 | 0.00,0.00,0.00 | 0.00 | 0.00 | 0.00,0.00,0.00 | 0.00 | 0.00 | 0.00,(null),0,(null),(null),(null)
100.00,100.00 | 0.00 | 0.00 | 0.00,0.00,0.00 | 0.00 | 0.00 | 0.00,0.00,0.00 | 0.00 | 0.00 | 0.00,0.00,0.00 | 0.00 | 0.00 | 0.00,(null),0,(null),(null),(null)
100.00,100.00 | 0.00 | 0.00 | 0.00,0.00,0.00 | 0.00 | 0.00 | 0.00,0.00,0.00 | 0.00 | 0.00 | 0.00,0.00,0.00 | 0.00 | 0.00 | 0.00,(null),0,(null),(null),(null)
100.00,100.00 | 0.00 | 0.00 | 0.00,0.00,0.00 | 0.00 | 0.00 | 0.00,0.00,0.00 | 0.00 | 0.00 | 0.00,0.00,0.00 | 0.00 | 0.00 | 0.00,(null),0,(null),(null),(null)
100.00,100.00 | 0.00 | 0.00 | 0.00,0.00,0.00 | 0.00 | 0.00 | 0.00,0.00,0.00 | 0.00 | 0.00 | 0.00,0.00,0.00 | 0.00 | 0.00 | 0.00,(null),0,(null),(null),(null)
100.00,100.00 | 0.00 | 0.00 | 0.00,0.00,0.00 | 0.00 | 0.00 | 0.00,0.00,0.00 | 0.00 | 0.00 | 0.00,0.00,0.00 | 0.00 | 0.00 | 0.00,(null),0,(null),(null),(null)
100.00,100.00 | 0.00 | 0.00 | 0.00,0.00,0.00 | 0.00 | 0.00 | 0.00,0.00,0.00 | 0.00 | 0.00 | 0.00,0.00,0.00 | 0.00 | 0.00 | 0.00,(null),0,(null),(null),(null)
100.00,100.00 | 0.00 | 0.00 | 0.00,0.00,0.00 | 0.00 | 0.00 | 0.00,0.00,0.00 | 0.00 | 0.00 | 0.00,0.00,0.00 | 0.00 | 0.00 | 0.00,(null),0,(null),(null),(null)
100.00,100.00 | 0.00 | 0.00 | 0.00,0.00,0.00 | 0.00 | 0.00 | 0.00,0.00,0.00 | 0.00 | 0.00 | 0.00,0.00,0.00 | 0.00 | 0.00 | 0.00,(null),0,(null),(null),(null)
100.00,100.00 | 0.00 | 0.00 | 0.00,0.00,0.00 | 0.00 | 0.00 | 0.00,0.00,0.00 | 0.00 | 0.00 | 0.00,0.00,0.00 | 0.00 | 0.00 | 0.00,(null),0,(null),(null),(null)
100.00,100.00 | 0.00 | 0.00 | 0.00,0.00,0.00 | 0.00 | 0.00 | 0.00,0.00,0.00 | 0.00 | 0.00 | 0.00,0.00,0.00 | 0.00 | 0.00 | 0.00,(null),0,(null),(null),(null)
100.00,100.00 | 0.00 | 0.00 | 0.00,0.00,0.00 | 0.00 | 0.00 | 0.00,0.00,0.00 | 0.00 | 0.00 | 0.00,0.00,0.00 | 0.00 | 0.00 | 0.00,(null),0,(null),(null),(null)
100.00,100.00 | 0.00 | 0.00 | 0.00,0.00,0.00 | 0.00 | 0.00 | 0.00,0.00,0.00 | 0.00 | 0.00 | 0.00,0.00,0.00 | 0.00 | 0.00 | 0.00,(null),0,(null),(null),(null)
100.00,100.00 | 0.00 | 0.00 | 0.00,0.00,0.00 | 0.00 | 0.00 | 0.00,0.00,0.00 | 0.00 | 0.00 | 0.00,0.00,0.00 | 0.00 | 0.00 | 0.00,(null),0,(null),(null),(null)
100.00,100.00 | 0.00 | 0.00 | 0.00,0.00,0.00 | 0.00 | 0.00 | 0.00,0.00,0.00 | 0.00 | 0.00 | 0.00,0.00,0.00 | 0.00 | 0.00 | 0.00,(null),0,(null),(null),(null)
100.00,100.00 | 0.00 | 0.00 | 0.00,0.00,0.00 | 0.00 | 0.00 | 0.00,0.00,0.00 | 0.00 | 0.00 | 0.00,0.00,0.00 | 0.00 | 0.00 | 0.00,/home/ubuntu/.rustup/toolchains/stable-aarch64-unknown-linux-gnu/lib/rustlib/src/rust/library/alloc/src/string.rs,1028,(null),_ZN5alloc3str56_$LT$impl$u20$alloc..borrow..ToOwned$u20$for$u20$str$GT$8to_owned17hf08e0614461dc41aE,ldr x8  [sp  #0x20]
100.00,100.00 | 0.00 | 0.00 | 0.00,0.00,0.00 | 0.00 | 0.00 | 0.00,0.00,0.00 | 0.00 | 0.00 | 0.00,0.00,0.00 | 0.00 | 0.00 | 0.00,src/hotline/lat_map.c,46,(null),lat_map_compare,ldr x0  [x1  #0x10]
100.00,100.00 | 0.00 | 0.00 | 0.00,0.00,0.00 | 0.00 | 0.00 | 0.00,0.00,0.00 | 0.00 | 0.00 | 0.00,0.00,0.00 | 0.00 | 0.00 | 0.00,src/hotline/fname_map.c,162,(null),get_filename_cached_entry,ldr x0  [x1  #0xe58]
100.00,100.00 | 0.00 | 0.00 | 0.00,0.00,0.00 | 0.00 | 0.00 | 0.00,0.00,0.00 | 0.00 | 0.00 | 0.00,0.00,0.00 | 0.00 | 0.00 | 0.00,src/hotline/fname_map.c,172,(null),update_filename_cached_entry,ldr x1  [x1  #0xe58]
100.00,100.00 | 0.00 | 0.00 | 0.00,0.00,0.00 | 0.00 | 0.00 | 0.00,0.00,0.00 | 0.00 | 0.00 | 0.00,0.00,0.00 | 0.00 | 0.00 | 0.00,/home/ubuntu/.rustup/toolchains/stable-aarch64-unknown-linux-gnu/lib/rustlib/src/rust/library/alloc/src/raw_vec/mod.rs,0,(null),_ZN5alloc7raw_vec20RawVecInner$LT$A$GT$14current_memory17hbf8969f73d2da585E,ldr x8  [sp  #0x10]
100.00,100.00 | 0.00 | 0.00 | 0.00,0.00,0.00 | 0.00 | 0.00 | 0.00,0.00,0.00 | 0.00 | 0.00 | 0.00,0.00,0.00 | 0.00 | 0.00 | 0.00,/home/ubuntu/.rustup/toolchains/stable-aarch64-unknown-linux-gnu/lib/rustlib/src/rust/library/core/src/ub_checks.rs,0,(null),_ZN5alloc6string6String3pop17hb32a87b2fd1a01b7E,ldr x3  [sp  #0x28]
100.00,100.00 | 0.00 | 0.00 | 0.00,0.00,0.00 | 0.00 | 0.00 | 0.00,0.00,0.00 | 0.00 | 0.00 | 0.00,0.00,0.00 | 0.00 | 0.00 | 0.00,/home/ubuntu/rocksdb/memory/arena.cc,168,"}",_ZN7rocksdb5Arena16AllocateNewBlockEm,ldp x19  x20  [sp  #0x10]
100.00,100.00 | 0.00 | 0.00 | 0.00,0.00,0.00 | 0.00 | 0.00 | 0.00,0.00,0.00 | 0.00 | 0.00 | 0.00,0.00,0.00 | 0.00 | 0.00 | 0.00,/usr/include/c++/11/bits/random.tcc,417,"      _UIntType __y = ((_M_x[__n - 1] & __upper_mask)",_ZNSt23mersenne_twister_engineImLm64ELm312ELm156ELm31ELm13043109905998158313ELm29ELm6148914691236517205ELm17ELm8202884508482404352ELm37ELm18444473444759240704ELm43ELm6364136223846793005EE11_M_gen_randEv,ldr x2  [x0  #0x9b8]
100.00,100.00 | 0.00 | 0.00 | 0.00,0.00,0.00 | 0.00 | 0.00 | 0.00,0.00,0.00 | 0.00 | 0.00 | 0.00,0.00,0.00 | 0.00 | 0.00 | 0.00,???,0,???,_Z14copy_statementP11a_statementS0_,cbz x0  #0x881594
100.00,100.00 | 0.00 | 0.00 | 0.00,0.00,0.00 | 0.00 | 0.00 | 0.00,0.00,0.00 | 0.00 | 0.00 | 0.00,0.00,0.00 | 0.00 | 0.00 | 0.00,???,0,???,???,???
100.00,100.00 | 0.00 | 0.00 | 0.00,0.00,0.00 | 0.00 | 0.00 | 0.00,0.00,0.00 | 0.00 | 0.00 | 0.00,0.00,0.00 | 0.00 | 0.00 | 0.00,???,0,???,???,???
100.00,100.00 | 0.00 | 0.00 | 0.00,0.00,0.00 | 0.00 | 0.00 | 0.00,0.00,0.00 | 0.00 | 0.00 | 0.00,0.00,0.00 | 0.00 | 0.00 | 0.00,???,0,???,napi_throw_range_error,str x0  [x21  #0x18]
100.00,100.00 | 0.00 | 0.00 | 0.00,0.00,0.00 | 0.00 | 0.00 | 0.00,0.00,0.00 | 0.00 | 0.00 | 0.00,0.00,0.00 | 0.00 | 0.00 | 0.00,???,0,???,_ZN12v8_inspector14InjectedScript22createExceptionDetailsEN2v85LocalINS1_7MessageEEENS2_INS1_5ValueEEERKNS_8String16EPN8v8_crdtp6detail8PtrMaybeINS_8protocol7Runtime16ExceptionDetailsEEE,bl #0x17df900
100.00,100.00 | 0.00 | 0.00 | 0.00,0.00,0.00 | 0.00 | 0.00 | 0.00,0.00,0.00 | 0.00 | 0.00 | 0.00,0.00,0.00 | 0.00 | 0.00 | 0.00,(null),0,(null),(null),(null)
100.00,100.00 | 0.00 | 0.00 | 0.00,0.00,0.00 | 0.00 | 0.00 | 0.00,0.00,0.00 | 0.00 | 0.00 | 0.00,0.00,0.00 | 0.00 | 0.00 | 0.00,(null),0,(null),(null),(null)
100.00,100.00 | 0.00 | 0.00 | 0.00,0.00,0.00 | 0.00 | 0.00 | 0.00,0.00,0.00 | 0.00 | 0.00 | 0.00,0.00,0.00 | 0.00 | 0.00 | 0.00,(null),0,(null),(null),(null)
100.00,100.00 | 0.00 | 0.00 | 0.00,0.00,0.00 | 0.00 | 0.00 | 0.00,0.00,0.00 | 0.00 | 0.00 | 0.00,0.00,0.00 | 0.00 | 0.00 | 0.00,(null),0,(null),(null),(null)
100.00,100.00 | 0.00 | 0.00 | 0.00,0.00,0.00 | 0.00 | 0.00 | 0.00,0.00,0.00 | 0.00 | 0.00 | 0.00,0.00,0.00 | 0.00 | 0.00 | 0.00,(null),0,(null),(null),(null)
100.00,100.00 | 0.00 | 0.00 | 0.00,0.00,0.00 | 0.00 | 0.00 | 0.00,0.00,0.00 | 0.00 | 0.00 | 0.00,0.00,0.00 | 0.00 | 0.00 | 0.00,(null),0,(null),(null),(null)
100.00,100.00 | 0.00 | 0.00 | 0.00,0.00,0.00 | 0.00 | 0.00 | 0.00,0.00,0.00 | 0.00 | 0.00 | 0.00,0.00,0.00 | 0.00 | 0.00 | 0.00,(null),0,(null),(null),(null)
100.00,100.00 | 0.00 | 0.00 | 0.00,0.00,0.00 | 0.00 | 0.00 | 0.00,0.00,0.00 | 0.00 | 0.00 | 0.00,0.00,0.00 | 0.00 | 0.00 | 0.00,(null),0,(null),(null),(null)
100.00,100.00 | 0.00 | 0.00 | 0.00,0.00,0.00 | 0.00 | 0.00 | 0.00,0.00,0.00 | 0.00 | 0.00 | 0.00,0.00,0.00 | 0.00 | 0.00 | 0.00,(null),0,(null),(null),(null)
100.00,100.00 | 0.00 | 0.00 | 0.00,0.00,0.00 | 0.00 | 0.00 | 0.00,0.00,0.00 | 0.00 | 0.00 | 0.00,0.00,0.00 | 0.00 | 0.00 | 0.00,(null),0,(null),(null),(null)
100.00,100.00 | 0.00 | 0.00 | 0.00,0.00,0.00 | 0.00 | 0.00 | 0.00,0.00,0.00 | 0.00 | 0.00 | 0.00,0.00,0.00 | 0.00 | 0.00 | 0.00,/home/ubuntu/.rustup/toolchains/stable-aarch64-unknown-linux-gnu/lib/rustlib/src/rust/library/core/src/num/uint_macros.rs,795,(null),_ZN91_$LT$core..slice..iter..Iter$LT$T$GT$$u20$as$u20$core..iter..traits..iterator..Iterator$GT$4next17h0af11cd34cd7fee9E,str x8  [sp  #0x40]
100.00,100.00 | 0.00 | 0.00 | 0.00,0.00,0.00 | 0.00 | 0.00 | 0.00,0.00,0.00 | 0.00 | 0.00 | 0.00,0.00,0.00 | 0.00 | 0.00 | 0.00,src/hotline/lat_map.c,165,(null),parse_and_insert_lat_entry,str x21  [sp  #0x20]
100.00,100.00 | 0.00 | 0.00 | 0.00,0.00,0.00 | 0.00 | 0.00 | 0.00,0.00,0.00 | 0.00 | 0.00 | 0.00,0.00,0.00 | 0.00 | 0.00 | 0.00,src/hotline/bmiss_map.c,132,(null),parse_and_insert_bmiss_entry,stp q0  q0  [x19  #0x20]
100.00,100.00 | 0.00 | 0.00 | 0.00,0.00,0.00 | 0.00 | 0.00 | 0.00,0.00,0.00 | 0.00 | 0.00 | 0.00,0.00,0.00 | 0.00 | 0.00 | 0.00,src/hotline/bmiss_map.c,107,(null),parse_and_insert_bmiss_entry,stp x1  x3  [sp  #0x60]
100.00,100.00 | 0.00 | 0.00 | 0.00,0.00,0.00 | 0.00 | 0.00 | 0.00,0.00,0.00 | 0.00 | 0.00 | 0.00,0.00,0.00 | 0.00 | 0.00 | 0.00,src/hotline/btree.c,597,(null),btree_get,stp x19  x20  [sp  #0x10]
100.00,100.00 | 0.00 | 0.00 | 0.00,0.00,0.00 | 0.00 | 0.00 | 0.00,0.00,0.00 | 0.00 | 0.00 | 0.00,0.00,0.00 | 0.00 | 0.00 | 0.00,/home/ubuntu/.rustup/toolchains/stable-aarch64-unknown-linux-gnu/lib/rustlib/src/rust/library/alloc/src/alloc.rs,260,(null),_ZN63_$LT$alloc..alloc..Global$u20$as$u20$core..alloc..Allocator$GT$10deallocate17h0f45ec0612148410E,str x2  [sp  #0x10]
100.00,100.00 | 0.00 | 0.00 | 0.00,0.00,0.00 | 0.00 | 0.00 | 0.00,0.00,0.00 | 0.00 | 0.00 | 0.00,0.00,0.00 | 0.00 | 0.00 | 0.00,/home/ubuntu/.rustup/toolchains/stable-aarch64-unknown-linux-gnu/lib/rustlib/src/rust/library/alloc/src/alloc.rs,260,(null),_ZN63_$LT$alloc..alloc..Global$u20$as$u20$core..alloc..Allocator$GT$10deallocate17h0f45ec0612148410E,str x3  [sp  #0x18]
100.00,100.00 | 0.00 | 0.00 | 0.00,0.00,0.00 | 0.00 | 0.00 | 0.00,0.00,0.00 | 0.00 | 0.00 | 0.00,0.00,0.00 | 0.00 | 0.00 | 0.00,/home/ubuntu/.rustup/toolchains/stable-aarch64-unknown-linux-gnu/lib/rustlib/src/rust/library/alloc/src/alloc.rs,270,(null),_ZN63_$LT$alloc..alloc..Global$u20$as$u20$core..alloc..Allocator$GT$10deallocate17h0f45ec0612148410E,str x10  [sp  #0x20]
100.00,100.00 | 0.00 | 0.00 | 0.00,0.00,0.00 | 0.00 | 0.00 | 0.00,0.00,0.00 | 0.00 | 0.00 | 0.00,0.00,0.00 | 0.00 | 0.00 | 0.00,/home/ubuntu/.rustup/toolchains/stable-aarch64-unknown-linux-gnu/lib/rustlib/src/rust/library/core/src/char/methods.rs,1807,(null),_ZN4core4char7methods15encode_utf8_raw17h7d4298daf30f20a5E,str w0  [sp  #0x2c]
100.00,100.00 | 0.00 | 0.00 | 0.00,0.00,0.00 | 0.00 | 0.00 | 0.00,0.00,0.00 | 0.00 | 0.00 | 0.00,0.00,0.00 | 0.00 | 0.00 | 0.00,/home/ubuntu/.rustup/toolchains/stable-aarch64-unknown-linux-gnu/lib/rustlib/src/rust/library/core/src/str/pattern.rs,436,(null),_ZN81_$LT$core..str..pattern..CharSearcher$u20$as$u20$core..str..pattern..Searcher$GT$10next_match17h9fa9f2bf41d24ba5E,str x10  [sp  #0x78]
100.00,100.00 | 0.00 | 0.00 | 0.00,0.00,0.00 | 0.00 | 0.00 | 0.00,0.00,0.00 | 0.00 | 0.00 | 0.00,0.00,0.00 | 0.00 | 0.00 | 0.00,(null),0,(null),(null),(null)
100.00,100.00 | 0.00 | 0.00 | 0.00,0.00,0.00 | 0.00 | 0.00 | 0.00,0.00,0.00 | 0.00 | 0.00 | 0.00,0.00,0.00 | 0.00 | 0.00 | 0.00,/home/ubuntu/rocksdb/memory/arena.cc,63,"char* Arena::AllocateFallback(size_t bytes, bool aligned) {",_ZN7rocksdb5Arena16AllocateFallbackEmb,stp x21  x22  [sp  #0x20]
100.00,100.00 | 0.00 | 0.00 | 0.00,0.00,0.00 | 0.00 | 0.00 | 0.00,0.00,0.00 | 0.00 | 0.00 | 0.00,0.00,0.00 | 0.00 | 0.00 | 0.00,???,0,???,???,???
100.00,100.00 | 0.00 | 0.00 | 0.00,0.00,0.00 | 0.00 | 0.00 | 0.00,0.00,0.00 | 0.00 | 0.00 | 0.00,0.00,0.00 | 0.00 | 0.00 | 0.00,???,0,???,_ZN4edgeL19get_container_partsEPKNS_6symbolERSt6vectorISt4pairINSt7__cxx1112basic_stringIcSt11char_traitsIcESaIcEEENS_16container_type_eEESaISC_EERS3_ISA_SaISA_EE,ldr x1  [sp  #0xa0]
100.00,100.00 | 0.00 | 0.00 | 0.00,0.00,0.00 | 0.00 | 0.00 | 0.00,0.00,0.00 | 0.00 | 0.00 | 0.00,0.00,0.00 | 0.00 | 0.00 | 0.00,???,0,???,Builtins_ElementsTransitionAndStore_InBounds,ldur x10  [x26  #-0x38]
100.00,100.00 | 0.00 | 0.00 | 0.00,0.00,0.00 | 0.00 | 0.00 | 0.00,0.00,0.00 | 0.00 | 0.00 | 0.00,0.00,0.00 | 0.00 | 0.00 | 0.00,???,0,???,HUF_readDTableX1_wksp,sub w3  w6  #1
100.00,100.00 | 0.00 | 0.00 | 0.00,0.00,0.00 | 0.00 | 0.00 | 0.00,0.00,0.00 | 0.00 | 0.00 | 0.00,0.00,0.00 | 0.00 | 0.00 | 0.00,(null),0,(null),(null),(null)
100.00,100.00 | 0.00 | 0.00 | 0.00,0.00,0.00 | 0.00 | 0.00 | 0.00,0.00,0.00 | 0.00 | 0.00 | 0.00,0.00,0.00 | 0.00 | 0.00 | 0.00,(null),0,(null),(null),(null)
100.00,100.00 | 0.00 | 0.00 | 0.00,0.00,0.00 | 0.00 | 0.00 | 0.00,0.00,0.00 | 0.00 | 0.00 | 0.00,0.00,0.00 | 0.00 | 0.00 | 0.00,(null),0,(null),(null),(null)
100.00,100.00 | 0.00 | 0.00 | 0.00,0.00,0.00 | 0.00 | 0.00 | 0.00,0.00,0.00 | 0.00 | 0.00 | 0.00,0.00,0.00 | 0.00 | 0.00 | 0.00,(null),0,(null),(null),(null)
100.00,100.00 | 0.00 | 0.00 | 0.00,0.00,0.00 | 0.00 | 0.00 | 0.00,0.00,0.00 | 0.00 | 0.00 | 0.00,0.00,0.00 | 0.00 | 0.00 | 0.00,(null),0,(null),(null),(null)
100.00,100.00 | 0.00 | 0.00 | 0.00,0.00,0.00 | 0.00 | 0.00 | 0.00,0.00,0.00 | 0.00 | 0.00 | 0.00,0.00,0.00 | 0.00 | 0.00 | 0.00,(null),0,(null),(null),(null)
100.00,100.00 | 0.00 | 0.00 | 0.00,0.00,0.00 | 0.00 | 0.00 | 0.00,0.00,0.00 | 0.00 | 0.00 | 0.00,0.00,0.00 | 0.00 | 0.00 | 0.00,(null),0,(null),(null),(null)
100.00,100.00 | 0.00 | 0.00 | 0.00,0.00,0.00 | 0.00 | 0.00 | 0.00,0.00,0.00 | 0.00 | 0.00 | 0.00,0.00,0.00 | 0.00 | 0.00 | 0.00,(null),0,(null),(null),(null)
100.00,100.00 | 0.00 | 0.00 | 0.00,0.00,0.00 | 0.00 | 0.00 | 0.00,0.00,0.00 | 0.00 | 0.00 | 0.00,0.00,0.00 | 0.00 | 0.00 | 0.00,(null),0,(null),(null),(null)
100.00,100.00 | 0.00 | 0.00 | 0.00,0.00,0.00 | 0.00 | 0.00 | 0.00,0.00,0.00 | 0.00 | 0.00 | 0.00,0.00,0.00 | 0.00 | 0.00 | 0.00,(null),0,(null),(null),(null)
100.00,100.00 | 0.00 | 0.00 | 0.00,0.00,0.00 | 0.00 | 0.00 | 0.00,0.00,0.00 | 0.00 | 0.00 | 0.00,0.00,0.00 | 0.00 | 0.00 | 0.00,(null),0,(null),(null),(null)
100.00,100.00 | 0.00 | 0.00 | 0.00,0.00,0.00 | 0.00 | 0.00 | 0.00,0.00,0.00 | 0.00 | 0.00 | 0.00,0.00,0.00 | 0.00 | 0.00 | 0.00,(null),0,(null),(null),(null)
100.00,100.00 | 0.00 | 0.00 | 0.00,0.00,0.00 | 0.00 | 0.00 | 0.00,0.00,0.00 | 0.00 | 0.00 | 0.00,0.00,0.00 | 0.00 | 0.00 | 0.00,(null),0,(null),(null),(null)
100.00,100.00 | 0.00 | 0.00 | 0.00,0.00,0.00 | 0.00 | 0.00 | 0.00,0.00,0.00 | 0.00 | 0.00 | 0.00,0.00,0.00 | 0.00 | 0.00 | 0.00,(null),0,(null),(null),(null)
100.00,100.00 | 0.00 | 0.00 | 0.00,0.00,0.00 | 0.00 | 0.00 | 0.00,0.00,0.00 | 0.00 | 0.00 | 0.00,0.00,0.00 | 0.00 | 0.00 | 0.00,(null),0,(null),(null),(null)
100.00,100.00 | 0.00 | 0.00 | 0.00,0.00,0.00 | 0.00 | 0.00 | 0.00,0.00,0.00 | 0.00 | 0.00 | 0.00,0.00,0.00 | 0.00 | 0.00 | 0.00,(null),0,(null),(null),(null)
100.00,100.00 | 0.00 | 0.00 | 0.00,0.00,0.00 | 0.00 | 0.00 | 0.00,0.00,0.00 | 0.00 | 0.00 | 0.00,0.00,0.00 | 0.00 | 0.00 | 0.00,(null),0,(null),(null),(null)
100.00,100.00 | 0.00 | 0.00 | 0.00,0.00,0.00 | 0.00 | 0.00 | 0.00,0.00,0.00 | 0.00 | 0.00 | 0.00,0.00,0.00 | 0.00 | 0.00 | 0.00,(null),0,(null),(null),(null)
100.00,100.00 | 0.00 | 0.00 | 0.00,0.00,0.00 | 0.00 | 0.00 | 0.00,0.00,0.00 | 0.00 | 0.00 | 0.00,0.00,0.00 | 0.00 | 0.00 | 0.00,(null),0,(null),(null),(null)
100.00,100.00 | 0.00 | 0.00 | 0.00,0.00,0.00 | 0.00 | 0.00 | 0.00,0.00,0.00 | 0.00 | 0.00 | 0.00,0.00,0.00 | 0.00 | 0.00 | 0.00,(null),0,(null),(null),(null)
100.00,100.00 | 0.00 | 0.00 | 0.00,0.00,0.00 | 0.00 | 0.00 | 0.00,0.00,0.00 | 0.00 | 0.00 | 0.00,0.00,0.00 | 0.00 | 0.00 | 0.00,(null),0,(null),(null),(null)
100.00,100.00 | 0.00 | 0.00 | 0.00,0.00,0.00 | 0.00 | 0.00 | 0.00,0.00,0.00 | 0.00 | 0.00 | 0.00,0.00,0.00 | 0.00 | 0.00 | 0.00,(null),0,(null),(null),(null)
100.00,100.00 | 0.00 | 0.00 | 0.00,0.00,0.00 | 0.00 | 0.00 | 0.00,0.00,0.00 | 0.00 | 0.00 | 0.00,0.00,0.00 | 0.00 | 0.00 | 0.00,(null),0,(null),(null),(null)
100.00,100.00 | 0.00 | 0.00 | 0.00,0.00,0.00 | 0.00 | 0.00 | 0.00,0.00,0.00 | 0.00 | 0.00 | 0.00,0.00,0.00 | 0.00 | 0.00 | 0.00,(null),0,(null),(null),(null)
100.00,100.00 | 0.00 | 0.00 | 0.00,0.00,0.00 | 0.00 | 0.00 | 0.00,0.00,0.00 | 0.00 | 0.00 | 0.00,0.00,0.00 | 0.00 | 0.00 | 0.00,(null),0,(null),(null),(null)
100.00,100.00 | 0.00 | 0.00 | 0.00,0.00,0.00 | 0.00 | 0.00 | 0.00,0.00,0.00 | 0.00 | 0.00 | 0.00,0.00,0.00 | 0.00 | 0.00 | 0.00,(null),0,(null),(null),(null)
100.00,100.00 | 0.00 | 0.00 | 0.00,0.00,0.00 | 0.00 | 0.00 | 0.00,0.00,0.00 | 0.00 | 0.00 | 0.00,0.00,0.00 | 0.00 | 0.00 | 0.00,(null),0,(null),(null),(null)
100.00,100.00 | 0.00 | 0.00 | 0.00,0.00,0.00 | 0.00 | 0.00 | 0.00,0.00,0.00 | 0.00 | 0.00 | 0.00,0.00,0.00 | 0.00 | 0.00 | 0.00,(null),0,(null),(null),(null)
100.00,100.00 | 0.00 | 0.00 | 0.00,0.00,0.00 | 0.00 | 0.00 | 0.00,0.00,0.00 | 0.00 | 0.00 | 0.00,0.00,0.00 | 0.00 | 0.00 | 0.00,(null),0,(null),(null),(null)
100.00,100.00 | 0.00 | 0.00 | 0.00,0.00,0.00 | 0.00 | 0.00 | 0.00,0.00,0.00 | 0.00 | 0.00 | 0.00,0.00,0.00 | 0.00 | 0.00 | 0.00,(null),0,(null),(null),(null)
100.00,100.00 | 0.00 | 0.00 | 0.00,0.00,0.00 | 0.00 | 0.00 | 0.00,0.00,0.00 | 0.00 | 0.00 | 0.00,0.00,0.00 | 0.00 | 0.00 | 0.00,(null),0,(null),(null),(null)
100.00,100.00 | 0.00 | 0.00 | 0.00,0.00,0.00 | 0.00 | 0.00 | 0.00,0.00,0.00 | 0.00 | 0.00 | 0.00,0.00,0.00 | 0.00 | 0.00 | 0.00,(null),0,(null),(null),(null)
100.00,100.00 | 0.00 | 0.00 | 0.00,0.00,0.00 | 0.00 | 0.00 | 0.00,0.00,0.00 | 0.00 | 0.00 | 0.00,0.00,0.00 | 0.00 | 0.00 | 0.00,(null),0,(null),(null),(null)
100.00,100.00 | 0.00 | 0.00 | 0.00,0.00,0.00 | 0.00 | 0.00 | 0.00,0.00,0.00 | 0.00 | 0.00 | 0.00,0.00,0.00 | 0.00 | 0.00 | 0.00,(null),0,(null),(null),(null)
100.00,100.00 | 0.00 | 0.00 | 0.00,0.00,0.00 | 0.00 | 0.00 | 0.00,0.00,0.00 | 0.00 | 0.00 | 0.00,0.00,0.00 | 0.00 | 0.00 | 0.00,(null),0,(null),(null),(null)
100.00,100.00 | 0.00 | 0.00 | 0.00,0.00,0.00 | 0.00 | 0.00 | 0.00,0.00,0.00 | 0.00 | 0.00 | 0.00,0.00,0.00 | 0.00 | 0.00 | 0.00,(null),0,(null),(null),(null)
100.00,100.00 | 0.00 | 0.00 | 0.00,0.00,0.00 | 0.00 | 0.00 | 0.00,0.00,0.00 | 0.00 | 0.00 | 0.00,0.00,0.00 | 0.00 | 0.00 | 0.00,/home/ubuntu/.rustup/toolchains/stable-aarch64-unknown-linux-gnu/lib/rustlib/src/rust/library/core/src/ub_checks.rs,0,(null),_ZN5alloc3vec16Vec$LT$T$C$A$GT$12as_mut_slice17h0d9abca486210e04E,ldr x1  [sp  #0x10]
100.00,100.00 | 0.00 | 0.00 | 0.00,0.00,0.00 | 0.00 | 0.00 | 0.00,0.00,0.00 | 0.00 | 0.00 | 0.00,0.00,0.00 | 0.00 | 0.00 | 0.00,src/hotline/hotline.c,270,(null),process_software_buffer_up_to_ts,ldrh w0  [x19  #4]
100.00,100.00 | 0.00 | 0.00 | 0.00,0.00,0.00 | 0.00 | 0.00 | 0.00,0.00,0.00 | 0.00 | 0.00 | 0.00,0.00,0.00 | 0.00 | 0.00 | 0.00,src/hotline/lat_map.c,35,(null),lat_map_compare,ldr w4  [x2]
100.00,100.00 | 0.00 | 0.00 | 0.00,0.00,0.00 | 0.00 | 0.00 | 0.00,0.00,0.00 | 0.00 | 0.00 | 0.00,0.00,0.00 | 0.00 | 0.00 | 0.00,/home/ubuntu/.rustup/toolchains/stable-aarch64-unknown-linux-gnu/lib/rustlib/src/rust/library/core/src/option.rs,0,(null),_ZN110_$LT$core..iter..adapters..enumerate..Enumerate$LT$I$GT$$u20$as$u20$core..iter..traits..iterator..Iterator$GT$4next17h6ae4d4bb8211729aE,ldr x8  [sp  #0x18]
100.00,100.00 | 0.00 | 0.00 | 0.00,0.00,0.00 | 0.00 | 0.00 | 0.00,0.00,0.00 | 0.00 | 0.00 | 0.00,0.00,0.00 | 0.00 | 0.00 | 0.00,src/hotline/bmiss_map.c,119,(null),parse_and_insert_bmiss_entry,ldrh w1  [x0  #0x1e]
100.00,100.00 | 0.00 | 0.00 | 0.00,0.00,0.00 | 0.00 | 0.00 | 0.00,0.00,0.00 | 0.00 | 0.00 | 0.00,0.00,0.00 | 0.00 | 0.00 | 0.00,src/hotline/btree.c,460,(null),btree_search,ldp x27  x28  [sp  #0x50]
100.00,100.00 | 0.00 | 0.00 | 0.00,0.00,0.00 | 0.00 | 0.00 | 0.00,0.00,0.00 | 0.00 | 0.00 | 0.00,0.00,0.00 | 0.00 | 0.00 | 0.00,src/hotline/btree.c,607,(null),btree_get,ldrb w0  [x21  #4]
100.00,100.00 | 0.00 | 0.00 | 0.00,0.00,0.00 | 0.00 | 0.00 | 0.00,0.00,0.00 | 0.00 | 0.00 | 0.00,0.00,0.00 | 0.00 | 0.00 | 0.00,src/hotline/btree.c,605,(null),btree_get,ldp x23  x24  [sp  #0x30]
100.00,100.00 | 0.00 | 0.00 | 0.00,0.00,0.00 | 0.00 | 0.00 | 0.00,0.00,0.00 | 0.00 | 0.00 | 0.00,0.00,0.00 | 0.00 | 0.00 | 0.00,/home/ubuntu/.rustup/toolchains/stable-aarch64-unknown-linux-gnu/lib/rustlib/src/rust/library/core/src/intrinsics/mod.rs,0,(null),_ZN4core10intrinsics19copy_nonoverlapping18precondition_check17h1b2e6f94ef0bd215E,ldr x8  [sp  #0x30]
100.00,100.00 | 0.00 | 0.00 | 0.00,0.00,0.00 | 0.00 | 0.00 | 0.00,0.00,0.00 | 0.00 | 0.00 | 0.00,0.00,0.00 | 0.00 | 0.00 | 0.00,/home/ubuntu/.rustup/toolchains/stable-aarch64-unknown-linux-gnu/lib/rustlib/src/rust/library/alloc/src/raw_vec/mod.rs,540,(null),_ZN5alloc7raw_vec20RawVecInner$LT$A$GT$14current_memory17hbf8969f73d2da585E,ldr x30  [sp  #0xc0]
100.00,100.00 | 0.00 | 0.00 | 0.00,0.00,0.00 | 0.00 | 0.00 | 0.00,0.00,0.00 | 0.00 | 0.00 | 0.00,0.00,0.00 | 0.00 | 0.00 | 0.00,/home/ubuntu/.rustup/toolchains/stable-aarch64-unknown-linux-gnu/lib/rustlib/src/rust/library/core/src/str/iter.rs,0,(null),_ZN4core3str4iter22SplitInternal$LT$P$GT$7get_end17hffa4d3559bae1158E,ldr x8  [sp  #0x28]
100.00,100.00 | 0.00 | 0.00 | 0.00,0.00,0.00 | 0.00 | 0.00 | 0.00,0.00,0.00 | 0.00 | 0.00 | 0.00,0.00,0.00 | 0.00 | 0.00 | 0.00,(null),0,(null),(null),(null)
100.00,100.00 | 0.00 | 0.00 | 0.00,0.00,0.00 | 0.00 | 0.00 | 0.00,0.00,0.00 | 0.00 | 0.00 | 0.00,0.00,0.00 | 0.00 | 0.00 | 0.00,(null),0,(null),(null),(null)
100.00,100.00 | 0.00 | 0.00 | 0.00,0.00,0.00 | 0.00 | 0.00 | 0.00,0.00,0.00 | 0.00 | 0.00 | 0.00,0.00,0.00 | 0.00 | 0.00 | 0.00,/usr/include/c++/11/tuple,1506,"	return bool(std::get<__i>(__t) < std::get<__i>(__u))",_ZNSt8_Rb_treeISt5tupleIJN7rocksdb21BackgroundErrorReasonEbEESt4pairIKS3_NS1_6Status8SeverityEESt10_Select1stIS8_ESt4lessIS3_ESaIS8_EE29_M_get_insert_hint_unique_posESt23_Rb_tree_const_iteratorIS8_ERS5_,ldr w1  [x2  #4]
100.00,100.00 | 0.00 | 0.00 | 0.00,0.00,0.00 | 0.00 | 0.00 | 0.00,0.00,0.00 | 0.00 | 0.00 | 0.00,0.00,0.00 | 0.00 | 0.00 | 0.00,/home/ubuntu/rocksdb/memory/arena.cc,164,"  if (tracker_ != nullptr) {",_ZN7rocksdb5Arena16AllocateNewBlockEm,ldr x0  [x19  #0x8e8]
100.00,100.00 | 0.00 | 0.00 | 0.00,0.00,0.00 | 0.00 | 0.00 | 0.00,0.00,0.00 | 0.00 | 0.00 | 0.00,0.00,0.00 | 0.00 | 0.00 | 0.00,/home/ubuntu/rocksdb/memory/arena.cc,143,"}",_ZN7rocksdb5Arena15AllocateAlignedEmmPNS_6LoggerE,ldp x29  x30  [sp]  #0x60
100.00,100.00 | 0.00 | 0.00 | 0.00,0.00,0.00 | 0.00 | 0.00 | 0.00,0.00,0.00 | 0.00 | 0.00 | 0.00,0.00,0.00 | 0.00 | 0.00 | 0.00,/home/ubuntu/rocksdb/port/port_posix.cc,63,"    PthreadCall("init mutex", pthread_mutex_init(&mu_, nullptr));",_ZN7rocksdb4port5MutexC2Eb,ldr x2  [x2  #0xba8]
100.00,100.00 | 0.00 | 0.00 | 0.00,0.00,0.00 | 0.00 | 0.00 | 0.00,0.00,0.00 | 0.00 | 0.00 | 0.00,0.00,0.00 | 0.00 | 0.00 | 0.00,/usr/include/c++/11/bits/random.tcc,417,"      _UIntType __y = ((_M_x[__n - 1] & __upper_mask)",_ZNSt23mersenne_twister_engineImLm64ELm312ELm156ELm31ELm13043109905998158313ELm29ELm6148914691236517205ELm17ELm8202884508482404352ELm37ELm18444473444759240704ELm43ELm6364136223846793005EE11_M_gen_randEv,ldr x2  [x0  #0x9b8]
100.00,100.00 | 0.00 | 0.00 | 0.00,0.00,0.00 | 0.00 | 0.00 | 0.00,0.00,0.00 | 0.00 | 0.00 | 0.00,0.00,0.00 | 0.00 | 0.00 | 0.00,???,0,???,???,???
100.00,100.00 | 0.00 | 0.00 | 0.00,0.00,0.00 | 0.00 | 0.00 | 0.00,0.00,0.00 | 0.00 | 0.00 | 0.00,0.00,0.00 | 0.00 | 0.00 | 0.00,???,0,???,???,???
100.00,100.00 | 0.00 | 0.00 | 0.00,0.00,0.00 | 0.00 | 0.00 | 0.00,0.00,0.00 | 0.00 | 0.00 | 0.00,0.00,0.00 | 0.00 | 0.00 | 0.00,???,0,???,???,???
100.00,100.00 | 0.00 | 0.00 | 0.00,0.00,0.00 | 0.00 | 0.00 | 0.00,0.00,0.00 | 0.00 | 0.00 | 0.00,0.00,0.00 | 0.00 | 0.00 | 0.00,???,0,???,???,???
100.00,100.00 | 0.00 | 0.00 | 0.00,0.00,0.00 | 0.00 | 0.00 | 0.00,0.00,0.00 | 0.00 | 0.00 | 0.00,0.00,0.00 | 0.00 | 0.00 | 0.00,???,0,???,_ZN12v8_inspector12_GLOBAL__N_115HeapStatsStream19WriteHeapStatsChunkEPN2v815HeapStatsUpdateEi,b.le #0x1820c58
100.00,100.00 | 0.00 | 0.00 | 0.00,0.00,0.00 | 0.00 | 0.00 | 0.00,0.00,0.00 | 0.00 | 0.00 | 0.00,0.00,0.00 | 0.00 | 0.00 | 0.00,???,0,???,_ZN8v8_crdtp4json12_GLOBAL__N_110JsonParserIhE10ParseValueEPKhS5_PS5_i,cmp x1  x3
100.00,100.00 | 0.00 | 0.00 | 0.00,0.00,0.00 | 0.00 | 0.00 | 0.00,0.00,0.00 | 0.00 | 0.00 | 0.00,0.00,0.00 | 0.00 | 0.00 | 0.00,???,0,???,_ZN2v88internal8compiler5Typer7Visitor9IncrementENS1_4TypeEPS2_,ldp x19  x20  [sp  #0x10]
100.00,100.00 | 0.00 | 0.00 | 0.00,0.00,0.00 | 0.00 | 0.00 | 0.00,0.00,0.00 | 0.00 | 0.00 | 0.00,0.00,0.00 | 0.00 | 0.00 | 0.00,(null),0,(null),(null),(null)
100.00,100.00 | 0.00 | 0.00 | 0.00,0.00,0.00 | 0.00 | 0.00 | 0.00,0.00,0.00 | 0.00 | 0.00 | 0.00,0.00,0.00 | 0.00 | 0.00 | 0.00,(null),0,(null),(null),(null)
100.00,100.00 | 0.00 | 0.00 | 0.00,0.00,0.00 | 0.00 | 0.00 | 0.00,0.00,0.00 | 0.00 | 0.00 | 0.00,0.00,0.00 | 0.00 | 0.00 | 0.00,(null),0,(null),(null),(null)
100.00,100.00 | 0.00 | 0.00 | 0.00,0.00,0.00 | 0.00 | 0.00 | 0.00,0.00,0.00 | 0.00 | 0.00 | 0.00,0.00,0.00 | 0.00 | 0.00 | 0.00,(null),0,(null),(null),(null)
100.00,100.00 | 0.00 | 0.00 | 0.00,0.00,0.00 | 0.00 | 0.00 | 0.00,0.00,0.00 | 0.00 | 0.00 | 0.00,0.00,0.00 | 0.00 | 0.00 | 0.00,(null),0,(null),(null),(null)
100.00,100.00 | 0.00 | 0.00 | 0.00,0.00,0.00 | 0.00 | 0.00 | 0.00,0.00,0.00 | 0.00 | 0.00 | 0.00,0.00,0.00 | 0.00 | 0.00 | 0.00,(null),0,(null),(null),(null)
100.00,100.00 | 0.00 | 0.00 | 0.00,0.00,0.00 | 0.00 | 0.00 | 0.00,0.00,0.00 | 0.00 | 0.00 | 0.00,0.00,0.00 | 0.00 | 0.00 | 0.00,(null),0,(null),(null),(null)
100.00,100.00 | 0.00 | 0.00 | 0.00,0.00,0.00 | 0.00 | 0.00 | 0.00,0.00,0.00 | 0.00 | 0.00 | 0.00,0.00,0.00 | 0.00 | 0.00 | 0.00,(null),0,(null),(null),(null)
100.00,100.00 | 0.00 | 0.00 | 0.00,0.00,0.00 | 0.00 | 0.00 | 0.00,0.00,0.00 | 0.00 | 0.00 | 0.00,0.00,0.00 | 0.00 | 0.00 | 0.00,(null),0,(null),(null),(null)
100.00,100.00 | 0.00 | 0.00 | 0.00,0.00,0.00 | 0.00 | 0.00 | 0.00,0.00,0.00 | 0.00 | 0.00 | 0.00,0.00,0.00 | 0.00 | 0.00 | 0.00,(null),0,(null),(null),(null)
100.00,100.00 | 0.00 | 0.00 | 0.00,0.00,0.00 | 0.00 | 0.00 | 0.00,0.00,0.00 | 0.00 | 0.00 | 0.00,0.00,0.00 | 0.00 | 0.00 | 0.00,(null),0,(null),(null),(null)
100.00,100.00 | 0.00 | 0.00 | 0.00,0.00,0.00 | 0.00 | 0.00 | 0.00,0.00,0.00 | 0.00 | 0.00 | 0.00,0.00,0.00 | 0.00 | 0.00 | 0.00,(null),0,(null),(null),(null)
100.00,100.00 | 0.00 | 0.00 | 0.00,0.00,0.00 | 0.00 | 0.00 | 0.00,0.00,0.00 | 0.00 | 0.00 | 0.00,0.00,0.00 | 0.00 | 0.00 | 0.00,(null),0,(null),(null),(null)
100.00,100.00 | 0.00 | 0.00 | 0.00,0.00,0.00 | 0.00 | 0.00 | 0.00,0.00,0.00 | 0.00 | 0.00 | 0.00,0.00,0.00 | 0.00 | 0.00 | 0.00,(null),0,(null),(null),(null)
100.00,100.00 | 0.00 | 0.00 | 0.00,0.00,0.00 | 0.00 | 0.00 | 0.00,0.00,0.00 | 0.00 | 0.00 | 0.00,0.00,0.00 | 0.00 | 0.00 | 0.00,(null),0,(null),(null),(null)
100.00,100.00 | 0.00 | 0.00 | 0.00,0.00,0.00 | 0.00 | 0.00 | 0.00,0.00,0.00 | 0.00 | 0.00 | 0.00,0.00,0.00 | 0.00 | 0.00 | 0.00,(null),0,(null),(null),(null)
100.00,100.00 | 0.00 | 0.00 | 0.00,0.00,0.00 | 0.00 | 0.00 | 0.00,0.00,0.00 | 0.00 | 0.00 | 0.00,0.00,0.00 | 0.00 | 0.00 | 0.00,(null),0,(null),(null),(null)
100.00,100.00 | 0.00 | 0.00 | 0.00,0.00,0.00 | 0.00 | 0.00 | 0.00,0.00,0.00 | 0.00 | 0.00 | 0.00,0.00,0.00 | 0.00 | 0.00 | 0.00,(null),0,(null),(null),(null)
100.00,100.00 | 0.00 | 0.00 | 0.00,0.00,0.00 | 0.00 | 0.00 | 0.00,0.00,0.00 | 0.00 | 0.00 | 0.00,0.00,0.00 | 0.00 | 0.00 | 0.00,(null),0,(null),(null),(null)
100.00,100.00 | 0.00 | 0.00 | 0.00,0.00,0.00 | 0.00 | 0.00 | 0.00,0.00,0.00 | 0.00 | 0.00 | 0.00,0.00,0.00 | 0.00 | 0.00 | 0.00,(null),0,(null),(null),(null)
100.00,100.00 | 0.00 | 0.00 | 0.00,0.00,0.00 | 0.00 | 0.00 | 0.00,0.00,0.00 | 0.00 | 0.00 | 0.00,0.00,0.00 | 0.00 | 0.00 | 0.00,(null),0,(null),(null),(null)
100.00,100.00 | 0.00 | 0.00 | 0.00,0.00,0.00 | 0.00 | 0.00 | 0.00,0.00,0.00 | 0.00 | 0.00 | 0.00,0.00,0.00 | 0.00 | 0.00 | 0.00,(null),0,(null),(null),(null)
100.00,100.00 | 0.00 | 0.00 | 0.00,0.00,0.00 | 0.00 | 0.00 | 0.00,0.00,0.00 | 0.00 | 0.00 | 0.00,0.00,0.00 | 0.00 | 0.00 | 0.00,/home/ubuntu/.rustup/toolchains/stable-aarch64-unknown-linux-gnu/lib/rustlib/src/rust/library/alloc/src/slice.rs,431,(null),_ZN87_$LT$T$u20$as$u20$alloc..slice..$LT$impl$u20$$u5b$T$u5d$$GT$..to_vec_in..ConvertVec$GT$6to_vec17hd6e6d577671e6c0fE,str x8  [sp  #0x18]
100.00,100.00 | 0.00 | 0.00 | 0.00,0.00,0.00 | 0.00 | 0.00 | 0.00,0.00,0.00 | 0.00 | 0.00 | 0.00,0.00,0.00 | 0.00 | 0.00 | 0.00,/home/ubuntu/.rustup/toolchains/stable-aarch64-unknown-linux-gnu/lib/rustlib/src/rust/library/core/src/result.rs,881,(null),_ZN4core6result19Result$LT$T$C$E$GT$7map_err17h513c113290dc259fE,str x0  [sp]
100.00,100.00 | 0.00 | 0.00 | 0.00,0.00,0.00 | 0.00 | 0.00 | 0.00,0.00,0.00 | 0.00 | 0.00 | 0.00,0.00,0.00 | 0.00 | 0.00 | 0.00,src/hotline/lat_map.c,166,(null),parse_and_insert_lat_entry,str xzr  [x19  #0xc0]
100.00,100.00 | 0.00 | 0.00 | 0.00,0.00,0.00 | 0.00 | 0.00 | 0.00,0.00,0.00 | 0.00 | 0.00 | 0.00,0.00,0.00 | 0.00 | 0.00 | 0.00,src/hotline/lat_map.c,72,(null),parse_and_insert_lat_entry,stp q0  q0  [x20  #0x40]
100.00,100.00 | 0.00 | 0.00 | 0.00,0.00,0.00 | 0.00 | 0.00 | 0.00,0.00,0.00 | 0.00 | 0.00 | 0.00,0.00,0.00 | 0.00 | 0.00 | 0.00,src/hotline/bmiss_map.c,132,(null),parse_and_insert_bmiss_entry,str xzr  [x19  #0x50]
100.00,100.00 | 0.00 | 0.00 | 0.00,0.00,0.00 | 0.00 | 0.00 | 0.00,0.00,0.00 | 0.00 | 0.00 | 0.00,0.00,0.00 | 0.00 | 0.00 | 0.00,src/hotline/bmiss_map.c,78,(null),parse_and_insert_bmiss_entry,stp x2  x3  [sp  #0xe0]
100.00,100.00 | 0.00 | 0.00 | 0.00,0.00,0.00 | 0.00 | 0.00 | 0.00,0.00,0.00 | 0.00 | 0.00 | 0.00,0.00,0.00 | 0.00 | 0.00 | 0.00,src/hotline/bmiss_map.c,78,(null),parse_and_insert_bmiss_entry,str x8  [x1  #0x10]
100.00,100.00 | 0.00 | 0.00 | 0.00,0.00,0.00 | 0.00 | 0.00 | 0.00,0.00,0.00 | 0.00 | 0.00 | 0.00,0.00,0.00 | 0.00 | 0.00 | 0.00,src/hotline/btree.c,794,(null),btree_get,stp x21  x22  [sp  #0x20]
100.00,100.00 | 0.00 | 0.00 | 0.00,0.00,0.00 | 0.00 | 0.00 | 0.00,0.00,0.00 | 0.00 | 0.00 | 0.00,0.00,0.00 | 0.00 | 0.00 | 0.00,src/hotline/fname_map.c,225,(null),va_to_file_offset,stp x2  x0  [x23  #8]
100.00,100.00 | 0.00 | 0.00 | 0.00,0.00,0.00 | 0.00 | 0.00 | 0.00,0.00,0.00 | 0.00 | 0.00 | 0.00,0.00,0.00 | 0.00 | 0.00 | 0.00,/home/ubuntu/.rustup/toolchains/stable-aarch64-unknown-linux-gnu/lib/rustlib/src/rust/library/alloc/src/alloc.rs,260,(null),_ZN63_$LT$alloc..alloc..Global$u20$as$u20$core..alloc..Allocator$GT$10deallocate17h0f45ec0612148410E,str x1  [sp]
100.00,100.00 | 0.00 | 0.00 | 0.00,0.00,0.00 | 0.00 | 0.00 | 0.00,0.00,0.00 | 0.00 | 0.00 | 0.00,0.00,0.00 | 0.00 | 0.00 | 0.00,library/alloc/src/string.rs,2285,(null),_ZN60_$LT$alloc..string..String$u20$as$u20$core..clone..Clone$GT$5clone17hdfc886ea4ed0be6dE,stp x19  x22  [x20]
100.00,100.00 | 0.00 | 0.00 | 0.00,0.00,0.00 | 0.00 | 0.00 | 0.00,0.00,0.00 | 0.00 | 0.00 | 0.00,0.00,0.00 | 0.00 | 0.00 | 0.00,(null),0,(null),(null),(null)
100.00,100.00 | 0.00 | 0.00 | 0.00,0.00,0.00 | 0.00 | 0.00 | 0.00,0.00,0.00 | 0.00 | 0.00 | 0.00,0.00,0.00 | 0.00 | 0.00 | 0.00,???,0,???,_ZN4node5http27OriginsC1EPNS_11EnvironmentEN2v85LocalINS4_6StringEEEm,hint #0x1d
100.00,100.00 | 0.00 | 0.00 | 0.00,0.00,0.00 | 0.00 | 0.00 | 0.00,0.00,0.00 | 0.00 | 0.00 | 0.00,0.00,0.00 | 0.00 | 0.00 | 0.00,???,0,???,_ZN12v8_inspector8protocol8Debugger13LocationRangeD1Ev,cmp x0  x1
100.00,100.00 | 0.00 | 0.00 | 0.00,0.00,0.00 | 0.00 | 0.00 | 0.00,0.00,0.00 | 0.00 | 0.00 | 0.00,0.00,0.00 | 0.00 | 0.00 | 0.00,(null),0,(null),(null),(null)
100.00,100.00 | 0.00 | 0.00 | 0.00,0.00,0.00 | 0.00 | 0.00 | 0.00,0.00,0.00 | 0.00 | 0.00 | 0.00,0.00,0.00 | 0.00 | 0.00 | 0.00,(null),0,(null),(null),(null)
100.00,100.00 | 0.00 | 0.00 | 0.00,0.00,0.00 | 0.00 | 0.00 | 0.00,0.00,0.00 | 0.00 | 0.00 | 0.00,0.00,0.00 | 0.00 | 0.00 | 0.00,(null),0,(null),(null),(null)
100.00,100.00 | 0.00 | 0.00 | 0.00,0.00,0.00 | 0.00 | 0.00 | 0.00,0.00,0.00 | 0.00 | 0.00 | 0.00,0.00,0.00 | 0.00 | 0.00 | 0.00,(null),0,(null),(null),(null)
100.00,100.00 | 0.00 | 0.00 | 0.00,0.00,0.00 | 0.00 | 0.00 | 0.00,0.00,0.00 | 0.00 | 0.00 | 0.00,0.00,0.00 | 0.00 | 0.00 | 0.00,(null),0,(null),(null),(null)
100.00,100.00 | 0.00 | 0.00 | 0.00,0.00,0.00 | 0.00 | 0.00 | 0.00,0.00,0.00 | 0.00 | 0.00 | 0.00,0.00,0.00 | 0.00 | 0.00 | 0.00,(null),0,(null),(null),(null)
100.00,100.00 | 0.00 | 0.00 | 0.00,0.00,0.00 | 0.00 | 0.00 | 0.00,0.00,0.00 | 0.00 | 0.00 | 0.00,0.00,0.00 | 0.00 | 0.00 | 0.00,(null),0,(null),(null),(null)
100.00,100.00 | 0.00 | 0.00 | 0.00,0.00,0.00 | 0.00 | 0.00 | 0.00,0.00,0.00 | 0.00 | 0.00 | 0.00,0.00,0.00 | 0.00 | 0.00 | 0.00,(null),0,(null),(null),(null)
100.00,100.00 | 0.00 | 0.00 | 0.00,0.00,0.00 | 0.00 | 0.00 | 0.00,0.00,0.00 | 0.00 | 0.00 | 0.00,0.00,0.00 | 0.00 | 0.00 | 0.00,(null),0,(null),(null),(null)
100.00,100.00 | 0.00 | 0.00 | 0.00,0.00,0.00 | 0.00 | 0.00 | 0.00,0.00,0.00 | 0.00 | 0.00 | 0.00,0.00,0.00 | 0.00 | 0.00 | 0.00,(null),0,(null),(null),(null)
100.00,100.00 | 0.00 | 0.00 | 0.00,0.00,0.00 | 0.00 | 0.00 | 0.00,0.00,0.00 | 0.00 | 0.00 | 0.00,0.00,0.00 | 0.00 | 0.00 | 0.00,(null),0,(null),(null),(null)
100.00,100.00 | 0.00 | 0.00 | 0.00,0.00,0.00 | 0.00 | 0.00 | 0.00,0.00,0.00 | 0.00 | 0.00 | 0.00,0.00,0.00 | 0.00 | 0.00 | 0.00,(null),0,(null),(null),(null)
100.00,100.00 | 0.00 | 0.00 | 0.00,0.00,0.00 | 0.00 | 0.00 | 0.00,0.00,0.00 | 0.00 | 0.00 | 0.00,0.00,0.00 | 0.00 | 0.00 | 0.00,(null),0,(null),(null),(null)
100.00,100.00 | 0.00 | 0.00 | 0.00,0.00,0.00 | 0.00 | 0.00 | 0.00,0.00,0.00 | 0.00 | 0.00 | 0.00,0.00,0.00 | 0.00 | 0.00 | 0.00,(null),0,(null),(null),(null)
100.00,100.00 | 0.00 | 0.00 | 0.00,0.00,0.00 | 0.00 | 0.00 | 0.00,0.00,0.00 | 0.00 | 0.00 | 0.00,0.00,0.00 | 0.00 | 0.00 | 0.00,(null),0,(null),(null),(null)
100.00,100.00 | 0.00 | 0.00 | 0.00,0.00,0.00 | 0.00 | 0.00 | 0.00,0.00,0.00 | 0.00 | 0.00 | 0.00,0.00,0.00 | 0.00 | 0.00 | 0.00,(null),0,(null),(null),(null)
100.00,100.00 | 0.00 | 0.00 | 0.00,0.00,0.00 | 0.00 | 0.00 | 0.00,0.00,0.00 | 0.00 | 0.00 | 0.00,0.00,0.00 | 0.00 | 0.00 | 0.00,(null),0,(null),(null),(null)
100.00,100.00 | 0.00 | 0.00 | 0.00,0.00,0.00 | 0.00 | 0.00 | 0.00,0.00,0.00 | 0.00 | 0.00 | 0.00,0.00,0.00 | 0.00 | 0.00 | 0.00,(null),0,(null),(null),(null)
100.00,100.00 | 0.00 | 0.00 | 0.00,0.00,0.00 | 0.00 | 0.00 | 0.00,0.00,0.00 | 0.00 | 0.00 | 0.00,0.00,0.00 | 0.00 | 0.00 | 0.00,(null),0,(null),(null),(null)
100.00,100.00 | 0.00 | 0.00 | 0.00,0.00,0.00 | 0.00 | 0.00 | 0.00,0.00,0.00 | 0.00 | 0.00 | 0.00,0.00,0.00 | 0.00 | 0.00 | 0.00,(null),0,(null),(null),(null)
100.00,100.00 | 0.00 | 0.00 | 0.00,0.00,0.00 | 0.00 | 0.00 | 0.00,0.00,0.00 | 0.00 | 0.00 | 0.00,0.00,0.00 | 0.00 | 0.00 | 0.00,(null),0,(null),(null),(null)
100.00,100.00 | 0.00 | 0.00 | 0.00,0.00,0.00 | 0.00 | 0.00 | 0.00,0.00,0.00 | 0.00 | 0.00 | 0.00,0.00,0.00 | 0.00 | 0.00 | 0.00,(null),0,(null),(null),(null)
100.00,100.00 | 0.00 | 0.00 | 0.00,0.00,0.00 | 0.00 | 0.00 | 0.00,0.00,0.00 | 0.00 | 0.00 | 0.00,0.00,0.00 | 0.00 | 0.00 | 0.00,(null),0,(null),(null),(null)
100.00,100.00 | 0.00 | 0.00 | 0.00,0.00,0.00 | 0.00 | 0.00 | 0.00,0.00,0.00 | 0.00 | 0.00 | 0.00,0.00,0.00 | 0.00 | 0.00 | 0.00,(null),0,(null),(null),(null)
100.00,100.00 | 0.00 | 0.00 | 0.00,0.00,0.00 | 0.00 | 0.00 | 0.00,0.00,0.00 | 0.00 | 0.00 | 0.00,0.00,0.00 | 0.00 | 0.00 | 0.00,(null),0,(null),(null),(null)
100.00,100.00 | 0.00 | 0.00 | 0.00,0.00,0.00 | 0.00 | 0.00 | 0.00,0.00,0.00 | 0.00 | 0.00 | 0.00,0.00,0.00 | 0.00 | 0.00 | 0.00,(null),0,(null),(null),(null)
100.00,100.00 | 0.00 | 0.00 | 0.00,0.00,0.00 | 0.00 | 0.00 | 0.00,0.00,0.00 | 0.00 | 0.00 | 0.00,0.00,0.00 | 0.00 | 0.00 | 0.00,(null),0,(null),(null),(null)
100.00,100.00 | 0.00 | 0.00 | 0.00,0.00,0.00 | 0.00 | 0.00 | 0.00,0.00,0.00 | 0.00 | 0.00 | 0.00,0.00,0.00 | 0.00 | 0.00 | 0.00,(null),0,(null),(null),(null)
100.00,100.00 | 0.00 | 0.00 | 0.00,0.00,0.00 | 0.00 | 0.00 | 0.00,0.00,0.00 | 0.00 | 0.00 | 0.00,0.00,0.00 | 0.00 | 0.00 | 0.00,(null),0,(null),(null),(null)
100.00,100.00 | 0.00 | 0.00 | 0.00,0.00,0.00 | 0.00 | 0.00 | 0.00,0.00,0.00 | 0.00 | 0.00 | 0.00,0.00,0.00 | 0.00 | 0.00 | 0.00,(null),0,(null),(null),(null)
100.00,100.00 | 0.00 | 0.00 | 0.00,0.00,0.00 | 0.00 | 0.00 | 0.00,0.00,0.00 | 0.00 | 0.00 | 0.00,0.00,0.00 | 0.00 | 0.00 | 0.00,(null),0,(null),(null),(null)
100.00,100.00 | 0.00 | 0.00 | 0.00,0.00,0.00 | 0.00 | 0.00 | 0.00,0.00,0.00 | 0.00 | 0.00 | 0.00,0.00,0.00 | 0.00 | 0.00 | 0.00,(null),0,(null),(null),(null)
100.00,100.00 | 0.00 | 0.00 | 0.00,0.00,0.00 | 0.00 | 0.00 | 0.00,0.00,0.00 | 0.00 | 0.00 | 0.00,0.00,0.00 | 0.00 | 0.00 | 0.00,(null),0,(null),(null),(null)
100.00,100.00 | 0.00 | 0.00 | 0.00,0.00,0.00 | 0.00 | 0.00 | 0.00,0.00,0.00 | 0.00 | 0.00 | 0.00,0.00,0.00 | 0.00 | 0.00 | 0.00,(null),0,(null),(null),(null)
100.00,100.00 | 0.00 | 0.00 | 0.00,0.00,0.00 | 0.00 | 0.00 | 0.00,0.00,0.00 | 0.00 | 0.00 | 0.00,0.00,0.00 | 0.00 | 0.00 | 0.00,(null),0,(null),(null),(null)
100.00,100.00 | 0.00 | 0.00 | 0.00,0.00,0.00 | 0.00 | 0.00 | 0.00,0.00,0.00 | 0.00 | 0.00 | 0.00,0.00,0.00 | 0.00 | 0.00 | 0.00,(null),0,(null),(null),(null)
100.00,100.00 | 0.00 | 0.00 | 0.00,0.00,0.00 | 0.00 | 0.00 | 0.00,0.00,0.00 | 0.00 | 0.00 | 0.00,0.00,0.00 | 0.00 | 0.00 | 0.00,(null),0,(null),(null),(null)
100.00,100.00 | 0.00 | 0.00 | 0.00,0.00,0.00 | 0.00 | 0.00 | 0.00,0.00,0.00 | 0.00 | 0.00 | 0.00,0.00,0.00 | 0.00 | 0.00 | 0.00,(null),0,(null),(null),(null)
100.00,100.00 | 0.00 | 0.00 | 0.00,0.00,0.00 | 0.00 | 0.00 | 0.00,0.00,0.00 | 0.00 | 0.00 | 0.00,0.00,0.00 | 0.00 | 0.00 | 0.00,(null),0,(null),(null),(null)
100.00,100.00 | 0.00 | 0.00 | 0.00,0.00,0.00 | 0.00 | 0.00 | 0.00,0.00,0.00 | 0.00 | 0.00 | 0.00,0.00,0.00 | 0.00 | 0.00 | 0.00,(null),0,(null),(null),(null)
100.00,100.00 | 0.00 | 0.00 | 0.00,0.00,0.00 | 0.00 | 0.00 | 0.00,0.00,0.00 | 0.00 | 0.00 | 0.00,0.00,0.00 | 0.00 | 0.00 | 0.00,/usr/aarch64-linux-gnu/include/bits/string_fortified.h,29,"  return __builtin___memcpy_chk (__dest, __src, __len,",process_aux_buffer_record,str w3  [sp  #0x20]
100.00,100.00 | 0.00 | 0.00 | 0.00,0.00,0.00 | 0.00 | 0.00 | 0.00,0.00,0.00 | 0.00 | 0.00 | 0.00,0.00,0.00 | 0.00 | 0.00 | 0.00,src/hotline/lat_map.c,82,(null),parse_and_insert_lat_entry,stp q0  q0  [x1  #0x40]
100.00,100.00 | 0.00 | 0.00 | 0.00,0.00,0.00 | 0.00 | 0.00 | 0.00,0.00,0.00 | 0.00 | 0.00 | 0.00,0.00,0.00 | 0.00 | 0.00 | 0.00,src/hotline/fname_map.c,223,(null),va_to_file_offset,str d0  [x23]
100.00,100.00 | 0.00 | 0.00 | 0.00,0.00,0.00 | 0.00 | 0.00 | 0.00,0.00,0.00 | 0.00 | 0.00 | 0.00,0.00,0.00 | 0.00 | 0.00 | 0.00,/home/ubuntu/.rustup/toolchains/stable-aarch64-unknown-linux-gnu/lib/rustlib/src/rust/library/alloc/src/raw_vec/mod.rs,755,(null),_ZN5alloc7raw_vec20RawVecInner$LT$A$GT$10deallocate17hc5fd01f479b42647E,str x3  [sp  #0x48]
100.00,100.00 | 0.00 | 0.00 | 0.00,0.00,0.00 | 0.00 | 0.00 | 0.00,0.00,0.00 | 0.00 | 0.00 | 0.00,0.00,0.00 | 0.00 | 0.00 | 0.00,/home/ubuntu/.rustup/toolchains/stable-aarch64-unknown-linux-gnu/lib/rustlib/src/rust/library/alloc/src/raw_vec/mod.rs,535,(null),_ZN5alloc7raw_vec20RawVecInner$LT$A$GT$14current_memory17hbf8969f73d2da585E,str x8  [sp  #0x88]
100.00,100.00 | 0.00 | 0.00 | 0.00,0.00,0.00 | 0.00 | 0.00 | 0.00,0.00,0.00 | 0.00 | 0.00 | 0.00,0.00,0.00 | 0.00 | 0.00 | 0.00,(null),0,(null),(null),(null)
100.00,100.00 | 0.00 | 0.00 | 0.00,0.00,0.00 | 0.00 | 0.00 | 0.00,0.00,0.00 | 0.00 | 0.00 | 0.00,0.00,0.00 | 0.00 | 0.00 | 0.00,/usr/include/c++/11/bits/stl_vector.h,98,"	: _M_start(), _M_finish(), _M_end_of_storage()",_GLOBAL__sub_I_file_indexer.cc,str xzr  [x3  #0x450]
100.00,100.00 | 0.00 | 0.00 | 0.00,0.00,0.00 | 0.00 | 0.00 | 0.00,0.00,0.00 | 0.00 | 0.00 | 0.00,0.00,0.00 | 0.00 | 0.00 | 0.00,/usr/include/c++/11/bits/basic_string.h,533,"      basic_string(const _CharT* __s, const _Alloc& __a = _Alloc())",_ZNSt7__cxx1112basic_stringIcSt11char_traitsIcESaIcEEC2IS3_EEPKcRKS3_.constprop.0,stp x29  x30  [sp  #-0x40]!
100.00,100.00 | 0.00 | 0.00 | 0.00,0.00,0.00 | 0.00 | 0.00 | 0.00,0.00,0.00 | 0.00 | 0.00 | 0.00,0.00,0.00 | 0.00 | 0.00 | 0.00,/usr/include/c++/11/bits/basic_string.h,533,"      basic_string(const _CharT* __s, const _Alloc& __a = _Alloc())",_ZNSt7__cxx1112basic_stringIcSt11char_traitsIcESaIcEEC2IS3_EEPKcRKS3_.constprop.0,stp x19  x20  [sp  #0x10]
100.00,100.00 | 0.00 | 0.00 | 0.00,0.00,0.00 | 0.00 | 0.00 | 0.00,0.00,0.00 | 0.00 | 0.00 | 0.00,0.00,0.00 | 0.00 | 0.00 | 0.00,/home/ubuntu/rocksdb/memory/arena.cc,145,"char* Arena::AllocateNewBlock(size_t block_bytes) {",_ZN7rocksdb5Arena16AllocateNewBlockEm,stp x21  x22  [sp  #0x20]
100.00,100.00 | 0.00 | 0.00 | 0.00,0.00,0.00 | 0.00 | 0.00 | 0.00,0.00,0.00 | 0.00 | 0.00 | 0.00,0.00,0.00 | 0.00 | 0.00 | 0.00,/home/ubuntu/rocksdb/memory/arena.cc,145,"char* Arena::AllocateNewBlock(size_t block_bytes) {",_ZN7rocksdb5Arena16AllocateNewBlockEm,str x27  [sp  #0x50]
100.00,100.00 | 0.00 | 0.00 | 0.00,0.00,0.00 | 0.00 | 0.00 | 0.00,0.00,0.00 | 0.00 | 0.00 | 0.00,0.00,0.00 | 0.00 | 0.00 | 0.00,/home/ubuntu/rocksdb/memory/arena.cc,86,"    unaligned_alloc_ptr_ = block_head + size;",_ZN7rocksdb5Arena16AllocateFallbackEmb,str x21  [x19  #0x8c0]
100.00,100.00 | 0.00 | 0.00 | 0.00,0.00,0.00 | 0.00 | 0.00 | 0.00,0.00,0.00 | 0.00 | 0.00 | 0.00,0.00,0.00 | 0.00 | 0.00 | 0.00,/usr/include/c++/11/bits/random.tcc,421,"      _M_p = 0;",_ZNSt23mersenne_twister_engineImLm64ELm312ELm156ELm31ELm13043109905998158313ELm29ELm6148914691236517205ELm17ELm8202884508482404352ELm37ELm18444473444759240704ELm43ELm6364136223846793005EE11_M_gen_randEv,str xzr  [x0  #0x9c0]
100.00,100.00 | 0.00 | 0.00 | 0.00,0.00,0.00 | 0.00 | 0.00 | 0.00,0.00,0.00 | 0.00 | 0.00 | 0.00,0.00,0.00 | 0.00 | 0.00 | 0.00,/usr/include/c++/11/bits/random.tcc,419,"      _M_x[__n - 1] = (_M_x[__m - 1] ^ (__y >> 1)",_ZNSt23mersenne_twister_engineImLm64ELm312ELm156ELm31ELm13043109905998158313ELm29ELm6148914691236517205ELm17ELm8202884508482404352ELm37ELm18444473444759240704ELm43ELm6364136223846793005EE11_M_gen_randEv,str x1  [x0  #0x9b8]
100.00,100.00 | 0.00 | 0.00 | 0.00,0.00,0.00 | 0.00 | 0.00 | 0.00,0.00,0.00 | 0.00 | 0.00 | 0.00,0.00,0.00 | 0.00 | 0.00 | 0.00,/usr/include/c++/11/bits/vector.tcc,426,"      vector<_Tp, _Alloc>::",_ZNSt6vectorISt6threadSaIS0_EE17_M_realloc_insertIJN7rocksdb29ConcurrentReadBenchmarkThreadEEEEvN9__gnu_cxx17__normal_iteratorIPS0_S2_EEDpOT_,str x0  [sp  #0x88]
100.00,100.00 | 0.00 | 0.00 | 0.00,0.00,0.00 | 0.00 | 0.00 | 0.00,0.00,0.00 | 0.00 | 0.00 | 0.00,0.00,0.00 | 0.00 | 0.00 | 0.00,???,0,???,_ZN2v88internal37Builtin_TemporalInstantPrototypeUntilEiPmPNS0_7IsolateE,mov x1  x22
100.00,100.00 | 0.00 | 0.00 | 0.00,0.00,0.00 | 0.00 | 0.00 | 0.00,0.00,0.00 | 0.00 | 0.00 | 0.00,0.00,0.00 | 0.00 | 0.00 | 0.00,???,0,???,_ZNK2v88internal4wasm8HeapType4nameB5cxx11Ev.isra.0,mov x0  x8
100.00,100.00 | 0.00 | 0.00 | 0.00,0.00,0.00 | 0.00 | 0.00 | 0.00,0.00,0.00 | 0.00 | 0.00 | 0.00,0.00,0.00 | 0.00 | 0.00 | 0.00,???,0,???,Builtins_ArrayPrototypeReverse,ldp x1  x5  [sp]  #0x10
