Type,Count,Avg_Total_Lat,Avg_Issue_Lat,Not_Taken,Mispredicted,Saturated,Location,Line Number,Line,Function,Assembly
IND,12073,241.01,240.01,0,0,0,/home/ubuntu/rocksdb/util/coding.h,109,"    if ((result & 128) == 0) {",_ZNK7rocksdb8MemTable13KeyComparatorclEPKcRKNS_5SliceE,tbz w19  #7  #0x4a3e2c
IND,12073,150.27,149.27,18,0,0,/home/ubuntu/rocksdb/db/dbformat.h,1112,"  if (r == 0) {",_ZNK7rocksdb8MemTable13KeyComparatorclEPKcRKNS_5SliceE,cbnz w0  #0x4a3dfc
IND,12093,148.92,147.92,26,25,0,/home/ubuntu/rocksdb/util/comparator.cc,160,"    return -a.compare(b);",_ZThn32_NK7rocksdb12_GLOBAL__N_122BytewiseComparatorImpl7CompareERKNS_5SliceES4_,cbnz w0  #0x716694
IND,5797,288.94,287.94,0,0,0,/home/ubuntu/rocksdb/util/coding.h,109,"    if ((result & 128) == 0) {",_ZNK7rocksdb8MemTable13KeyComparatorclEPKcRKNS_5SliceE,tbz w19  #7  #0x4a3e2c
IND,12229,133.25,132.25,0,0,0,(null),0,(null),(null),(null)
IND,12302,128.32,127.32,12300,0,0,(null),0,(null),(null),(null)
IND,10500,149.56,148.56,10500,0,0,/home/ubuntu/rocksdb/memtable/inlineskiplist.h,562,"    if (cmp == 0 || (cmp > 0 && level == 0)) {",_ZNK7rocksdb14InlineSkipListIRKNS_11MemTableRep13KeyComparatorEE18FindGreaterOrEqualEPKcPPNS5_4NodeE,cbz w0  #0x5e6da0
IND,10207,149.41,148.41,9978,224,0,/home/ubuntu/rocksdb/memtable/inlineskiplist.h,562,"    if (cmp == 0 || (cmp > 0 && level == 0)) {",_ZNK7rocksdb14InlineSkipListIRKNS_11MemTableRep13KeyComparatorEE18FindGreaterOrEqualEPKcPPNS5_4NodeE,b.eq #0x5e6da0
IND,10165,146.33,145.33,8079,2004,0,/home/ubuntu/rocksdb/memtable/inlineskiplist.h,564,"    } else if (cmp < 0) {",_ZNK7rocksdb14InlineSkipListIRKNS_11MemTableRep13KeyComparatorEE18FindGreaterOrEqualEPKcPPNS5_4NodeE,tbz w0  #0x1f  #0x5e6d00
IND,11121,98.93,97.93,10339,695,0,/home/ubuntu/rocksdb/memtable/inlineskiplist.h,560,"                  ? 1",_ZNK7rocksdb14InlineSkipListIRKNS_11MemTableRep13KeyComparatorEE18FindGreaterOrEqualEPKcPPNS5_4NodeE,b.eq #0x5e6cfc
IND,8369,128.76,127.76,171,46,0,/home/ubuntu/rocksdb/memtable/inlineskiplist.h,547,"    if (next != nullptr) {",_ZNK7rocksdb14InlineSkipListIRKNS_11MemTableRep13KeyComparatorEE18FindGreaterOrEqualEPKcPPNS5_4NodeE,cbnz x19  #0x5e6d20
IND,5733,167.84,166.84,14,0,0,/home/ubuntu/rocksdb/db/dbformat.h,1112,"  if (r == 0) {",_ZNK7rocksdb8MemTable13KeyComparatorclEPKcRKNS_5SliceE,cbnz w0  #0x4a3dfc
IND,5836,164.40,163.40,15,15,0,/home/ubuntu/rocksdb/util/comparator.cc,160,"    return -a.compare(b);",_ZThn32_NK7rocksdb12_GLOBAL__N_122BytewiseComparatorImpl7CompareERKNS_5SliceES4_,cbnz w0  #0x716694
IND,5985,156.15,155.15,0,0,0,(null),0,(null),(null),(null)
IND,5910,153.94,152.94,5910,0,0,(null),0,(null),(null),(null)
IND,4994,173.42,172.42,4878,113,0,/home/ubuntu/rocksdb/memtable/inlineskiplist.h,562,"    if (cmp == 0 || (cmp > 0 && level == 0)) {",_ZNK7rocksdb14InlineSkipListIRKNS_11MemTableRep13KeyComparatorEE18FindGreaterOrEqualEPKcPPNS5_4NodeE,b.eq #0x5e6da0
IND,4954,172.01,171.01,3997,937,0,/home/ubuntu/rocksdb/memtable/inlineskiplist.h,564,"    } else if (cmp < 0) {",_ZNK7rocksdb14InlineSkipListIRKNS_11MemTableRep13KeyComparatorEE18FindGreaterOrEqualEPKcPPNS5_4NodeE,tbz w0  #0x1f  #0x5e6d00
IND,4935,170.80,169.80,4935,0,0,/home/ubuntu/rocksdb/memtable/inlineskiplist.h,562,"    if (cmp == 0 || (cmp > 0 && level == 0)) {",_ZNK7rocksdb14InlineSkipListIRKNS_11MemTableRep13KeyComparatorEE18FindGreaterOrEqualEPKcPPNS5_4NodeE,cbz w0  #0x5e6da0
IND,5347,114.44,113.44,5000,307,0,/home/ubuntu/rocksdb/memtable/inlineskiplist.h,560,"                  ? 1",_ZNK7rocksdb14InlineSkipListIRKNS_11MemTableRep13KeyComparatorEE18FindGreaterOrEqualEPKcPPNS5_4NodeE,b.eq #0x5e6cfc
IND,4085,148.52,147.52,97,22,0,/home/ubuntu/rocksdb/memtable/inlineskiplist.h,547,"    if (next != nullptr) {",_ZNK7rocksdb14InlineSkipListIRKNS_11MemTableRep13KeyComparatorEE18FindGreaterOrEqualEPKcPPNS5_4NodeE,cbnz x19  #0x5e6d20
IND,35814,7.82,6.82,0,0,0,(null),0,(null),(null),(null)
IND,12021,19.54,18.54,12021,0,0,/home/ubuntu/rocksdb/monitoring/perf_context.cc,319,"}  // namespace ROCKSDB_NAMESPACE",__tls_init,cbz w2  #0x5f499c
IND,12027,19.16,18.16,12027,0,0,/home/ubuntu/rocksdb/db/memtable.cc,338,"}",_ZNK7rocksdb8MemTable13KeyComparatorclEPKcRKNS_5SliceE,b.ne #0x4a3e40
IND,12021,18.52,17.52,0,1,0,/home/ubuntu/rocksdb/util/user_comparator_wrapper.h,33,"    return user_comparator_->Compare(a, b);",_ZNK7rocksdb8MemTable13KeyComparatorclEPKcRKNS_5SliceE,blr x3
IND,12217,18.20,17.20,12217,0,0,/home/ubuntu/rocksdb/util/user_comparator_wrapper.h,32,"    PERF_COUNTER_ADD(user_key_comparison_count, 1);",_ZNK7rocksdb8MemTable13KeyComparatorclEPKcRKNS_5SliceE,b.ls #0x4a3db8
IND,10400,20.46,19.46,0,0,0,/home/ubuntu/rocksdb/memtable/inlineskiplist.h,561,"                  : compare_(next->Key(), key_decoded);",_ZNK7rocksdb14InlineSkipListIRKNS_11MemTableRep13KeyComparatorEE18FindGreaterOrEqualEPKcPPNS5_4NodeE,blr x3
IND,1510,124.39,123.39,1191,298,0,/home/ubuntu/rocksdb/memtable/inlineskiplist.h,529,"  return (n != nullptr) && (compare_(n->Key(), key) < 0);",_ZN7rocksdb14InlineSkipListIRKNS_11MemTableRep13KeyComparatorEE21RecomputeSpliceLevelsERKNS_5SliceEPNS5_6SpliceEi,tbz w0  #0x1f  #0x5e729c
IND,12015,14.48,13.48,0,0,0,/home/ubuntu/rocksdb/util/comparator.cc,160,"    return -a.compare(b);",_ZThn32_NK7rocksdb12_GLOBAL__N_122BytewiseComparatorImpl7CompareERKNS_5SliceES4_,ret 
IND,12035,14.19,13.19,0,0,0,/home/ubuntu/rocksdb/monitoring/perf_context.cc,172,"thread_local PerfContext perf_context;",__tls_init,ret 
IND,12049,13.87,12.87,0,0,0,/home/ubuntu/rocksdb/db/memtable.cc,338,"}",_ZNK7rocksdb8MemTable13KeyComparatorclEPKcRKNS_5SliceE,ret 
IND,12014,13.71,12.71,0,2,0,???,0,???,???,???
IND,12133,13.46,12.46,0,0,0,/home/ubuntu/rocksdb/util/user_comparator_wrapper.h,32,"    PERF_COUNTER_ADD(user_key_comparison_count, 1);",_ZNK7rocksdb8MemTable13KeyComparatorclEPKcRKNS_5SliceE,blr x1
IND,12122,13.39,12.39,0,0,0,/home/ubuntu/rocksdb/monitoring/perf_context.cc,319,"}  // namespace ROCKSDB_NAMESPACE",__tls_init,blr x2
IND,12169,12.57,11.57,0,2,0,???,0,???,???,???
IND,1702,86.63,85.63,1678,4,0,/home/ubuntu/rocksdb/memtable/inlineskiplist.h,884,"    if (next != nullptr) {",_ZN7rocksdb14InlineSkipListIRKNS_11MemTableRep13KeyComparatorEE21RecomputeSpliceLevelsERKNS_5SliceEPNS5_6SpliceEi,cbz x19  #0x5e729c
IND,11905,12.32,11.32,0,1,0,/home/ubuntu/rocksdb/util/user_comparator_wrapper.h,32,"    PERF_COUNTER_ADD(user_key_comparison_count, 1);",_ZNK7rocksdb8MemTable13KeyComparatorclEPKcRKNS_5SliceE,blr x1
IND,11860,11.54,10.54,0,0,0,/home/ubuntu/rocksdb/util/user_comparator_wrapper.h,32,"    PERF_COUNTER_ADD(user_key_comparison_count, 1);",_ZNK7rocksdb8MemTable13KeyComparatorclEPKcRKNS_5SliceE,cbz x0  #0x4a3d78
IND,17310,7.74,6.74,0,0,0,(null),0,(null),(null),(null)
IND,1483,76.98,75.98,1398,73,0,/home/ubuntu/rocksdb/memtable/inlineskiplist.h,895,"    if (next == after || !KeyIsAfterNode(key, next)) {",_ZN7rocksdb14InlineSkipListIRKNS_11MemTableRep13KeyComparatorEE21RecomputeSpliceLevelsERKNS_5SliceEPNS5_6SpliceEi,b.eq #0x5e733c
IND,5749,19.35,18.35,5749,0,0,/home/ubuntu/rocksdb/monitoring/perf_context.cc,319,"}  // namespace ROCKSDB_NAMESPACE",__tls_init,cbz w2  #0x5f499c
IND,5835,18.87,17.87,5835,0,0,/home/ubuntu/rocksdb/db/memtable.cc,338,"}",_ZNK7rocksdb8MemTable13KeyComparatorclEPKcRKNS_5SliceE,b.ne #0x4a3e40
IND,5843,18.41,17.41,0,1,0,/home/ubuntu/rocksdb/util/user_comparator_wrapper.h,33,"    return user_comparator_->Compare(a, b);",_ZNK7rocksdb8MemTable13KeyComparatorclEPKcRKNS_5SliceE,blr x3
IND,11086,9.65,8.65,0,0,0,/home/ubuntu/rocksdb/memtable/inlineskiplist.h,549,"      if (out_of_order_node && x != head_ &&",_ZNK7rocksdb14InlineSkipListIRKNS_11MemTableRep13KeyComparatorEE18FindGreaterOrEqualEPKcPPNS5_4NodeE,cbz x24  #0x5e6d58
IND,5862,18.09,17.09,5862,0,0,/home/ubuntu/rocksdb/util/user_comparator_wrapper.h,32,"    PERF_COUNTER_ADD(user_key_comparison_count, 1);",_ZNK7rocksdb8MemTable13KeyComparatorclEPKcRKNS_5SliceE,b.ls #0x4a3db8
IND,690,146.41,145.41,552,133,0,/home/ubuntu/rocksdb/memtable/inlineskiplist.h,529,"  return (n != nullptr) && (compare_(n->Key(), key) < 0);",_ZN7rocksdb14InlineSkipListIRKNS_11MemTableRep13KeyComparatorEE21RecomputeSpliceLevelsERKNS_5SliceEPNS5_6SpliceEi,tbz w0  #0x1f  #0x5e729c
IND,4781,20.26,19.26,0,0,0,/home/ubuntu/rocksdb/memtable/inlineskiplist.h,561,"                  : compare_(next->Key(), key_decoded);",_ZNK7rocksdb14InlineSkipListIRKNS_11MemTableRep13KeyComparatorEE18FindGreaterOrEqualEPKcPPNS5_4NodeE,blr x3
IND,5878,14.48,13.48,0,0,0,/home/ubuntu/rocksdb/util/comparator.cc,160,"    return -a.compare(b);",_ZThn32_NK7rocksdb12_GLOBAL__N_122BytewiseComparatorImpl7CompareERKNS_5SliceES4_,ret 
IND,5812,14.02,13.02,0,0,0,/home/ubuntu/rocksdb/monitoring/perf_context.cc,172,"thread_local PerfContext perf_context;",__tls_init,ret 
IND,754,107.74,106.74,743,0,0,/home/ubuntu/rocksdb/memtable/inlineskiplist.h,884,"    if (next != nullptr) {",_ZN7rocksdb14InlineSkipListIRKNS_11MemTableRep13KeyComparatorEE21RecomputeSpliceLevelsERKNS_5SliceEPNS5_6SpliceEi,cbz x19  #0x5e729c
IND,5931,13.38,12.38,0,2,0,/home/ubuntu/rocksdb/monitoring/perf_context.cc,319,"}  // namespace ROCKSDB_NAMESPACE",__tls_init,blr x2
IND,5749,13.53,12.53,0,0,0,???,0,???,???,???
IND,5807,13.31,12.31,0,0,0,/home/ubuntu/rocksdb/util/user_comparator_wrapper.h,32,"    PERF_COUNTER_ADD(user_key_comparison_count, 1);",_ZNK7rocksdb8MemTable13KeyComparatorclEPKcRKNS_5SliceE,blr x1
IND,5604,13.68,12.68,0,0,0,/home/ubuntu/rocksdb/db/memtable.cc,338,"}",_ZNK7rocksdb8MemTable13KeyComparatorclEPKcRKNS_5SliceE,ret 
IND,12353,6.02,5.02,0,0,0,(null),0,(null),(null),(null)
IND,11936,6.11,5.11,0,0,0,/home/ubuntu/rocksdb/util/comparator.cc,160,"    return -a.compare(b);",_ZThn32_NK7rocksdb12_GLOBAL__N_122BytewiseComparatorImpl7CompareERKNS_5SliceES4_,bl #0x245ce0
IND,5857,12.36,11.36,0,3,0,???,0,???,???,???
IND,12454,5.72,4.72,0,0,0,(null),0,(null),(null),(null)
IND,12083,5.88,4.88,0,0,0,/home/ubuntu/rocksdb/util/user_comparator_wrapper.h,32,"    PERF_COUNTER_ADD(user_key_comparison_count, 1);",_ZNK7rocksdb8MemTable13KeyComparatorclEPKcRKNS_5SliceE,bl #0x24f130
IND,5716,12.31,11.31,0,0,0,/home/ubuntu/rocksdb/util/user_comparator_wrapper.h,32,"    PERF_COUNTER_ADD(user_key_comparison_count, 1);",_ZNK7rocksdb8MemTable13KeyComparatorclEPKcRKNS_5SliceE,blr x1
IND,5754,11.60,10.60,0,0,0,/home/ubuntu/rocksdb/util/user_comparator_wrapper.h,32,"    PERF_COUNTER_ADD(user_key_comparison_count, 1);",_ZNK7rocksdb8MemTable13KeyComparatorclEPKcRKNS_5SliceE,cbz x0  #0x4a3d78
IND,12174,5.46,4.46,0,0,0,/home/ubuntu/rocksdb/util/coding.h,111,"      return p + 1;",_ZNK7rocksdb8MemTable13KeyComparatorclEPKcRKNS_5SliceE,b #0x4a3d50
IND,688,93.01,92.01,638,44,0,/home/ubuntu/rocksdb/memtable/inlineskiplist.h,895,"    if (next == after || !KeyIsAfterNode(key, next)) {",_ZN7rocksdb14InlineSkipListIRKNS_11MemTableRep13KeyComparatorEE21RecomputeSpliceLevelsERKNS_5SliceEPNS5_6SpliceEi,b.eq #0x5e733c
IND,5208,9.77,8.77,0,0,0,/home/ubuntu/rocksdb/memtable/inlineskiplist.h,549,"      if (out_of_order_node && x != head_ &&",_ZNK7rocksdb14InlineSkipListIRKNS_11MemTableRep13KeyComparatorEE18FindGreaterOrEqualEPKcPPNS5_4NodeE,cbz x24  #0x5e6d58
IND,8100,5.46,4.46,0,0,0,/home/ubuntu/rocksdb/memtable/inlineskiplist.h,564,"    } else if (cmp < 0) {",_ZNK7rocksdb14InlineSkipListIRKNS_11MemTableRep13KeyComparatorEE18FindGreaterOrEqualEPKcPPNS5_4NodeE,b #0x5e6ce8
IND,202,194.67,193.67,10,10,0,/home/ubuntu/rocksdb/memtable/inlineskiplist.h,895,"    if (next == after || !KeyIsAfterNode(key, next)) {",_ZN7rocksdb14InlineSkipListIRKNS_11MemTableRep13KeyComparatorEE21RecomputeSpliceLevelsERKNS_5SliceEPNS5_6SpliceEi,b.ne #0x5e7318
IND,5934,5.91,4.91,0,0,0,(null),0,(null),(null),(null)
IND,5770,5.92,4.92,0,0,0,/home/ubuntu/rocksdb/util/comparator.cc,160,"    return -a.compare(b);",_ZThn32_NK7rocksdb12_GLOBAL__N_122BytewiseComparatorImpl7CompareERKNS_5SliceES4_,bl #0x245ce0
IND,2775,12.31,11.31,2730,3,0,/home/ubuntu/rocksdb/memtable/inlineskiplist.h,547,"    if (next != nullptr) {",_ZNK7rocksdb14InlineSkipListIRKNS_11MemTableRep13KeyComparatorEE18FindGreaterOrEqualEPKcPPNS5_4NodeE,cbz x19  #0x5e6cfc
IND,5974,5.63,4.63,0,0,0,(null),0,(null),(null),(null)
IND,5686,5.82,4.82,0,0,0,/home/ubuntu/rocksdb/util/user_comparator_wrapper.h,32,"    PERF_COUNTER_ADD(user_key_comparison_count, 1);",_ZNK7rocksdb8MemTable13KeyComparatorclEPKcRKNS_5SliceE,bl #0x24f130
IND,1520,21.26,20.26,0,2,0,/home/ubuntu/rocksdb/memtable/inlineskiplist.h,529,"  return (n != nullptr) && (compare_(n->Key(), key) < 0);",_ZN7rocksdb14InlineSkipListIRKNS_11MemTableRep13KeyComparatorEE21RecomputeSpliceLevelsERKNS_5SliceEPNS5_6SpliceEi,blr x5
IND,5678,5.47,4.47,0,0,0,/home/ubuntu/rocksdb/util/coding.h,111,"      return p + 1;",_ZNK7rocksdb8MemTable13KeyComparatorclEPKcRKNS_5SliceE,b #0x4a3d50
IND,421,53.55,52.55,0,0,0,/home/ubuntu/rocksdb/util/random.h,58,"    if (seed_ > M) {",_ZN7rocksdb6Random12RandomStringB5cxx11Ei,b.pl #0x7216dc
IND,4001,5.43,4.43,0,0,0,/home/ubuntu/rocksdb/memtable/inlineskiplist.h,564,"    } else if (cmp < 0) {",_ZNK7rocksdb14InlineSkipListIRKNS_11MemTableRep13KeyComparatorEE18FindGreaterOrEqualEPKcPPNS5_4NodeE,b #0x5e6ce8
IND,365,57.87,56.87,361,4,0,/usr/include/c++/11/bits/random.tcc,455,"      if (_M_p >= state_size)",_ZNSt23mersenne_twister_engineImLm64ELm312ELm156ELm31ELm13043109905998158313ELm29ELm6148914691236517205ELm17ELm8202884508482404352ELm37ELm18444473444759240704ELm43ELm6364136223846793005EEclEv,b.hi #0xa808
IND,1603,11.25,10.25,1405,54,0,/home/ubuntu/rocksdb/memtable/inlineskiplist.h,888,"      if (next != nullptr && level > 0) {",_ZN7rocksdb14InlineSkipListIRKNS_11MemTableRep13KeyComparatorEE21RecomputeSpliceLevelsERKNS_5SliceEPNS5_6SpliceEi,b.le #0x5e736c
IND,1415,12.18,11.18,1397,0,0,/home/ubuntu/rocksdb/memtable/inlineskiplist.h,547,"    if (next != nullptr) {",_ZNK7rocksdb14InlineSkipListIRKNS_11MemTableRep13KeyComparatorEE18FindGreaterOrEqualEPKcPPNS5_4NodeE,cbz x19  #0x5e6cfc
IND,736,21.08,20.08,0,0,0,/home/ubuntu/rocksdb/memtable/inlineskiplist.h,529,"  return (n != nullptr) && (compare_(n->Key(), key) < 0);",_ZN7rocksdb14InlineSkipListIRKNS_11MemTableRep13KeyComparatorEE21RecomputeSpliceLevelsERKNS_5SliceEPNS5_6SpliceEi,blr x5
IND,73,210.64,209.64,3,3,0,/home/ubuntu/rocksdb/memtable/inlineskiplist.h,895,"    if (next == after || !KeyIsAfterNode(key, next)) {",_ZN7rocksdb14InlineSkipListIRKNS_11MemTableRep13KeyComparatorEE21RecomputeSpliceLevelsERKNS_5SliceEPNS5_6SpliceEi,b.ne #0x5e7318
IND,166,81.10,80.10,165,1,0,/usr/include/c++/11/bits/random.tcc,455,"      if (_M_p >= state_size)",_ZNSt23mersenne_twister_engineImLm64ELm312ELm156ELm31ELm13043109905998158313ELm29ELm6148914691236517205ELm17ELm8202884508482404352ELm37ELm18444473444759240704ELm43ELm6364136223846793005EEclEv,b.hi #0xa808
IND,794,10.93,9.93,714,16,0,/home/ubuntu/rocksdb/memtable/inlineskiplist.h,888,"      if (next != nullptr && level > 0) {",_ZN7rocksdb14InlineSkipListIRKNS_11MemTableRep13KeyComparatorEE21RecomputeSpliceLevelsERKNS_5SliceEPNS5_6SpliceEi,b.le #0x5e736c
IND,320,27.11,26.11,0,2,0,/home/ubuntu/rocksdb/memtable/memtablerep_bench.cc,322,"    table_->Get(lookup_key, &verify_args, callback);",_ZN7rocksdb19ReadBenchmarkThread7ReadOneEv,blr x4
IND,299,23.83,22.83,0,0,0,/home/ubuntu/rocksdb/memtable/memtablerep_bench.cc,181,"    switch (mode_) {",_ZN7rocksdb19ReadBenchmarkThread7ReadOneEv,b.eq #0xad88
IND,1214,5.56,4.56,0,0,0,/home/ubuntu/rocksdb/memtable/inlineskiplist.h,529,"  return (n != nullptr) && (compare_(n->Key(), key) < 0);",_ZN7rocksdb14InlineSkipListIRKNS_11MemTableRep13KeyComparatorEE21RecomputeSpliceLevelsERKNS_5SliceEPNS5_6SpliceEi,b #0x5e72e4
IND,296,21.65,20.65,0,0,0,/home/ubuntu/rocksdb/memtable/memtablerep_bench.cc,375,"    for (unsigned int i = 0; i < num_ops_; ++i) {",_ZNSt6thread11_State_implINS_8_InvokerISt5tupleIJN7rocksdb29ConcurrentReadBenchmarkThreadEEEEEE6_M_runEv,b.hi #0xb060
IND,357,17.24,16.24,357,0,0,/home/ubuntu/rocksdb/db/dbformat.cc,251,"  if (needed <= sizeof(space_)) {",_ZN7rocksdb9LookupKeyC2ERKNS_5SliceEmPS2_,b.hi #0x451f28
IND,315,18.82,17.82,0,0,0,/home/ubuntu/rocksdb/memtable/memtablerep_bench.cc,305,"                    callback_args->key->user_key())) {",_ZN7rocksdb19ReadBenchmarkThread8callbackEPvPKc,b.ne #0x8104
IND,310,18.81,17.81,12,2,0,/home/ubuntu/rocksdb/memtable/memtablerep_bench.cc,302,"    if ((callback_args->comparator)",_ZN7rocksdb19ReadBenchmarkThread8callbackEPvPKc,cbz w0  #0x80c0
IND,347,16.78,15.78,347,0,0,/home/ubuntu/rocksdb/memtable/skiplistrep.cc,93,"  }",_ZN7rocksdb12_GLOBAL__N_111SkipListRep3GetERKNS_9LookupKeyEPvPFbS5_PKcE,b.ne #0x5e5a24
IND,282,20.47,19.47,282,0,0,/home/ubuntu/rocksdb/memtable/inlineskiplist.h,544,"  const DecodedKey key_decoded = compare_.decode_key(key);",_ZNK7rocksdb14InlineSkipListIRKNS_11MemTableRep13KeyComparatorEE18FindGreaterOrEqualEPKcPPNS5_4NodeE,b.ne #0x5e6de4
IND,334,17.03,16.03,0,0,0,/home/ubuntu/rocksdb/memtable/memtablerep_bench.cc,304,"            ->Equal(Slice(key_ptr, key_length - 8),",_ZN7rocksdb19ReadBenchmarkThread8callbackEPvPKc,blr x3
IND,712,7.81,6.81,712,0,0,(null),0,(null),(null),(null)
IND,320,16.89,15.89,0,0,0,???,0,???,???,???
IND,677,7.96,6.96,629,1,0,(null),0,(null),(null),(null)
IND,655,8.10,7.10,0,0,0,(null),0,(null),(null),(null)
IND,307,17.15,16.15,307,0,0,/home/ubuntu/rocksdb/util/comparator.cc,323,"  STATIC_AVOID_DESTRUCTION(BytewiseComparatorImpl, bytewise);",_ZN7rocksdb18BytewiseComparatorEv,tbz w1  #0  #0x717780
IND,316,16.59,15.59,0,0,0,(null),0,(null),(null),(null)
IND,897,5.82,4.82,834,64,0,/home/ubuntu/rocksdb/memtable/inlineskiplist.h,562,"    if (cmp == 0 || (cmp > 0 && level == 0)) {",_ZNK7rocksdb14InlineSkipListIRKNS_11MemTableRep13KeyComparatorEE18FindGreaterOrEqualEPKcPPNS5_4NodeE,cbz w20  #0x5e6da0
IND,319,16.28,15.28,319,0,0,/home/ubuntu/rocksdb/memtable/memtablerep_bench.cc,309,"  }",_ZN7rocksdb19ReadBenchmarkThread8callbackEPvPKc,b.ne #0x8124
IND,300,16.88,15.88,300,0,0,/home/ubuntu/rocksdb/memtable/memtablerep_bench.cc,327,"  }",_ZN7rocksdb19ReadBenchmarkThread7ReadOneEv,b.ne #0xaf14
IND,340,14.45,13.45,0,0,0,/home/ubuntu/rocksdb/util/comparator.cc,325,"}",_ZN7rocksdb18BytewiseComparatorEv,ret 
IND,290,16.41,15.41,0,0,0,???,0,???,???,???
IND,309,14.96,13.96,309,0,0,/home/ubuntu/rocksdb/memtable/inlineskiplist.h,573,"}",_ZNK7rocksdb14InlineSkipListIRKNS_11MemTableRep13KeyComparatorEE18FindGreaterOrEqualEPKcPPNS5_4NodeE,b.ne #0x5e6df4
IND,641,7.19,6.19,641,0,0,(null),0,(null),(null),(null)
IND,352,12.96,11.96,352,0,0,/home/ubuntu/rocksdb/util/coding.cc,28,"  if (v < (1 << 7)) {",_ZN7rocksdb14EncodeVarint32EPcj,b.hi #0x715de8
IND,278,15.99,14.99,0,0,0,???,0,???,???,???
IND,315,13.47,12.47,0,0,0,/home/ubuntu/rocksdb/db/lookup_key.h,65,"  if (start_ != space_) delete[] start_;",_ZN7rocksdb19ReadBenchmarkThread7ReadOneEv,b.eq #0xae90
IND,275,15.25,14.25,0,0,0,/home/ubuntu/rocksdb/include/rocksdb/slice.h,277,"  return ((x.size() == y.size()) &&",_ZNK7rocksdb12_GLOBAL__N_122BytewiseComparatorImpl5EqualERKNS_5SliceES4_,b.eq #0x7162b0
IND,658,6.33,5.33,0,0,0,(null),0,(null),(null),(null)
IND,327,12.60,11.60,0,1,0,/home/ubuntu/rocksdb/memtable/memtablerep_bench.cc,327,"  }",_ZN7rocksdb19ReadBenchmarkThread7ReadOneEv,ret 
IND,354,11.56,10.56,0,0,0,/usr/include/c++/11/bits/random.tcc,466,"    }",_ZNSt23mersenne_twister_engineImLm64ELm312ELm156ELm31ELm13043109905998158313ELm29ELm6148914691236517205ELm17ELm8202884508482404352ELm37ELm18444473444759240704ELm43ELm6364136223846793005EEclEv,ret 
IND,145,27.82,26.82,0,0,0,/home/ubuntu/rocksdb/memtable/memtablerep_bench.cc,322,"    table_->Get(lookup_key, &verify_args, callback);",_ZN7rocksdb19ReadBenchmarkThread7ReadOneEv,blr x4
IND,341,11.11,10.11,0,0,0,/home/ubuntu/rocksdb/memtable/skiplistrep.cc,93,"  }",_ZN7rocksdb12_GLOBAL__N_111SkipListRep3GetERKNS_9LookupKeyEPvPFbS5_PKcE,ret 
IND,296,12.75,11.75,296,0,0,/usr/include/c++/11/bits/basic_string.h,330,"	if (this->max_size() - (this->size() - __n1) < __n2)",_ZN7rocksdb19ReadBenchmarkThread7ReadOneEv,b.ls #0xaf04
IND,220,17.15,16.15,0,0,0,/usr/include/c++/11/bits/random.tcc,401,"      for (size_t __k = 0; __k < (__n - __m); ++__k)",_ZNSt23mersenne_twister_engineImLm64ELm312ELm156ELm31ELm13043109905998158313ELm29ELm6148914691236517205ELm17ELm8202884508482404352ELm37ELm18444473444759240704ELm43ELm6364136223846793005EE11_M_gen_randEv,b.ne #0xa6f0
IND,337,11.01,10.01,0,0,0,???,0,???,???,???
IND,315,11.63,10.63,0,0,0,/home/ubuntu/rocksdb/memtable/inlineskiplist.h,573,"}",_ZNK7rocksdb14InlineSkipListIRKNS_11MemTableRep13KeyComparatorEE18FindGreaterOrEqualEPKcPPNS5_4NodeE,ret 
IND,147,24.52,23.52,0,0,0,/home/ubuntu/rocksdb/memtable/memtablerep_bench.cc,181,"    switch (mode_) {",_ZN7rocksdb19ReadBenchmarkThread7ReadOneEv,b.eq #0xad88
IND,298,11.86,10.86,0,0,0,/usr/include/c++/11/bits/basic_string.h,239,"	if (!_M_is_local())",_ZN7rocksdb19ReadBenchmarkThread7ReadOneEv,b.eq #0xaea8
IND,294,11.91,10.91,0,0,0,/home/ubuntu/rocksdb/db/dbformat.cc,269,"}",_ZN7rocksdb9LookupKeyC2ERKNS_5SliceEmPS2_,ret 
IND,311,11.23,10.23,0,0,0,(null),0,(null),(null),(null)
IND,291,11.81,10.81,13,0,0,/home/ubuntu/rocksdb/memtable/memtablerep_bench.cc,323,"    if (verify_args.found) {",_ZN7rocksdb19ReadBenchmarkThread7ReadOneEv,cbz w0  #0xae78
IND,410,8.34,7.34,0,0,0,/home/ubuntu/rocksdb/util/random.cc,48,"  for (int i = 0; i < len; i++) {",_ZN7rocksdb6Random12RandomStringB5cxx11Ei,b.gt #0x7216c0
IND,311,10.69,9.69,0,0,0,???,0,???,???,???
IND,336,9.81,8.81,336,0,0,(null),0,(null),(null),(null)
IND,296,11.07,10.07,0,0,0,/home/ubuntu/rocksdb/util/coding.h,109,"    if ((result & 128) == 0) {",_ZNK7rocksdb14InlineSkipListIRKNS_11MemTableRep13KeyComparatorEE18FindGreaterOrEqualEPKcPPNS5_4NodeE,tbz w1  #7  #0x5e6ddc
IND,331,9.77,8.77,0,0,0,/usr/include/c++/11/bits/basic_string.h,239,"	if (!_M_is_local())",_ZN7rocksdb12_GLOBAL__N_111SkipListRep3GetERKNS_9LookupKeyEPvPFbS5_PKcE,b.eq #0x5e59d4
IND,293,10.84,9.84,0,0,0,/home/ubuntu/rocksdb/util/comparator.cc,40,"  bool Equal(const Slice& a, const Slice& b) const override { return a == b; }",_ZNK7rocksdb12_GLOBAL__N_122BytewiseComparatorImpl5EqualERKNS_5SliceES4_,ret 
IND,293,10.65,9.65,0,0,0,???,0,???,???,???
IND,309,10.01,9.01,0,0,0,/home/ubuntu/rocksdb/memtable/memtablerep_bench.cc,309,"  }",_ZN7rocksdb19ReadBenchmarkThread8callbackEPvPKc,ret 
IND,297,10.38,9.38,0,0,0,(null),0,(null),(null),(null)
IND,309,9.76,8.76,0,0,0,/home/ubuntu/rocksdb/util/coding.h,109,"    if ((result & 128) == 0) {",_ZN7rocksdb19ReadBenchmarkThread8callbackEPvPKc,tbz w2  #7  #0x80f8
IND,140,21.31,20.31,0,0,0,/home/ubuntu/rocksdb/memtable/memtablerep_bench.cc,375,"    for (unsigned int i = 0; i < num_ops_; ++i) {",_ZNSt6thread11_State_implINS_8_InvokerISt5tupleIJN7rocksdb29ConcurrentReadBenchmarkThreadEEEEEE6_M_runEv,b.hi #0xb060
IND,522,5.50,4.50,0,0,0,/home/ubuntu/rocksdb/memtable/inlineskiplist.h,529,"  return (n != nullptr) && (compare_(n->Key(), key) < 0);",_ZN7rocksdb14InlineSkipListIRKNS_11MemTableRep13KeyComparatorEE21RecomputeSpliceLevelsERKNS_5SliceEPNS5_6SpliceEi,b #0x5e72e4
IND,467,6.14,5.14,435,29,0,/home/ubuntu/rocksdb/memtable/inlineskiplist.h,562,"    if (cmp == 0 || (cmp > 0 && level == 0)) {",_ZNK7rocksdb14InlineSkipListIRKNS_11MemTableRep13KeyComparatorEE18FindGreaterOrEqualEPKcPPNS5_4NodeE,cbz w20  #0x5e6da0
IND,155,18.36,17.36,13,1,0,/home/ubuntu/rocksdb/memtable/memtablerep_bench.cc,302,"    if ((callback_args->comparator)",_ZN7rocksdb19ReadBenchmarkThread8callbackEPvPKc,cbz w0  #0x80c0
IND,136,20.68,19.68,0,0,0,/home/ubuntu/rocksdb/memtable/memtablerep_bench.cc,305,"                    callback_args->key->user_key())) {",_ZN7rocksdb19ReadBenchmarkThread8callbackEPvPKc,b.ne #0x8104
IND,155,17.10,16.10,155,0,0,/home/ubuntu/rocksdb/util/comparator.cc,323,"  STATIC_AVOID_DESTRUCTION(BytewiseComparatorImpl, bytewise);",_ZN7rocksdb18BytewiseComparatorEv,tbz w1  #0  #0x717780
IND,157,16.75,15.75,157,0,0,/home/ubuntu/rocksdb/memtable/memtablerep_bench.cc,327,"  }",_ZN7rocksdb19ReadBenchmarkThread7ReadOneEv,b.ne #0xaf14
IND,138,19.00,18.00,0,1,0,???,0,???,???,???
IND,332,7.88,6.88,310,0,0,(null),0,(null),(null),(null)
IND,320,8.04,7.04,0,0,0,(null),0,(null),(null),(null)
IND,116,21.51,20.51,116,0,0,/home/ubuntu/rocksdb/memtable/inlineskiplist.h,544,"  const DecodedKey key_decoded = compare_.decode_key(key);",_ZNK7rocksdb14InlineSkipListIRKNS_11MemTableRep13KeyComparatorEE18FindGreaterOrEqualEPKcPPNS5_4NodeE,b.ne #0x5e6de4
IND,152,16.27,15.27,0,0,0,???,0,???,???,???
IND,390,6.33,5.33,350,0,0,/home/ubuntu/rocksdb/memtable/inlineskiplist.h,911,"  for (int i = recompute_level - 1; i >= 0; --i) {",_ZN7rocksdb14InlineSkipListIRKNS_11MemTableRep13KeyComparatorEE21RecomputeSpliceLevelsERKNS_5SliceEPNS5_6SpliceEi,tbnz w22  #0x1f  #0x5e7350
IND,142,17.19,16.19,142,0,0,/home/ubuntu/rocksdb/memtable/skiplistrep.cc,93,"  }",_ZN7rocksdb12_GLOBAL__N_111SkipListRep3GetERKNS_9LookupKeyEPvPFbS5_PKcE,b.ne #0x5e5a24
IND,308,7.69,6.69,307,0,0,(null),0,(null),(null),(null)
IND,156,15.15,14.15,156,0,0,/home/ubuntu/rocksdb/memtable/inlineskiplist.h,573,"}",_ZNK7rocksdb14InlineSkipListIRKNS_11MemTableRep13KeyComparatorEE18FindGreaterOrEqualEPKcPPNS5_4NodeE,b.ne #0x5e6df4
IND,283,8.23,7.23,283,0,0,/home/ubuntu/rocksdb/memtable/skiplistrep.cc,215,"      if (memtable_key != nullptr) {",_ZN7rocksdb12_GLOBAL__N_111SkipListRep3GetERKNS_9LookupKeyEPvPFbS5_PKcE,cbz x1  #0x5e5a04
IND,187,12.40,11.40,1,0,0,/usr/include/c++/11/bits/random.tcc,409,"      for (size_t __k = (__n - __m); __k < (__n - 1); ++__k)",_ZNSt23mersenne_twister_engineImLm64ELm312ELm156ELm31ELm13043109905998158313ELm29ELm6148914691236517205ELm17ELm8202884508482404352ELm37ELm18444473444759240704ELm43ELm6364136223846793005EE11_M_gen_randEv,b.ne #0xa730
IND,141,16.23,15.23,141,0,0,/home/ubuntu/rocksdb/db/dbformat.cc,251,"  if (needed <= sizeof(space_)) {",_ZN7rocksdb9LookupKeyC2ERKNS_5SliceEmPS2_,b.hi #0x451f28
IND,134,16.25,15.25,134,0,0,/home/ubuntu/rocksdb/memtable/memtablerep_bench.cc,309,"  }",_ZN7rocksdb19ReadBenchmarkThread8callbackEPvPKc,b.ne #0x8124
IND,312,6.96,5.96,0,0,0,/home/ubuntu/rocksdb/memtable/skiplistrep.cc,90,"         iter.Valid() && callback_func(callback_args, iter.key());",_ZN7rocksdb12_GLOBAL__N_111SkipListRep3GetERKNS_9LookupKeyEPvPFbS5_PKcE,blr x20
IND,127,17.01,16.01,0,0,0,/home/ubuntu/rocksdb/memtable/memtablerep_bench.cc,304,"            ->Equal(Slice(key_ptr, key_length - 8),",_ZN7rocksdb19ReadBenchmarkThread8callbackEPvPKc,blr x3
IND,139,15.50,14.50,0,0,0,/home/ubuntu/rocksdb/util/comparator.cc,325,"}",_ZN7rocksdb18BytewiseComparatorEv,ret 
IND,316,6.72,5.72,0,0,0,(null),0,(null),(null),(null)
IND,156,13.51,12.51,156,0,0,/home/ubuntu/rocksdb/util/coding.cc,28,"  if (v < (1 << 7)) {",_ZN7rocksdb14EncodeVarint32EPcj,b.hi #0x715de8
IND,131,16.02,15.02,0,0,0,(null),0,(null),(null),(null)
IND,294,6.95,5.95,294,0,0,(null),0,(null),(null),(null)
IND,169,12.08,11.08,0,0,0,/home/ubuntu/rocksdb/memtable/memtablerep_bench.cc,327,"  }",_ZN7rocksdb19ReadBenchmarkThread7ReadOneEv,ret 
IND,322,6.28,5.28,0,0,0,/home/ubuntu/rocksdb/db/dbformat.cc,262,"  if (nullptr != ts) {",_ZN7rocksdb9LookupKeyC2ERKNS_5SliceEmPS2_,cbz x21  #0x451efc
IND,130,15.29,14.29,0,0,0,/home/ubuntu/rocksdb/include/rocksdb/slice.h,277,"  return ((x.size() == y.size()) &&",_ZNK7rocksdb12_GLOBAL__N_122BytewiseComparatorImpl5EqualERKNS_5SliceES4_,b.eq #0x7162b0
IND,359,5.51,4.51,0,0,0,/home/ubuntu/rocksdb/util/coding.cc,50,"}",_ZN7rocksdb14EncodeVarint32EPcj,ret 
IND,121,16.15,15.15,0,0,0,???,0,???,???,???
IND,307,6.35,5.35,307,0,0,(null),0,(null),(null),(null)
IND,126,15.45,14.45,0,1,0,???,0,???,???,???
IND,165,11.79,10.79,0,0,0,/usr/include/c++/11/bits/basic_string.h,239,"	if (!_M_is_local())",_ZN7rocksdb19ReadBenchmarkThread7ReadOneEv,b.eq #0xaea8
IND,290,6.68,5.68,290,0,0,(null),0,(null),(null),(null)
IND,153,12.63,11.63,0,0,0,/home/ubuntu/rocksdb/db/dbformat.cc,269,"}",_ZN7rocksdb9LookupKeyC2ERKNS_5SliceEmPS2_,ret 
IND,328,5.81,4.81,328,0,0,/home/ubuntu/rocksdb/memtable/memtablerep_bench.cc,299,"    assert(callback_args != nullptr);",_ZN7rocksdb19ReadBenchmarkThread8callbackEPvPKc,cbz x19  #0x8128
IND,317,5.78,4.78,317,0,0,/home/ubuntu/rocksdb/memtable/skiplistrep.cc,90,"         iter.Valid() && callback_func(callback_args, iter.key());",_ZN7rocksdb12_GLOBAL__N_111SkipListRep3GetERKNS_9LookupKeyEPvPFbS5_PKcE,b.ne #0x5e5988
IND,328,5.57,4.57,0,0,0,/usr/aarch64-linux-gnu/include/bits/string_fortified.h,29,"  return __builtin___memcpy_chk (__dest, __src, __len,",_ZN7rocksdb9LookupKeyC2ERKNS_5SliceEmPS2_,bl #0x2419e0
IND,338,5.35,4.35,0,0,0,/home/ubuntu/rocksdb/db/dbformat.cc,248,"  size_t ts_sz = (nullptr == ts) ? 0 : ts->size();",_ZN7rocksdb9LookupKeyC2ERKNS_5SliceEmPS2_,b #0x451eac
IND,329,5.49,4.49,0,0,0,/home/ubuntu/rocksdb/memtable/memtablerep_bench.cc,316,"    InternalKeyComparator internal_key_comp(BytewiseComparator());",_ZN7rocksdb19ReadBenchmarkThread7ReadOneEv,bl #0x4740
IND,314,5.60,4.60,0,0,0,(null),0,(null),(null),(null)
IND,140,12.49,11.49,140,0,0,/usr/include/c++/11/bits/basic_string.h,330,"	if (this->max_size() - (this->size() - __n1) < __n2)",_ZN7rocksdb19ReadBenchmarkThread7ReadOneEv,b.ls #0xaf04
IND,317,5.51,4.51,0,0,0,/home/ubuntu/rocksdb/memtable/skiplistrep.cc,90,"         iter.Valid() && callback_func(callback_args, iter.key());",_ZN7rocksdb12_GLOBAL__N_111SkipListRep3GetERKNS_9LookupKeyEPvPFbS5_PKcE,cbnz x0  #0x5e5998
IND,307,5.68,4.68,0,0,0,/home/ubuntu/rocksdb/memtable/memtablerep_bench.cc,376,"      ReadOne();",_ZNSt6thread11_State_implINS_8_InvokerISt5tupleIJN7rocksdb29ConcurrentReadBenchmarkThreadEEEEEE6_M_runEv,bl #0xad30
IND,154,11.29,10.29,0,0,0,/usr/include/c++/11/bits/random.tcc,466,"    }",_ZNSt23mersenne_twister_engineImLm64ELm312ELm156ELm31ELm13043109905998158313ELm29ELm6148914691236517205ELm17ELm8202884508482404352ELm37ELm18444473444759240704ELm43ELm6364136223846793005EEclEv,ret 
IND,144,11.99,10.99,0,0,0,/home/ubuntu/rocksdb/memtable/inlineskiplist.h,573,"}",_ZNK7rocksdb14InlineSkipListIRKNS_11MemTableRep13KeyComparatorEE18FindGreaterOrEqualEPKcPPNS5_4NodeE,ret 
IND,147,11.61,10.61,0,0,0,(null),0,(null),(null),(null)
IND,323,5.26,4.26,0,0,0,/home/ubuntu/rocksdb/util/coding.h,111,"      return p + 1;",_ZN7rocksdb19ReadBenchmarkThread8callbackEPvPKc,b #0x8048
IND,157,10.63,9.63,0,0,0,/home/ubuntu/rocksdb/util/comparator.cc,40,"  bool Equal(const Slice& a, const Slice& b) const override { return a == b; }",_ZNK7rocksdb12_GLOBAL__N_122BytewiseComparatorImpl5EqualERKNS_5SliceES4_,ret 
IND,257,6.31,5.31,0,0,0,(null),0,(null),(null),(null)
IND,322,5.02,4.02,0,0,0,/home/ubuntu/rocksdb/include/rocksdb/slice.h,278,"          (memcmp(x.data(), y.data(), x.size()) == 0));",_ZNK7rocksdb12_GLOBAL__N_122BytewiseComparatorImpl5EqualERKNS_5SliceES4_,bl #0x245ce0
IND,314,5.11,4.11,0,0,0,/home/ubuntu/rocksdb/db/dbformat.cc,258,"  dst = EncodeVarint32(dst, static_cast<uint32_t>(usize + ts_sz + 8));",_ZN7rocksdb9LookupKeyC2ERKNS_5SliceEmPS2_,bl #0x243370
IND,136,11.74,10.74,18,0,0,/home/ubuntu/rocksdb/memtable/memtablerep_bench.cc,323,"    if (verify_args.found) {",_ZN7rocksdb19ReadBenchmarkThread7ReadOneEv,cbz w0  #0xae78
IND,310,5.10,4.10,0,0,0,/usr/include/c++/11/bits/basic_string.h,1246,"	return _M_append(__s, __n);",_ZN7rocksdb19ReadBenchmarkThread7ReadOneEv,bl #0x47a0
IND,311,5.07,4.07,0,0,0,/home/ubuntu/rocksdb/util/coding.h,111,"      return p + 1;",_ZNK7rocksdb14InlineSkipListIRKNS_11MemTableRep13KeyComparatorEE18FindGreaterOrEqualEPKcPPNS5_4NodeE,b #0x5e6cd4
IND,116,13.57,12.57,0,0,0,/home/ubuntu/rocksdb/db/lookup_key.h,65,"  if (start_ != space_) delete[] start_;",_ZN7rocksdb19ReadBenchmarkThread7ReadOneEv,b.eq #0xae90
IND,298,5.27,4.27,0,0,0,/home/ubuntu/rocksdb/util/random.h,157,"  uint64_t Next() { return generator_(); }",_ZN7rocksdb19ReadBenchmarkThread7ReadOneEv,bl #0xa7a0
IND,160,9.76,8.76,0,0,0,/home/ubuntu/rocksdb/util/coding.h,109,"    if ((result & 128) == 0) {",_ZN7rocksdb19ReadBenchmarkThread8callbackEPvPKc,tbz w2  #7  #0x80f8
IND,302,5.13,4.13,0,0,0,/home/ubuntu/rocksdb/memtable/inlineskiplist.h,453,"  node_ = list_->FindGreaterOrEqual(target, nullptr);",_ZN7rocksdb12_GLOBAL__N_111SkipListRep3GetERKNS_9LookupKeyEPvPFbS5_PKcE,bl #0x24cc90
IND,143,10.78,9.78,0,0,0,???,0,???,???,???
IND,297,5.14,4.14,0,0,0,/home/ubuntu/rocksdb/memtable/memtablerep_bench.cc,315,"    LookupKey lookup_key(user_key, *sequence_);",_ZN7rocksdb19ReadBenchmarkThread7ReadOneEv,bl #0x4ab0
IND,51,29.80,28.80,51,0,0,/home/ubuntu/rocksdb/memtable/inlineskiplist.h,977,"      if (splice->prev_[recompute_height]->Next(recompute_height) !=",_ZN7rocksdb14InlineSkipListIRKNS_11MemTableRep13KeyComparatorEE6InsertILb0EEEbPKcPNS5_6SpliceEb,b.ne #0x5e7510
IND,142,10.70,9.70,0,0,0,???,0,???,???,???
IND,300,5.05,4.05,0,0,0,/home/ubuntu/rocksdb/db/dbformat.cc,248,"  size_t ts_sz = (nullptr == ts) ? 0 : ts->size();",_ZN7rocksdb9LookupKeyC2ERKNS_5SliceEmPS2_,cbz x3  #0x451f30
IND,147,10.23,9.23,0,0,0,(null),0,(null),(null),(null)
IND,54,27.83,26.83,54,0,0,/home/ubuntu/rocksdb/memtable/inlineskiplist.h,922,"  const DecodedKey key_decoded = compare_.decode_key(key);",_ZN7rocksdb14InlineSkipListIRKNS_11MemTableRep13KeyComparatorEE6InsertILb0EEEbPKcPNS5_6SpliceEb,b.ne #0x5e77c4
IND,52,27.88,26.88,0,0,0,/home/ubuntu/rocksdb/memtable/memtablerep_bench.cc,242,"    KeyHandle handle = table_->Allocate(encoded_len, &buf);",_ZN7rocksdb19FillBenchmarkThread7FillOneEv,blr x3
IND,52,27.63,26.63,0,0,0,/home/ubuntu/rocksdb/memtable/inlineskiplist.h,1077,"      if (UNLIKELY(i == 0 && splice->prev_[i] != head_ &&",_ZN7rocksdb14InlineSkipListIRKNS_11MemTableRep13KeyComparatorEE6InsertILb0EEEbPKcPNS5_6SpliceEb,tbnz w0  #0x1f  #0x5e7714
IND,41,34.85,33.85,0,0,0,/home/ubuntu/rocksdb/memtable/memtablerep_bench.cc,280,"    while ((*threads_done_).load() < (FLAGS_num_threads - 1)) {",_ZNSt6thread11_State_implINS_8_InvokerISt5tupleIJN7rocksdb29ConcurrentFillBenchmarkThreadEEEEEE6_M_runEv,b.lt #0xacfc
IND,137,10.40,9.40,0,0,0,/home/ubuntu/rocksdb/util/coding.h,109,"    if ((result & 128) == 0) {",_ZNK7rocksdb14InlineSkipListIRKNS_11MemTableRep13KeyComparatorEE18FindGreaterOrEqualEPKcPPNS5_4NodeE,tbz w1  #7  #0x5e6ddc
IND,83,16.19,15.19,0,0,0,/usr/include/c++/11/bits/random.tcc,401,"      for (size_t __k = 0; __k < (__n - __m); ++__k)",_ZNSt23mersenne_twister_engineImLm64ELm312ELm156ELm31ELm13043109905998158313ELm29ELm6148914691236517205ELm17ELm8202884508482404352ELm37ELm18444473444759240704ELm43ELm6364136223846793005EE11_M_gen_randEv,b.ne #0xa6f0
IND,145,9.23,8.23,145,0,0,(null),0,(null),(null),(null)
IND,137,9.60,8.60,0,0,0,/usr/include/c++/11/bits/basic_string.h,239,"	if (!_M_is_local())",_ZN7rocksdb12_GLOBAL__N_111SkipListRep3GetERKNS_9LookupKeyEPvPFbS5_PKcE,b.eq #0x5e59d4
IND,52,24.77,23.77,52,0,0,/home/ubuntu/rocksdb/memtable/inlineskiplist.h,989,"      } else if (splice->prev_[recompute_height] != head_ &&",_ZN7rocksdb14InlineSkipListIRKNS_11MemTableRep13KeyComparatorEE6InsertILb0EEEbPKcPNS5_6SpliceEb,b.eq #0x5e75a4
IND,48,26.40,25.40,0,0,0,/home/ubuntu/rocksdb/memtable/inlineskiplist.h,529,"  return (n != nullptr) && (compare_(n->Key(), key) < 0);",_ZN7rocksdb14InlineSkipListIRKNS_11MemTableRep13KeyComparatorEE6InsertILb0EEEbPKcPNS5_6SpliceEb,blr x3
IND,122,10.25,9.25,0,0,0,/home/ubuntu/rocksdb/memtable/memtablerep_bench.cc,309,"  }",_ZN7rocksdb19ReadBenchmarkThread8callbackEPvPKc,ret 
IND,189,6.40,5.40,170,0,0,/home/ubuntu/rocksdb/memtable/inlineskiplist.h,911,"  for (int i = recompute_level - 1; i >= 0; --i) {",_ZN7rocksdb14InlineSkipListIRKNS_11MemTableRep13KeyComparatorEE21RecomputeSpliceLevelsERKNS_5SliceEPNS5_6SpliceEi,tbnz w22  #0x1f  #0x5e7350
IND,110,10.96,9.96,0,0,0,/home/ubuntu/rocksdb/memtable/skiplistrep.cc,93,"  }",_ZN7rocksdb12_GLOBAL__N_111SkipListRep3GetERKNS_9LookupKeyEPvPFbS5_PKcE,ret 
IND,50,24.12,23.12,50,0,0,/home/ubuntu/rocksdb/memtable/memtablerep_bench.cc,256,"  }",_ZN7rocksdb19FillBenchmarkThread7FillOneEv,b.ne #0xaa10
IND,140,8.56,7.56,140,0,0,/home/ubuntu/rocksdb/memtable/skiplistrep.cc,215,"      if (memtable_key != nullptr) {",_ZN7rocksdb12_GLOBAL__N_111SkipListRep3GetERKNS_9LookupKeyEPvPFbS5_PKcE,cbz x1  #0x5e5a04
IND,72,16.14,15.14,53,19,0,/home/ubuntu/rocksdb/memtable/inlineskiplist.h,505,"  while (height < kMaxHeight_ && height < kMaxPossibleHeight &&",_ZN7rocksdb12_GLOBAL__N_111SkipListRep8AllocateEmPPc,b.lo #0x5e4b08
IND,51,22.63,21.63,0,0,0,/home/ubuntu/rocksdb/memtable/inlineskiplist.h,799,"  char* raw = allocator_->AllocateAligned(prefix + sizeof(Node) + key_size);",_ZN7rocksdb12_GLOBAL__N_111SkipListRep8AllocateEmPPc,blr x4
IND,88,12.75,11.75,1,0,0,/usr/include/c++/11/bits/random.tcc,409,"      for (size_t __k = (__n - __m); __k < (__n - 1); ++__k)",_ZNSt23mersenne_twister_engineImLm64ELm312ELm156ELm31ELm13043109905998158313ELm29ELm6148914691236517205ELm17ELm8202884508482404352ELm37ELm18444473444759240704ELm43ELm6364136223846793005EE11_M_gen_randEv,b.ne #0xa730
IND,47,23.70,22.70,47,0,0,/home/ubuntu/rocksdb/memtable/inlineskiplist.h,939,"  if (splice->height_ < max_height) {",_ZN7rocksdb14InlineSkipListIRKNS_11MemTableRep13KeyComparatorEE6InsertILb0EEEbPKcPNS5_6SpliceEb,b.lt #0x5e771c
IND,49,22.43,21.43,0,0,0,/home/ubuntu/rocksdb/memtable/inlineskiplist.h,1077,"      if (UNLIKELY(i == 0 && splice->prev_[i] != head_ &&",_ZN7rocksdb14InlineSkipListIRKNS_11MemTableRep13KeyComparatorEE6InsertILb0EEEbPKcPNS5_6SpliceEb,b.ne #0x5e7778
IND,35,31.26,30.26,1,1,0,(null),0,(null),(null),(null)
IND,50,21.66,20.66,50,0,0,/home/ubuntu/rocksdb/memtable/inlineskiplist.h,529,"  return (n != nullptr) && (compare_(n->Key(), key) < 0);",_ZN7rocksdb14InlineSkipListIRKNS_11MemTableRep13KeyComparatorEE6InsertILb0EEEbPKcPNS5_6SpliceEb,cbz x1  #0x5e7574
IND,163,6.56,5.56,163,0,0,(null),0,(null),(null),(null)
IND,163,6.41,5.41,163,0,0,(null),0,(null),(null),(null)
IND,156,6.61,5.61,0,1,0,/home/ubuntu/rocksdb/memtable/skiplistrep.cc,90,"         iter.Valid() && callback_func(callback_args, iter.key());",_ZN7rocksdb12_GLOBAL__N_111SkipListRep3GetERKNS_9LookupKeyEPvPFbS5_PKcE,blr x20
IND,47,21.85,20.85,0,0,0,/home/ubuntu/rocksdb/memtable/inlineskiplist.h,1077,"      if (UNLIKELY(i == 0 && splice->prev_[i] != head_ &&",_ZN7rocksdb14InlineSkipListIRKNS_11MemTableRep13KeyComparatorEE6InsertILb0EEEbPKcPNS5_6SpliceEb,blr x3
IND,55,18.55,17.55,0,0,0,/home/ubuntu/rocksdb/memtable/inlineskiplist.h,927,"  while (height > max_height) {",_ZN7rocksdb14InlineSkipListIRKNS_11MemTableRep13KeyComparatorEE6InsertILb0EEEbPKcPNS5_6SpliceEb,b.le #0x5e74e8
IND,39,26.10,25.10,0,0,0,/home/ubuntu/rocksdb/memtable/memtablerep_bench.cc,254,"    table_->Insert(handle);",_ZN7rocksdb19FillBenchmarkThread7FillOneEv,blr x2
IND,43,23.47,22.47,0,0,0,/home/ubuntu/rocksdb/memtable/inlineskiplist.h,1072,"      if (UNLIKELY(i == 0 && splice->next_[i] != nullptr &&",_ZN7rocksdb14InlineSkipListIRKNS_11MemTableRep13KeyComparatorEE6InsertILb0EEEbPKcPNS5_6SpliceEb,b.gt #0x5e7700
IND,55,18.18,17.18,0,0,0,/home/ubuntu/rocksdb/memtable/inlineskiplist.h,1072,"      if (UNLIKELY(i == 0 && splice->next_[i] != nullptr &&",_ZN7rocksdb14InlineSkipListIRKNS_11MemTableRep13KeyComparatorEE6InsertILb0EEEbPKcPNS5_6SpliceEb,cbnz x1  #0x5e779c
IND,51,19.12,18.12,51,0,0,/home/ubuntu/rocksdb/util/random.cc,34,"}",_ZN7rocksdb6Random14GetTLSInstanceEv,b.ne #0x721594
IND,47,20.43,19.43,47,0,0,/home/ubuntu/rocksdb/memtable/inlineskiplist.h,1115,"}",_ZN7rocksdb14InlineSkipListIRKNS_11MemTableRep13KeyComparatorEE6InsertILb0EEEbPKcPNS5_6SpliceEb,b.ne #0x5e77dc
IND,146,6.51,5.51,0,0,0,(null),0,(null),(null),(null)
IND,155,6.10,5.10,0,0,0,/home/ubuntu/rocksdb/db/dbformat.cc,262,"  if (nullptr != ts) {",_ZN7rocksdb9LookupKeyC2ERKNS_5SliceEmPS2_,cbz x21  #0x451efc
IND,60,15.32,14.32,0,0,0,???,0,???,???,???
IND,151,6.05,5.05,151,0,0,/home/ubuntu/rocksdb/memtable/memtablerep_bench.cc,299,"    assert(callback_args != nullptr);",_ZN7rocksdb19ReadBenchmarkThread8callbackEPvPKc,cbz x19  #0x8128
IND,160,5.44,4.44,0,0,0,/home/ubuntu/rocksdb/util/coding.cc,50,"}",_ZN7rocksdb14EncodeVarint32EPcj,ret 
IND,153,5.62,4.62,0,0,0,/home/ubuntu/rocksdb/memtable/memtablerep_bench.cc,316,"    InternalKeyComparator internal_key_comp(BytewiseComparator());",_ZN7rocksdb19ReadBenchmarkThread7ReadOneEv,bl #0x4740
IND,53,15.70,14.70,53,0,0,/home/ubuntu/rocksdb/util/random.cc,28,"  if (UNLIKELY(rv == nullptr)) {",_ZN7rocksdb6Random14GetTLSInstanceEv,cbz x0  #0x721558
IND,157,5.27,4.27,0,0,0,/home/ubuntu/rocksdb/util/random.h,157,"  uint64_t Next() { return generator_(); }",_ZN7rocksdb19ReadBenchmarkThread7ReadOneEv,bl #0xa7a0
IND,68,12.10,11.10,53,15,0,/home/ubuntu/rocksdb/memtable/inlineskiplist.h,1065,"    for (int i = 0; i < height; ++i) {",_ZN7rocksdb14InlineSkipListIRKNS_11MemTableRep13KeyComparatorEE6InsertILb0EEEbPKcPNS5_6SpliceEb,b.ne #0x5e75e8
IND,57,14.39,13.39,57,0,0,/home/ubuntu/rocksdb/memtable/memtablerep_bench.cc,151,"    assert(len <= data_.size());",_ZN7rocksdb19FillBenchmarkThread7FillOneEv,b.hi #0xa9d0
IND,48,16.81,15.81,0,0,0,/home/ubuntu/rocksdb/memtable/inlineskiplist.h,1115,"}",_ZN7rocksdb14InlineSkipListIRKNS_11MemTableRep13KeyComparatorEE6InsertILb0EEEbPKcPNS5_6SpliceEb,ret 
IND,51,15.61,14.61,0,0,0,???,0,???,???,???
IND,138,5.76,4.76,0,0,0,/usr/aarch64-linux-gnu/include/bits/string_fortified.h,29,"  return __builtin___memcpy_chk (__dest, __src, __len,",_ZN7rocksdb9LookupKeyC2ERKNS_5SliceEmPS2_,bl #0x2419e0
IND,138,5.73,4.73,0,0,0,/home/ubuntu/rocksdb/memtable/memtablerep_bench.cc,376,"      ReadOne();",_ZNSt6thread11_State_implINS_8_InvokerISt5tupleIJN7rocksdb29ConcurrentReadBenchmarkThreadEEEEEE6_M_runEv,bl #0xad30
IND,139,5.65,4.65,139,0,0,/home/ubuntu/rocksdb/memtable/skiplistrep.cc,90,"         iter.Valid() && callback_func(callback_args, iter.key());",_ZN7rocksdb12_GLOBAL__N_111SkipListRep3GetERKNS_9LookupKeyEPvPFbS5_PKcE,b.ne #0x5e5988
IND,154,5.10,4.10,0,0,0,/home/ubuntu/rocksdb/util/coding.h,111,"      return p + 1;",_ZNK7rocksdb14InlineSkipListIRKNS_11MemTableRep13KeyComparatorEE18FindGreaterOrEqualEPKcPPNS5_4NodeE,b #0x5e6cd4
IND,140,5.59,4.59,0,0,0,(null),0,(null),(null),(null)
IND,153,5.11,4.11,0,0,0,/home/ubuntu/rocksdb/db/dbformat.cc,248,"  size_t ts_sz = (nullptr == ts) ? 0 : ts->size();",_ZN7rocksdb9LookupKeyC2ERKNS_5SliceEmPS2_,cbz x3  #0x451f30
IND,35,22.34,21.34,0,0,0,/home/ubuntu/rocksdb/memtable/inlineskiplist.h,1077,"      if (UNLIKELY(i == 0 && splice->prev_[i] != head_ &&",_ZN7rocksdb14InlineSkipListIRKNS_11MemTableRep13KeyComparatorEE6InsertILb0EEEbPKcPNS5_6SpliceEb,b.ne #0x5e7778
IND,40,19.50,18.50,0,0,0,/home/ubuntu/rocksdb/memtable/inlineskiplist.h,1072,"      if (UNLIKELY(i == 0 && splice->next_[i] != nullptr &&",_ZN7rocksdb14InlineSkipListIRKNS_11MemTableRep13KeyComparatorEE6InsertILb0EEEbPKcPNS5_6SpliceEb,blr x3
IND,152,5.12,4.12,0,0,0,/home/ubuntu/rocksdb/memtable/inlineskiplist.h,453,"  node_ = list_->FindGreaterOrEqual(target, nullptr);",_ZN7rocksdb12_GLOBAL__N_111SkipListRep3GetERKNS_9LookupKeyEPvPFbS5_PKcE,bl #0x24cc90
IND,51,15.02,14.02,0,0,0,/home/ubuntu/rocksdb/util/coding.h,109,"    if ((result & 128) == 0) {",_ZN7rocksdb14InlineSkipListIRKNS_11MemTableRep13KeyComparatorEE6InsertILb0EEEbPKcPNS5_6SpliceEb,tbz w0  #7  #0x5e773c
IND,141,5.30,4.30,0,0,0,/home/ubuntu/rocksdb/db/dbformat.cc,248,"  size_t ts_sz = (nullptr == ts) ? 0 : ts->size();",_ZN7rocksdb9LookupKeyC2ERKNS_5SliceEmPS2_,b #0x451eac
IND,2,369.50,368.50,2,0,0,(null),0,(null),(null),(null)
IND,54,13.56,12.56,0,0,0,/home/ubuntu/rocksdb/memtable/skiplistrep.cc,38,"  }",_ZN7rocksdb12_GLOBAL__N_111SkipListRep8AllocateEmPPc,ret 
IND,43,16.93,15.93,0,0,0,/home/ubuntu/rocksdb/memtable/memtablerep_bench.cc,256,"  }",_ZN7rocksdb19FillBenchmarkThread7FillOneEv,ret 
IND,142,5.09,4.09,0,0,0,/home/ubuntu/rocksdb/db/dbformat.cc,258,"  dst = EncodeVarint32(dst, static_cast<uint32_t>(usize + ts_sz + 8));",_ZN7rocksdb9LookupKeyC2ERKNS_5SliceEmPS2_,bl #0x243370
IND,139,5.14,4.14,0,0,0,/usr/include/c++/11/bits/basic_string.h,1246,"	return _M_append(__s, __n);",_ZN7rocksdb19ReadBenchmarkThread7ReadOneEv,bl #0x47a0
IND,132,5.37,4.37,0,0,0,/home/ubuntu/rocksdb/memtable/skiplistrep.cc,90,"         iter.Valid() && callback_func(callback_args, iter.key());",_ZN7rocksdb12_GLOBAL__N_111SkipListRep3GetERKNS_9LookupKeyEPvPFbS5_PKcE,cbnz x0  #0x5e5998
IND,46,15.00,14.00,1,1,0,/home/ubuntu/rocksdb/memory/arena.cc,133,"  if (needed <= alloc_bytes_remaining_) {",_ZN7rocksdb5Arena15AllocateAlignedEmmPNS_6LoggerE,b.hs #0x5dc1cc
IND,136,5.02,4.02,0,0,0,/home/ubuntu/rocksdb/include/rocksdb/slice.h,278,"          (memcmp(x.data(), y.data(), x.size()) == 0));",_ZNK7rocksdb12_GLOBAL__N_122BytewiseComparatorImpl5EqualERKNS_5SliceES4_,bl #0x245ce0
IND,132,5.17,4.17,0,0,0,/home/ubuntu/rocksdb/util/coding.h,111,"      return p + 1;",_ZN7rocksdb19ReadBenchmarkThread8callbackEPvPKc,b #0x8048
IND,43,15.47,14.47,0,0,0,/home/ubuntu/rocksdb/memtable/memtablerep_bench.cc,181,"    switch (mode_) {",_ZN7rocksdb19FillBenchmarkThread7FillOneEv,b.eq #0xa8b8
IND,39,16.87,15.87,39,0,0,/home/ubuntu/rocksdb/memtable/memtablerep_bench.cc,243,"    assert(buf != nullptr);",_ZN7rocksdb19FillBenchmarkThread7FillOneEv,cbz x1  #0xaa14
IND,27,24.19,23.19,0,0,0,/home/ubuntu/rocksdb/memtable/inlineskiplist.h,1072,"      if (UNLIKELY(i == 0 && splice->next_[i] != nullptr &&",_ZN7rocksdb14InlineSkipListIRKNS_11MemTableRep13KeyComparatorEE6InsertILb0EEEbPKcPNS5_6SpliceEb,b.gt #0x5e7700
IND,126,5.17,4.17,0,0,0,/home/ubuntu/rocksdb/memtable/memtablerep_bench.cc,315,"    LookupKey lookup_key(user_key, *sequence_);",_ZN7rocksdb19ReadBenchmarkThread7ReadOneEv,bl #0x4ab0
IND,23,27.91,26.91,0,0,0,/home/ubuntu/rocksdb/memtable/memtablerep_bench.cc,242,"    KeyHandle handle = table_->Allocate(encoded_len, &buf);",_ZN7rocksdb19FillBenchmarkThread7FillOneEv,blr x3
IND,22,29.05,28.05,0,0,0,/home/ubuntu/rocksdb/memtable/inlineskiplist.h,1077,"      if (UNLIKELY(i == 0 && splice->prev_[i] != head_ &&",_ZN7rocksdb14InlineSkipListIRKNS_11MemTableRep13KeyComparatorEE6InsertILb0EEEbPKcPNS5_6SpliceEb,tbnz w0  #0x1f  #0x5e7714
IND,51,12.51,11.51,0,0,0,/home/ubuntu/rocksdb/memory/arena.cc,110,"  if (MemMapping::kHugePageSupported && hugetlb_size_ > 0 &&",_ZN7rocksdb5Arena15AllocateAlignedEmmPNS_6LoggerE,cbz x5  #0x5dc1b0
IND,42,15.12,14.12,42,0,0,/home/ubuntu/rocksdb/memtable/memtablerep_bench.cc,152,"    if (pos_ + len > data_.size()) {",_ZN7rocksdb19FillBenchmarkThread7FillOneEv,b.lo #0xa928
IND,23,27.30,26.30,23,0,0,/home/ubuntu/rocksdb/memtable/inlineskiplist.h,922,"  const DecodedKey key_decoded = compare_.decode_key(key);",_ZN7rocksdb14InlineSkipListIRKNS_11MemTableRep13KeyComparatorEE6InsertILb0EEEbPKcPNS5_6SpliceEb,b.ne #0x5e77c4
IND,37,16.89,15.89,37,0,0,/home/ubuntu/rocksdb/memory/arena.cc,143,"}",_ZN7rocksdb5Arena15AllocateAlignedEmmPNS_6LoggerE,b.ne #0x5dc2d8
IND,21,29.67,28.67,0,0,0,src/hotline/fname_map.c,218,(null),va_to_file_offset,b.ne #0x2d34c0
IND,71,8.68,7.68,71,0,0,/home/ubuntu/rocksdb/memtable/inlineskiplist.h,1066,"      if (i >= recompute_height &&",_ZN7rocksdb14InlineSkipListIRKNS_11MemTableRep13KeyComparatorEE6InsertILb0EEEbPKcPNS5_6SpliceEb,b.le #0x5e7678
IND,42,14.64,13.64,0,0,0,/home/ubuntu/rocksdb/memtable/inlineskiplist.h,976,"    while (recompute_height < max_height) {",_ZN7rocksdb14InlineSkipListIRKNS_11MemTableRep13KeyComparatorEE6InsertILb0EEEbPKcPNS5_6SpliceEb,b.gt #0x5e751c
IND,49,12.55,11.55,0,0,0,???,0,???,???,???
IND,29,20.59,19.59,29,0,0,/home/ubuntu/rocksdb/db/dbformat.h,1118,"    if (anum > bnum) {",_ZNK7rocksdb8MemTable13KeyComparatorclEPKcRKNS_5SliceE,b.hi #0x4a3e38
IND,52,11.29,10.29,0,0,0,/home/ubuntu/rocksdb/memory/arena.cc,143,"}",_ZN7rocksdb5Arena15AllocateAlignedEmmPNS_6LoggerE,ret 
IND,20,29.30,28.30,20,0,0,/home/ubuntu/rocksdb/memtable/inlineskiplist.h,977,"      if (splice->prev_[recompute_height]->Next(recompute_height) !=",_ZN7rocksdb14InlineSkipListIRKNS_11MemTableRep13KeyComparatorEE6InsertILb0EEEbPKcPNS5_6SpliceEb,b.ne #0x5e7510
IND,23,25.35,24.35,23,0,0,/home/ubuntu/rocksdb/memtable/memtablerep_bench.cc,256,"  }",_ZN7rocksdb19FillBenchmarkThread7FillOneEv,b.ne #0xaa10
IND,34,16.97,15.97,27,7,0,/home/ubuntu/rocksdb/memtable/inlineskiplist.h,505,"  while (height < kMaxHeight_ && height < kMaxPossibleHeight &&",_ZN7rocksdb12_GLOBAL__N_111SkipListRep8AllocateEmPPc,b.lo #0x5e4b08
IND,46,12.41,11.41,0,0,0,???,0,???,???,???
IND,3,189.00,188.00,3,0,0,(null),0,(null),(null),(null)
IND,29,19.41,18.41,17,13,0,/home/ubuntu/rocksdb/memtable/inlineskiplist.h,529,"  return (n != nullptr) && (compare_(n->Key(), key) < 0);",_ZN7rocksdb14InlineSkipListIRKNS_11MemTableRep13KeyComparatorEE6InsertILb0EEEbPKcPNS5_6SpliceEb,tbnz w0  #0x1f  #0x5e759c
IND,24,23.33,22.33,0,0,0,/home/ubuntu/rocksdb/memtable/memtablerep_bench.cc,254,"    table_->Insert(handle);",_ZN7rocksdb19FillBenchmarkThread7FillOneEv,blr x2
IND,45,12.24,11.24,0,0,0,/home/ubuntu/rocksdb/memtable/inlineskiplist.h,915,"}",_ZN7rocksdb14InlineSkipListIRKNS_11MemTableRep13KeyComparatorEE21RecomputeSpliceLevelsERKNS_5SliceEPNS5_6SpliceEi,ret 
IND,25,22.04,21.04,0,0,0,/home/ubuntu/rocksdb/memtable/inlineskiplist.h,529,"  return (n != nullptr) && (compare_(n->Key(), key) < 0);",_ZN7rocksdb14InlineSkipListIRKNS_11MemTableRep13KeyComparatorEE6InsertILb0EEEbPKcPNS5_6SpliceEb,tbnz w0  #0x1f  #0x5e76c4
IND,47,11.32,10.32,0,0,0,???,0,???,???,???
IND,50,10.52,9.52,50,0,0,/home/ubuntu/rocksdb/memtable/inlineskiplist.h,505,"  while (height < kMaxHeight_ && height < kMaxPossibleHeight &&",_ZN7rocksdb12_GLOBAL__N_111SkipListRep8AllocateEmPPc,b.le #0x5e4bb8
IND,103,5.03,4.03,0,0,0,/home/ubuntu/rocksdb/memtable/inlineskiplist.h,911,"  for (int i = recompute_level - 1; i >= 0; --i) {",_ZN7rocksdb14InlineSkipListIRKNS_11MemTableRep13KeyComparatorEE21RecomputeSpliceLevelsERKNS_5SliceEPNS5_6SpliceEi,b #0x5e72b0
IND,38,13.21,12.21,0,0,0,/home/ubuntu/rocksdb/memory/arena.cc,130,"  size_t slop = (current_mod == 0 ? 0 : kAlignUnit - current_mod);",_ZN7rocksdb5Arena15AllocateAlignedEmmPNS_6LoggerE,b.ne #0x5dc208
IND,25,20.08,19.08,0,0,0,/home/ubuntu/rocksdb/memtable/inlineskiplist.h,1077,"      if (UNLIKELY(i == 0 && splice->prev_[i] != head_ &&",_ZN7rocksdb14InlineSkipListIRKNS_11MemTableRep13KeyComparatorEE6InsertILb0EEEbPKcPNS5_6SpliceEb,blr x3
IND,25,19.64,18.64,0,0,0,/home/ubuntu/rocksdb/memtable/inlineskiplist.h,1072,"      if (UNLIKELY(i == 0 && splice->next_[i] != nullptr &&",_ZN7rocksdb14InlineSkipListIRKNS_11MemTableRep13KeyComparatorEE6InsertILb0EEEbPKcPNS5_6SpliceEb,blr x3
IND,37,12.89,11.89,37,0,0,/home/ubuntu/rocksdb/memtable/memtablerep_bench.cc,253,"    assert(p == buf + encoded_len);",_ZN7rocksdb19FillBenchmarkThread7FillOneEv,b.ne #0xa9f0
IND,22,21.18,20.18,0,0,0,/home/ubuntu/rocksdb/memtable/inlineskiplist.h,799,"  char* raw = allocator_->AllocateAligned(prefix + sizeof(Node) + key_size);",_ZN7rocksdb12_GLOBAL__N_111SkipListRep8AllocateEmPPc,blr x4
IND,18,25.61,24.61,0,0,0,/home/ubuntu/rocksdb/memtable/inlineskiplist.h,529,"  return (n != nullptr) && (compare_(n->Key(), key) < 0);",_ZN7rocksdb14InlineSkipListIRKNS_11MemTableRep13KeyComparatorEE6InsertILb0EEEbPKcPNS5_6SpliceEb,blr x3
IND,45,10.09,9.09,0,0,0,(null),0,(null),(null),(null)
IND,37,12.14,11.14,0,0,0,/home/ubuntu/rocksdb/util/random.cc,27,"  auto rv = tls_instance;",_ZN7rocksdb6Random14GetTLSInstanceEv,blr x2
IND,28,15.54,14.54,28,0,0,/home/ubuntu/rocksdb/memtable/inlineskiplist.h,529,"  return (n != nullptr) && (compare_(n->Key(), key) < 0);",_ZN7rocksdb14InlineSkipListIRKNS_11MemTableRep13KeyComparatorEE6InsertILb0EEEbPKcPNS5_6SpliceEb,cbz x4  #0x5e75c8
IND,44,9.86,8.86,44,0,0,(null),0,(null),(null),(null)
IND,42,10.31,9.31,0,0,0,/home/ubuntu/rocksdb/util/random.cc,34,"}",_ZN7rocksdb6Random14GetTLSInstanceEv,ret 
IND,53,8.08,7.08,53,0,0,/home/ubuntu/rocksdb/memtable/inlineskiplist.h,911,"  for (int i = recompute_level - 1; i >= 0; --i) {",_ZN7rocksdb14InlineSkipListIRKNS_11MemTableRep13KeyComparatorEE21RecomputeSpliceLevelsERKNS_5SliceEPNS5_6SpliceEi,b.mi #0x5e7360
IND,22,19.18,18.18,22,0,0,/home/ubuntu/rocksdb/memtable/inlineskiplist.h,1115,"}",_ZN7rocksdb14InlineSkipListIRKNS_11MemTableRep13KeyComparatorEE6InsertILb0EEEbPKcPNS5_6SpliceEb,b.ne #0x5e77dc
IND,18,23.06,22.06,18,0,0,/home/ubuntu/rocksdb/memtable/inlineskiplist.h,989,"      } else if (splice->prev_[recompute_height] != head_ &&",_ZN7rocksdb14InlineSkipListIRKNS_11MemTableRep13KeyComparatorEE6InsertILb0EEEbPKcPNS5_6SpliceEb,b.eq #0x5e75a4
IND,34,12.18,11.18,0,0,0,/home/ubuntu/rocksdb/memtable/inlineskiplist.h,915,"}",_ZN7rocksdb14InlineSkipListIRKNS_11MemTableRep13KeyComparatorEE21RecomputeSpliceLevelsERKNS_5SliceEPNS5_6SpliceEi,ret 
IND,48,8.62,7.62,48,0,0,/home/ubuntu/rocksdb/memtable/inlineskiplist.h,1065,"    for (int i = 0; i < height; ++i) {",_ZN7rocksdb14InlineSkipListIRKNS_11MemTableRep13KeyComparatorEE6InsertILb0EEEbPKcPNS5_6SpliceEb,b.le #0x5e7640
IND,26,15.54,14.54,0,0,0,???,0,???,???,???
IND,16,25.00,24.00,12,0,0,src/hotline/fname_map.c,221,(null),va_to_file_offset,b.hi #0x2d34dc
IND,26,14.65,13.65,0,0,0,/home/ubuntu/rocksdb/memtable/inlineskiplist.h,976,"    while (recompute_height < max_height) {",_ZN7rocksdb14InlineSkipListIRKNS_11MemTableRep13KeyComparatorEE6InsertILb0EEEbPKcPNS5_6SpliceEb,b.gt #0x5e751c
IND,52,7.29,6.29,36,0,0,/home/ubuntu/rocksdb/memtable/inlineskiplist.h,1092,"    for (int i = 0; i < height; ++i) {",_ZN7rocksdb14InlineSkipListIRKNS_11MemTableRep13KeyComparatorEE6InsertILb0EEEbPKcPNS5_6SpliceEb,b.gt #0x5e7630
IND,34,11.09,10.09,25,9,0,/home/ubuntu/rocksdb/memtable/inlineskiplist.h,1065,"    for (int i = 0; i < height; ++i) {",_ZN7rocksdb14InlineSkipListIRKNS_11MemTableRep13KeyComparatorEE6InsertILb0EEEbPKcPNS5_6SpliceEb,b.ne #0x5e75e8
IND,57,6.44,5.44,0,0,0,/home/ubuntu/rocksdb/memtable/inlineskiplist.h,1087,"      x->NoBarrier_SetNext(i, splice->next_[i]);",_ZN7rocksdb14InlineSkipListIRKNS_11MemTableRep13KeyComparatorEE6InsertILb0EEEbPKcPNS5_6SpliceEb,b #0x5e75f8
IND,25,14.52,13.52,25,0,0,/home/ubuntu/rocksdb/memtable/memtablerep_bench.cc,152,"    if (pos_ + len > data_.size()) {",_ZN7rocksdb19FillBenchmarkThread7FillOneEv,b.lo #0xa928
IND,20,17.80,16.80,0,0,0,/home/ubuntu/rocksdb/memtable/inlineskiplist.h,1072,"      if (UNLIKELY(i == 0 && splice->next_[i] != nullptr &&",_ZN7rocksdb14InlineSkipListIRKNS_11MemTableRep13KeyComparatorEE6InsertILb0EEEbPKcPNS5_6SpliceEb,cbnz x1  #0x5e779c
IND,21,16.81,15.81,21,0,0,/home/ubuntu/rocksdb/memtable/memtablerep_bench.cc,243,"    assert(buf != nullptr);",_ZN7rocksdb19FillBenchmarkThread7FillOneEv,cbz x1  #0xaa14
IND,25,13.96,12.96,0,0,0,/home/ubuntu/rocksdb/memory/arena.cc,110,"  if (MemMapping::kHugePageSupported && hugetlb_size_ > 0 &&",_ZN7rocksdb5Arena15AllocateAlignedEmmPNS_6LoggerE,cbz x5  #0x5dc1b0
IND,23,15.13,14.13,0,0,0,???,0,???,???,???
IND,14,24.57,23.57,14,0,0,/home/ubuntu/rocksdb/memtable/inlineskiplist.h,529,"  return (n != nullptr) && (compare_(n->Key(), key) < 0);",_ZN7rocksdb14InlineSkipListIRKNS_11MemTableRep13KeyComparatorEE6InsertILb0EEEbPKcPNS5_6SpliceEb,cbz x1  #0x5e7574
IND,23,14.83,13.83,0,0,0,/home/ubuntu/rocksdb/memtable/inlineskiplist.h,1115,"}",_ZN7rocksdb14InlineSkipListIRKNS_11MemTableRep13KeyComparatorEE6InsertILb0EEEbPKcPNS5_6SpliceEb,ret 
IND,35,9.57,8.57,35,0,0,/home/ubuntu/rocksdb/memtable/inlineskiplist.h,1066,"      if (i >= recompute_height &&",_ZN7rocksdb14InlineSkipListIRKNS_11MemTableRep13KeyComparatorEE6InsertILb0EEEbPKcPNS5_6SpliceEb,b.le #0x5e7678
IND,19,17.05,16.05,0,0,0,/home/ubuntu/rocksdb/memtable/inlineskiplist.h,927,"  while (height > max_height) {",_ZN7rocksdb14InlineSkipListIRKNS_11MemTableRep13KeyComparatorEE6InsertILb0EEEbPKcPNS5_6SpliceEb,b.le #0x5e74e8
IND,21,15.24,14.24,0,0,0,/home/ubuntu/rocksdb/memtable/memtablerep_bench.cc,181,"    switch (mode_) {",_ZN7rocksdb19FillBenchmarkThread7FillOneEv,b.eq #0xa8b8
IND,16,19.31,18.31,16,0,0,/home/ubuntu/rocksdb/memtable/inlineskiplist.h,529,"  return (n != nullptr) && (compare_(n->Key(), key) < 0);",_ZN7rocksdb14InlineSkipListIRKNS_11MemTableRep13KeyComparatorEE6InsertILb0EEEbPKcPNS5_6SpliceEb,cbz x4  #0x5e75c8
IND,21,14.57,13.57,21,0,0,/home/ubuntu/rocksdb/memtable/memtablerep_bench.cc,151,"    assert(len <= data_.size());",_ZN7rocksdb19FillBenchmarkThread7FillOneEv,b.hi #0xa9d0
IND,17,17.88,16.88,0,0,0,/home/ubuntu/rocksdb/memtable/inlineskiplist.h,529,"  return (n != nullptr) && (compare_(n->Key(), key) < 0);",_ZN7rocksdb14InlineSkipListIRKNS_11MemTableRep13KeyComparatorEE6InsertILb0EEEbPKcPNS5_6SpliceEb,blr x3
IND,18,16.83,15.83,18,0,0,/home/ubuntu/rocksdb/memory/arena.cc,143,"}",_ZN7rocksdb5Arena15AllocateAlignedEmmPNS_6LoggerE,b.ne #0x5dc2d8
IND,15,20.13,19.13,15,0,0,/home/ubuntu/rocksdb/util/random.cc,34,"}",_ZN7rocksdb6Random14GetTLSInstanceEv,b.ne #0x721594
IND,24,12.54,11.54,24,0,0,/home/ubuntu/rocksdb/memtable/memtablerep_bench.cc,253,"    assert(p == buf + encoded_len);",_ZN7rocksdb19FillBenchmarkThread7FillOneEv,b.ne #0xa9f0
IND,59,5.05,4.05,0,0,0,/home/ubuntu/rocksdb/memtable/inlineskiplist.h,1021,"    RecomputeSpliceLevels(key_decoded, splice, recompute_height);",_ZN7rocksdb14InlineSkipListIRKNS_11MemTableRep13KeyComparatorEE6InsertILb0EEEbPKcPNS5_6SpliceEb,b #0x5e75d4
IND,50,5.94,4.94,0,0,0,/home/ubuntu/rocksdb/memtable/inlineskiplist.h,840,"  return Insert<false>(key, seq_splice_, false);",_ZN7rocksdb12_GLOBAL__N_111SkipListRep6InsertEPv,b #0x257460
IND,47,6.26,5.26,0,0,0,/home/ubuntu/rocksdb/util/random.h,157,"  uint64_t Next() { return generator_(); }",_ZN7rocksdb19FillBenchmarkThread7FillOneEv,bl #0xa7a0
IND,22,13.32,12.32,0,0,0,/home/ubuntu/rocksdb/memtable/skiplistrep.cc,38,"  }",_ZN7rocksdb12_GLOBAL__N_111SkipListRep8AllocateEmPPc,ret 
IND,19,15.37,14.37,0,0,0,/home/ubuntu/rocksdb/memory/arena.cc,133,"  if (needed <= alloc_bytes_remaining_) {",_ZN7rocksdb5Arena15AllocateAlignedEmmPNS_6LoggerE,b.hs #0x5dc1cc
IND,14,20.29,19.29,14,0,0,/home/ubuntu/rocksdb/db/dbformat.h,1118,"    if (anum > bnum) {",_ZNK7rocksdb8MemTable13KeyComparatorclEPKcRKNS_5SliceE,b.hi #0x4a3e38
IND,24,11.71,10.71,13,10,0,/home/ubuntu/rocksdb/memtable/inlineskiplist.h,529,"  return (n != nullptr) && (compare_(n->Key(), key) < 0);",_ZN7rocksdb14InlineSkipListIRKNS_11MemTableRep13KeyComparatorEE6InsertILb0EEEbPKcPNS5_6SpliceEb,tbnz w0  #0x1f  #0x5e759c
IND,46,6.02,5.02,0,0,0,(null),0,(null),(null),(null)
IND,20,13.65,12.65,0,0,0,/home/ubuntu/rocksdb/util/coding.h,109,"    if ((result & 128) == 0) {",_ZN7rocksdb14InlineSkipListIRKNS_11MemTableRep13KeyComparatorEE6InsertILb0EEEbPKcPNS5_6SpliceEb,tbz w0  #7  #0x5e773c
IND,49,5.53,4.53,0,0,0,/home/ubuntu/rocksdb/memtable/memtablerep_bench.cc,244,"    char* p = EncodeVarint32(buf, internal_key_size);",_ZN7rocksdb19FillBenchmarkThread7FillOneEv,bl #0x4760
IND,49,5.41,4.41,0,0,0,/home/ubuntu/rocksdb/memtable/inlineskiplist.h,911,"  for (int i = recompute_level - 1; i >= 0; --i) {",_ZN7rocksdb14InlineSkipListIRKNS_11MemTableRep13KeyComparatorEE21RecomputeSpliceLevelsERKNS_5SliceEPNS5_6SpliceEi,b #0x5e72bc
IND,50,5.20,4.20,0,0,0,/home/ubuntu/rocksdb/memtable/inlineskiplist.h,501,"  auto rnd = Random::GetTLSInstance();",_ZN7rocksdb12_GLOBAL__N_111SkipListRep8AllocateEmPPc,bl #0x24ea20
IND,22,11.73,10.73,0,0,0,???,0,???,???,???
IND,49,5.14,4.14,0,0,0,/home/ubuntu/rocksdb/memtable/inlineskiplist.h,911,"  for (int i = recompute_level - 1; i >= 0; --i) {",_ZN7rocksdb14InlineSkipListIRKNS_11MemTableRep13KeyComparatorEE21RecomputeSpliceLevelsERKNS_5SliceEPNS5_6SpliceEi,b #0x5e72b0
IND,20,12.55,11.55,0,0,0,/home/ubuntu/rocksdb/util/random.cc,27,"  auto rv = tls_instance;",_ZN7rocksdb6Random14GetTLSInstanceEv,blr x2
IND,4,62.25,61.25,4,0,0,(null),0,(null),(null),(null)
IND,24,10.38,9.38,24,0,0,/home/ubuntu/rocksdb/memtable/inlineskiplist.h,505,"  while (height < kMaxHeight_ && height < kMaxPossibleHeight &&",_ZN7rocksdb12_GLOBAL__N_111SkipListRep8AllocateEmPPc,b.le #0x5e4bb8
IND,47,5.23,4.23,0,0,0,/home/ubuntu/rocksdb/memtable/inlineskiplist.h,1021,"    RecomputeSpliceLevels(key_decoded, splice, recompute_height);",_ZN7rocksdb14InlineSkipListIRKNS_11MemTableRep13KeyComparatorEE6InsertILb0EEEbPKcPNS5_6SpliceEb,bl #0x247720
IND,20,12.20,11.20,0,0,0,???,0,???,???,???
IND,47,5.17,4.17,18,0,0,/home/ubuntu/rocksdb/memtable/inlineskiplist.h,1072,"      if (UNLIKELY(i == 0 && splice->next_[i] != nullptr &&",_ZN7rocksdb14InlineSkipListIRKNS_11MemTableRep13KeyComparatorEE6InsertILb0EEEbPKcPNS5_6SpliceEb,cbz w20  #0x5e76f8
IND,8,30.25,29.25,0,0,0,/home/ubuntu/rocksdb/memtable/memtablerep_bench.cc,280,"    while ((*threads_done_).load() < (FLAGS_num_threads - 1)) {",_ZNSt6thread11_State_implINS_8_InvokerISt5tupleIJN7rocksdb29ConcurrentFillBenchmarkThreadEEEEEE6_M_runEv,b.lt #0xacfc
IND,47,5.13,4.13,0,0,0,/usr/aarch64-linux-gnu/include/bits/string_fortified.h,29,"  return __builtin___memcpy_chk (__dest, __src, __len,",_ZN7rocksdb19FillBenchmarkThread7FillOneEv,bl #0x4730
IND,19,12.58,11.58,0,0,0,/home/ubuntu/rocksdb/memory/arena.cc,130,"  size_t slop = (current_mod == 0 ? 0 : kAlignUnit - current_mod);",_ZN7rocksdb5Arena15AllocateAlignedEmmPNS_6LoggerE,b.ne #0x5dc208
IND,14,17.00,16.00,14,0,0,/home/ubuntu/rocksdb/memtable/inlineskiplist.h,939,"  if (splice->height_ < max_height) {",_ZN7rocksdb14InlineSkipListIRKNS_11MemTableRep13KeyComparatorEE6InsertILb0EEEbPKcPNS5_6SpliceEb,b.lt #0x5e771c
IND,18,13.17,12.17,0,0,0,???,0,???,???,???
IND,13,18.23,17.23,0,0,0,/home/ubuntu/rocksdb/memtable/inlineskiplist.h,529,"  return (n != nullptr) && (compare_(n->Key(), key) < 0);",_ZN7rocksdb14InlineSkipListIRKNS_11MemTableRep13KeyComparatorEE6InsertILb0EEEbPKcPNS5_6SpliceEb,blr x3
IND,21,10.81,9.81,0,0,0,/home/ubuntu/rocksdb/memory/arena.cc,143,"}",_ZN7rocksdb5Arena15AllocateAlignedEmmPNS_6LoggerE,ret 
IND,5,45.20,44.20,5,0,0,src/hotline/hotline.c,212,(null),get_perf_event_timestamp,b.ne #0x26ce78
IND,43,5.21,4.21,0,0,0,/home/ubuntu/rocksdb/util/coding.h,111,"      return p + 1;",_ZN7rocksdb14InlineSkipListIRKNS_11MemTableRep13KeyComparatorEE6InsertILb0EEEbPKcPNS5_6SpliceEb,b #0x5e74ac
IND,24,9.00,8.00,24,0,0,/home/ubuntu/rocksdb/memtable/inlineskiplist.h,993,"        if (allow_partial_splice_fix) {",_ZN7rocksdb14InlineSkipListIRKNS_11MemTableRep13KeyComparatorEE6InsertILb0EEEbPKcPNS5_6SpliceEb,cbnz w20  #0x5e7748
IND,13,16.54,15.54,0,0,0,/home/ubuntu/rocksdb/memtable/memtablerep_bench.cc,256,"  }",_ZN7rocksdb19FillBenchmarkThread7FillOneEv,ret 
IND,20,10.70,9.70,20,0,0,(null),0,(null),(null),(null)
IND,20,10.65,9.65,0,0,0,/home/ubuntu/rocksdb/util/random.cc,34,"}",_ZN7rocksdb6Random14GetTLSInstanceEv,ret 
IND,13,16.31,15.31,13,0,0,/home/ubuntu/rocksdb/util/random.cc,28,"  if (UNLIKELY(rv == nullptr)) {",_ZN7rocksdb6Random14GetTLSInstanceEv,cbz x0  #0x721558
IND,23,8.74,7.74,23,0,0,/home/ubuntu/rocksdb/memtable/inlineskiplist.h,911,"  for (int i = recompute_level - 1; i >= 0; --i) {",_ZN7rocksdb14InlineSkipListIRKNS_11MemTableRep13KeyComparatorEE21RecomputeSpliceLevelsERKNS_5SliceEPNS5_6SpliceEi,b.mi #0x5e7360
IND,1,194.00,193.00,1,0,0,(null),0,(null),(null),(null)
IND,36,5.39,4.39,0,0,0,/home/ubuntu/rocksdb/memtable/memtablerep_bench.cc,281,"      FillOne();",_ZNSt6thread11_State_implINS_8_InvokerISt5tupleIJN7rocksdb29ConcurrentFillBenchmarkThreadEEEEEE6_M_runEv,bl #0xa820
IND,2,96.00,95.00,2,0,0,(null),0,(null),(null),(null)
IND,35,5.49,4.49,0,0,0,/home/ubuntu/rocksdb/util/random.h,59,"      seed_ -= M;",_ZN7rocksdb12_GLOBAL__N_111SkipListRep8AllocateEmPPc,b #0x5e4b1c
IND,18,10.22,9.22,0,0,0,(null),0,(null),(null),(null)
IND,25,6.72,5.72,20,0,0,/home/ubuntu/rocksdb/memtable/inlineskiplist.h,1092,"    for (int i = 0; i < height; ++i) {",_ZN7rocksdb14InlineSkipListIRKNS_11MemTableRep13KeyComparatorEE6InsertILb0EEEbPKcPNS5_6SpliceEb,b.gt #0x5e7630
IND,7,23.86,22.86,0,0,0,/home/ubuntu/rocksdb/memtable/inlineskiplist.h,529,"  return (n != nullptr) && (compare_(n->Key(), key) < 0);",_ZN7rocksdb14InlineSkipListIRKNS_11MemTableRep13KeyComparatorEE6InsertILb0EEEbPKcPNS5_6SpliceEb,tbnz w0  #0x1f  #0x5e76c4
IND,1,164.00,163.00,0,1,0,???,0,???,_ZN4edgeL20fill_in_intermediateEPNS_19intermediate_symbolEPKNS_6symbolENS_29intermediate_symbol_options_eE.constprop.0,mov x0  x20
IND,8,20.25,19.25,8,0,0,src/hotline/lat_map.c,22,(null),lat_map_compare,b.hi #0x26da58
IND,19,8.26,7.26,19,0,0,/home/ubuntu/rocksdb/memtable/inlineskiplist.h,1065,"    for (int i = 0; i < height; ++i) {",_ZN7rocksdb14InlineSkipListIRKNS_11MemTableRep13KeyComparatorEE6InsertILb0EEEbPKcPNS5_6SpliceEb,b.le #0x5e7640
IND,25,6.24,5.24,0,0,0,/home/ubuntu/rocksdb/util/random.h,157,"  uint64_t Next() { return generator_(); }",_ZN7rocksdb19FillBenchmarkThread7FillOneEv,bl #0xa7a0
IND,13,11.85,10.85,0,0,0,/home/ubuntu/rocksdb/memtable/inlineskiplist.h,1005,"        if (allow_partial_splice_fix) {",_ZN7rocksdb14InlineSkipListIRKNS_11MemTableRep13KeyComparatorEE6InsertILb0EEEbPKcPNS5_6SpliceEb,cbz w20  #0x5e757c
IND,3,50.00,49.00,3,0,0,(null),0,(null),(null),(null)
IND,2,72.00,71.00,1,0,0,(null),0,(null),(null),(null)
IND,24,5.88,4.88,0,0,0,/home/ubuntu/rocksdb/memtable/memtablerep_bench.cc,306,"      callback_args->found = true;",_ZN7rocksdb19ReadBenchmarkThread8callbackEPvPKc,b #0x80c0
IND,26,5.23,4.23,9,0,0,/home/ubuntu/rocksdb/memtable/inlineskiplist.h,1072,"      if (UNLIKELY(i == 0 && splice->next_[i] != nullptr &&",_ZN7rocksdb14InlineSkipListIRKNS_11MemTableRep13KeyComparatorEE6InsertILb0EEEbPKcPNS5_6SpliceEb,cbz w20  #0x5e76f8
IND,25,5.44,4.44,0,0,0,/home/ubuntu/rocksdb/memtable/memtablerep_bench.cc,244,"    char* p = EncodeVarint32(buf, internal_key_size);",_ZN7rocksdb19FillBenchmarkThread7FillOneEv,bl #0x4760
IND,1,136.00,135.00,1,0,0,???,0,???,_ZN4node9inspector12_GLOBAL__N_19WsHandler6OnDataEPSt6vectorIcSaIcEE,sub x1  x1  x0
IND,7,18.86,17.86,7,0,0,src/hotline/bmiss_map.c,23,(null),bmiss_map_compare,b.hi #0x2cf8c0
IND,21,6.10,5.10,0,0,0,/home/ubuntu/rocksdb/memtable/inlineskiplist.h,1087,"      x->NoBarrier_SetNext(i, splice->next_[i]);",_ZN7rocksdb14InlineSkipListIRKNS_11MemTableRep13KeyComparatorEE6InsertILb0EEEbPKcPNS5_6SpliceEb,b #0x5e75f8
IND,2,63.50,62.50,2,0,0,(null),0,(null),(null),(null)
IND,8,15.88,14.88,7,0,0,src/hotline/fname_map.c,221,(null),va_to_file_offset,b.hi #0x2d351c
IND,16,7.94,6.94,16,0,0,/home/ubuntu/rocksdb/util/comparator.cc,160,"    return -a.compare(b);",_ZThn32_NK7rocksdb12_GLOBAL__N_122BytewiseComparatorImpl7CompareERKNS_5SliceES4_,b.lo #0x7166a0
IND,24,5.21,4.21,0,0,0,/home/ubuntu/rocksdb/util/coding.h,111,"      return p + 1;",_ZN7rocksdb14InlineSkipListIRKNS_11MemTableRep13KeyComparatorEE6InsertILb0EEEbPKcPNS5_6SpliceEb,b #0x5e74ac
IND,23,5.17,4.17,0,0,0,/home/ubuntu/rocksdb/memtable/inlineskiplist.h,1021,"    RecomputeSpliceLevels(key_decoded, splice, recompute_height);",_ZN7rocksdb14InlineSkipListIRKNS_11MemTableRep13KeyComparatorEE6InsertILb0EEEbPKcPNS5_6SpliceEb,bl #0x247720
IND,1,116.00,115.00,1,0,0,(null),0,(null),(null),(null)
IND,3,38.00,37.00,1,1,0,(null),0,(null),(null),(null)
IND,6,18.67,17.67,6,0,0,(null),0,(null),(null),(null)
IND,20,5.55,4.55,0,0,0,/home/ubuntu/rocksdb/memtable/memtablerep_bench.cc,306,"      callback_args->found = true;",_ZN7rocksdb19ReadBenchmarkThread8callbackEPvPKc,b #0x80c0
IND,1,110.00,109.00,1,0,0,???,0,???,_ZN4edgeL20fill_in_intermediateEPNS_19intermediate_symbolEPKNS_6symbolENS_29intermediate_symbol_options_eE.constprop.0,bl #0x12f81e0
IND,3,36.33,35.33,0,0,0,???,0,???,???,???
IND,20,5.40,4.40,0,0,0,/home/ubuntu/rocksdb/memtable/memtablerep_bench.cc,281,"      FillOne();",_ZNSt6thread11_State_implINS_8_InvokerISt5tupleIJN7rocksdb29ConcurrentFillBenchmarkThreadEEEEEE6_M_runEv,bl #0xa820
IND,3,35.33,34.33,0,0,0,(null),0,(null),(null),(null)
IND,2,53.00,52.00,0,0,0,(null),0,(null),(null),(null)
IND,20,5.10,4.10,0,0,0,/home/ubuntu/rocksdb/memtable/memtablerep_bench.cc,302,"    if ((callback_args->comparator)",_ZN7rocksdb19ReadBenchmarkThread8callbackEPvPKc,b #0x80ec
IND,16,6.12,5.12,0,0,0,(null),0,(null),(null),(null)
IND,6,16.33,15.33,5,1,0,src/hotline/lat_map.c,29,(null),lat_map_compare,b.hi #0x26da54
IND,16,5.88,4.88,0,0,0,/home/ubuntu/rocksdb/memtable/inlineskiplist.h,840,"  return Insert<false>(key, seq_splice_, false);",_ZN7rocksdb12_GLOBAL__N_111SkipListRep6InsertEPv,b #0x257460
IND,18,5.22,4.22,0,0,0,/usr/aarch64-linux-gnu/include/bits/string_fortified.h,29,"  return __builtin___memcpy_chk (__dest, __src, __len,",_ZN7rocksdb19FillBenchmarkThread7FillOneEv,bl #0x4730
IND,17,5.47,4.47,0,0,0,/home/ubuntu/rocksdb/memtable/memtablerep_bench.cc,302,"    if ((callback_args->comparator)",_ZN7rocksdb19ReadBenchmarkThread8callbackEPvPKc,b #0x80ec
IND,16,5.69,4.69,16,0,0,/home/ubuntu/rocksdb/memtable/inlineskiplist.h,505,"  while (height < kMaxHeight_ && height < kMaxPossibleHeight &&",_ZN7rocksdb12_GLOBAL__N_111SkipListRep8AllocateEmPPc,b.eq #0x5e4ba8
IND,1,89.00,88.00,0,0,0,(null),0,(null),(null),(null)
IND,17,5.24,4.24,0,0,0,/home/ubuntu/rocksdb/util/random.h,59,"      seed_ -= M;",_ZN7rocksdb12_GLOBAL__N_111SkipListRep8AllocateEmPPc,b #0x5e4b1c
IND,1,88.00,87.00,1,0,0,(null),0,(null),(null),(null)
IND,3,28.67,27.67,2,0,0,src/hotline/hotline.c,356,(null),process_software_buffer_up_to_ts,b.hi #0x26d0d4
IND,8,10.62,9.62,0,0,0,src/hotline/btree.c,191,(null),btree_search,blr x3
IND,17,5.00,4.00,0,0,0,/home/ubuntu/rocksdb/memtable/inlineskiplist.h,1021,"    RecomputeSpliceLevels(key_decoded, splice, recompute_height);",_ZN7rocksdb14InlineSkipListIRKNS_11MemTableRep13KeyComparatorEE6InsertILb0EEEbPKcPNS5_6SpliceEb,b #0x5e75d4
IND,5,16.00,15.00,5,0,0,(null),0,(null),(null),(null)
IND,3,25.67,24.67,2,0,0,(null),0,(null),(null),(null)
IND,3,25.67,24.67,2,0,0,(null),0,(null),(null),(null)
IND,14,5.36,4.36,0,0,0,/home/ubuntu/rocksdb/memtable/inlineskiplist.h,501,"  auto rnd = Random::GetTLSInstance();",_ZN7rocksdb12_GLOBAL__N_111SkipListRep8AllocateEmPPc,bl #0x24ea20
IND,12,6.17,5.17,12,0,0,/home/ubuntu/rocksdb/memtable/inlineskiplist.h,505,"  while (height < kMaxHeight_ && height < kMaxPossibleHeight &&",_ZN7rocksdb12_GLOBAL__N_111SkipListRep8AllocateEmPPc,b.eq #0x5e4b98
IND,4,18.25,17.25,1,0,0,src/hotline/bmiss_map.c,30,(null),bmiss_map_compare,b.lo #0x2cf8bc
IND,6,12.17,11.17,0,0,0,/home/ubuntu/rocksdb/memtable/inlineskiplist.h,1005,"        if (allow_partial_splice_fix) {",_ZN7rocksdb14InlineSkipListIRKNS_11MemTableRep13KeyComparatorEE6InsertILb0EEEbPKcPNS5_6SpliceEb,cbz w20  #0x5e757c
IND,2,36.00,35.00,0,0,0,(null),0,(null),(null),(null)
IND,3,23.67,22.67,3,0,0,(null),0,(null),(null),(null)
IND,5,14.20,13.20,5,0,0,src/hotline/btree.c,198,(null),btree_search,cbz w1  #0x2cfc8c
IND,12,5.92,4.92,12,0,0,/home/ubuntu/rocksdb/util/comparator.cc,160,"    return -a.compare(b);",_ZThn32_NK7rocksdb12_GLOBAL__N_122BytewiseComparatorImpl7CompareERKNS_5SliceES4_,b.lo #0x7166a0
IND,3,23.33,22.33,3,0,0,(null),0,(null),(null),(null)
IND,1,69.00,68.00,1,0,0,(null),0,(null),(null),(null)
IND,4,17.25,16.25,0,0,0,(null),0,(null),(null),(null)
IND,2,33.50,32.50,2,0,0,(null),0,(null),(null),(null)
IND,2,32.50,31.50,0,0,0,???,0,???,???,???
IND,1,65.00,64.00,0,0,0,???,0,???,_ZN2v88internal4wasm7fuzzing24GenerateRandomWasmModuleILNS2_27WasmModuleGenerationOptionsE0EEENS_4base6VectorIhEEPNS0_4ZoneENS6_IKhEE,stp x8  x9  [sp  #0xe0]
IND,2,32.00,31.00,2,0,0,(null),0,(null),(null),(null)
IND,3,21.00,20.00,1,0,0,(null),0,(null),(null),(null)
IND,1,63.00,62.00,1,0,0,(null),0,(null),(null),(null)
IND,3,21.00,20.00,0,0,0,(null),0,(null),(null),(null)
IND,7,9.00,8.00,0,0,0,src/hotline/btree.c,191,(null),btree_get,blr x3
IND,6,10.33,9.33,6,0,0,src/hotline/btree.c,202,(null),btree_get,cbz w0  #0x2d1558
IND,3,20.33,19.33,0,0,0,(null),0,(null),(null),(null)
IND,1,61.00,60.00,0,0,0,src/hotline/hotline.c,400,(null),process_aux_buffer,b.hs #0x26d170
IND,2,30.00,29.00,2,0,0,(null),0,(null),(null),(null)
IND,10,5.90,4.90,0,0,0,/home/ubuntu/rocksdb/memtable/inlineskiplist.h,911,"  for (int i = recompute_level - 1; i >= 0; --i) {",_ZN7rocksdb14InlineSkipListIRKNS_11MemTableRep13KeyComparatorEE21RecomputeSpliceLevelsERKNS_5SliceEPNS5_6SpliceEi,b #0x5e72bc
IND,1,57.00,56.00,0,0,0,(null),0,(null),(null),(null)
IND,3,19.00,18.00,3,0,0,(null),0,(null),(null),(null)
IND,3,19.00,18.00,0,0,0,src/hotline/btree.c,556,(null),btree_set0,cbz x2  #0x2d09c0
IND,9,6.33,5.33,9,0,0,/home/ubuntu/rocksdb/memtable/inlineskiplist.h,505,"  while (height < kMaxHeight_ && height < kMaxPossibleHeight &&",_ZN7rocksdb12_GLOBAL__N_111SkipListRep8AllocateEmPPc,b.eq #0x5e4b98
IND,5,11.20,10.20,0,0,0,(null),0,(null),(null),(null)
IND,3,18.67,17.67,3,0,0,(null),0,(null),(null),(null)
IND,11,5.00,4.00,0,0,0,/home/ubuntu/rocksdb/memtable/inlineskiplist.h,895,"    if (next == after || !KeyIsAfterNode(key, next)) {",_ZN7rocksdb14InlineSkipListIRKNS_11MemTableRep13KeyComparatorEE21RecomputeSpliceLevelsERKNS_5SliceEPNS5_6SpliceEi,b #0x5e729c
IND,3,18.00,17.00,3,0,0,(null),0,(null),(null),(null)
IND,3,18.00,17.00,3,0,0,(null),0,(null),(null),(null)
IND,2,27.00,26.00,1,1,0,src/hotline/fname_map.c,162,(null),get_filename_cached_entry,b.eq #0x2d3290
IND,2,26.50,25.50,2,0,0,(null),0,(null),(null),(null)
IND,2,26.50,25.50,1,0,0,(null),0,(null),(null),(null)
IND,3,17.67,16.67,3,0,0,(null),0,(null),(null),(null)
IND,2,26.50,25.50,2,0,0,(null),0,(null),(null),(null)
IND,1,53.00,52.00,0,0,0,(null),0,(null),(null),(null)
IND,7,7.57,6.57,7,0,0,/home/ubuntu/rocksdb/memtable/inlineskiplist.h,993,"        if (allow_partial_splice_fix) {",_ZN7rocksdb14InlineSkipListIRKNS_11MemTableRep13KeyComparatorEE6InsertILb0EEEbPKcPNS5_6SpliceEb,cbnz w20  #0x5e7748
IND,1,52.00,51.00,0,0,0,(null),0,(null),(null),(null)
IND,3,17.33,16.33,0,0,0,(null),0,(null),(null),(null)
IND,5,10.40,9.40,3,0,0,src/hotline/btree.c,205,(null),btree_get,b.lt #0x2d1540
IND,2,25.50,24.50,0,0,0,(null),0,(null),(null),(null)
IND,1,51.00,50.00,1,0,0,(null),0,(null),(null),(null)
IND,2,25.50,24.50,2,0,0,src/hotline/hotline.c,248,(null),process_software_buffer_up_to_ts,b.ls #0x26cfac
IND,3,17.00,16.00,3,0,0,src/hotline/lat_map.c,24,(null),lat_map_compare,b.lo #0x26da54
IND,3,17.00,16.00,1,0,0,src/hotline/lat_map.c,31,(null),lat_map_compare,b.lo #0x26da54
IND,3,16.67,15.67,1,0,0,(null),0,(null),(null),(null)
IND,4,12.50,11.50,3,0,0,(null),0,(null),(null),(null)
IND,2,24.50,23.50,2,0,0,(null),0,(null),(null),(null)
IND,1,49.00,48.00,0,0,0,(null),0,(null),(null),(null)
IND,8,6.12,5.12,0,0,0,(null),0,(null),(null),(null)
IND,4,12.00,11.00,0,0,0,???,0,???,???,???
IND,4,12.00,11.00,3,0,0,src/hotline/bmiss_map.c,32,(null),bmiss_map_compare,b.hi #0x2cf8bc
IND,2,23.50,22.50,2,0,0,(null),0,(null),(null),(null)
IND,3,15.67,14.67,3,0,0,src/hotline/btree.c,198,(null),btree_get,cbz x25  #0x2d14fc
IND,2,23.00,22.00,2,0,0,(null),0,(null),(null),(null)
IND,1,46.00,45.00,1,0,0,(null),0,(null),(null),(null)
IND,1,46.00,45.00,0,0,0,(null),0,(null),(null),(null)
IND,2,23.00,22.00,2,0,0,library/alloc/src/raw_vec/mod.rs,467,(null),_ZN60_$LT$alloc..string..String$u20$as$u20$core..clone..Clone$GT$5clone17hdfc886ea4ed0be6dE,cbz x19  #0xb55968
IND,1,45.00,44.00,1,0,0,src/hotline/hotline.c,248,(null),process_software_buffer_up_to_ts,b.eq #0x26d0b4
IND,1,44.00,43.00,1,0,0,src/hotline/bmiss_map.c,25,(null),bmiss_map_compare,b.lo #0x2cf8bc
IND,1,43.00,42.00,0,0,0,(null),0,(null),(null),(null)
IND,2,21.50,20.50,2,0,0,???,0,???,_ZN2v88internal4wasm16LiftoffAssembler26emit_i8x16_relaxed_swizzleENS1_15LiftoffRegisterES3_S3_,strb w5  [sp  #0x20]
IND,4,10.50,9.50,0,0,0,(null),0,(null),(null),(null)
IND,2,21.00,20.00,2,0,0,(null),0,(null),(null),(null)
IND,2,21.00,20.00,1,0,0,(null),0,(null),(null),(null)
IND,5,8.40,7.40,0,0,0,(null),0,(null),(null),(null)
IND,2,21.00,20.00,0,0,0,(null),0,(null),(null),(null)
IND,1,42.00,41.00,0,0,0,(null),0,(null),(null),(null)
IND,2,21.00,20.00,0,0,0,(null),0,(null),(null),(null)
IND,1,42.00,41.00,0,0,0,(null),0,(null),(null),(null)
IND,1,42.00,41.00,1,0,0,???,0,???,_ZN12v8_inspector16V8DebuggerScriptD0Ev,lsl x1  x1  #1
IND,1,41.00,40.00,0,0,0,(null),0,(null),(null),(null)
IND,3,13.67,12.67,3,0,0,(null),0,(null),(null),(null)
IND,2,20.00,19.00,1,0,0,(null),0,(null),(null),(null)
IND,1,40.00,39.00,1,0,0,(null),0,(null),(null),(null)
IND,2,20.00,19.00,2,0,0,(null),0,(null),(null),(null)
IND,1,40.00,39.00,1,0,0,(null),0,(null),(null),(null)
IND,5,8.00,7.00,0,0,0,???,0,???,???,???
IND,2,19.50,18.50,2,0,0,(null),0,(null),(null),(null)
IND,6,6.50,5.50,5,0,0,src/hotline/btree.c,202,(null),btree_search,cbz w0  #0x2cfd04
IND,2,19.50,18.50,2,0,0,src/hotline/btree.c,551,(null),btree_set0,b.gt #0x2d0770
IND,3,12.67,11.67,3,0,0,(null),0,(null),(null),(null)
IND,1,38.00,37.00,1,0,0,(null),0,(null),(null),(null)
IND,2,18.50,17.50,2,0,0,(null),0,(null),(null),(null)
IND,2,18.50,17.50,1,0,0,(null),0,(null),(null),(null)
IND,1,37.00,36.00,1,0,0,(null),0,(null),(null),(null)
IND,2,18.50,17.50,2,0,0,(null),0,(null),(null),(null)
IND,1,37.00,36.00,1,0,0,(null),0,(null),(null),(null)
IND,3,12.33,11.33,0,0,0,src/hotline/btree.c,495,(null),btree_node_set,cbnz w1  #0x2d0434
IND,5,7.40,6.40,0,0,0,src/hotline/btree.c,198,(null),btree_get,b.lo #0x2d14c0
IND,1,37.00,36.00,0,0,0,???,0,???,???,???
IND,2,18.00,17.00,2,0,0,(null),0,(null),(null),(null)
IND,4,9.00,8.00,4,0,0,(null),0,(null),(null),(null)
IND,1,36.00,35.00,0,0,0,???,0,???,_Z14construct_nodeI22an_ifc_edg_token_cache29an_ifc_edg_token_cache_offsetEvP3OptIT_ET0_,bl #0xaeab28
IND,2,17.50,16.50,0,0,0,(null),0,(null),(null),(null)
IND,1,35.00,34.00,0,0,0,(null),0,(null),(null),(null)
IND,2,17.50,16.50,2,0,0,(null),0,(null),(null),(null)
IND,1,35.00,34.00,1,0,0,(null),0,(null),(null),(null)
IND,2,17.50,16.50,1,0,0,(null),0,(null),(null),(null)
IND,1,35.00,34.00,0,0,0,???,0,???,???,???
IND,2,17.00,16.00,2,0,0,(null),0,(null),(null),(null)
IND,3,11.33,10.33,0,0,0,/home/ubuntu/rocksdb/memory/arena.cc,164,"  if (tracker_ != nullptr) {",_ZN7rocksdb5Arena16AllocateNewBlockEm,cbz x0  #0x5dbec8
IND,1,33.00,32.00,1,0,0,(null),0,(null),(null),(null)
IND,2,16.50,15.50,2,0,0,(null),0,(null),(null),(null)
IND,2,16.50,15.50,2,0,0,(null),0,(null),(null),(null)
IND,1,33.00,32.00,1,0,0,(null),0,(null),(null),(null)
IND,1,33.00,32.00,1,0,0,/home/ubuntu/.rustup/toolchains/stable-aarch64-unknown-linux-gnu/lib/rustlib/src/rust/library/core/src/slice/iter/macros.rs,179,(null),_ZN91_$LT$core..slice..iter..Iter$LT$T$GT$$u20$as$u20$core..iter..traits..iterator..Iterator$GT$4next17h0af11cd34cd7fee9E,b.eq #0x15baf0
IND,6,5.50,4.50,0,0,0,src/hotline/lat_map.c,52,(null),lat_map_compare,ret 
IND,5,6.60,5.60,0,0,0,src/hotline/btree.c,605,(null),btree_get,b #0x2d1518
IND,2,16.00,15.00,1,1,0,(null),0,(null),(null),(null)
IND,2,16.00,15.00,2,0,0,(null),0,(null),(null),(null)
IND,2,16.00,15.00,0,0,0,(null),0,(null),(null),(null)
IND,1,31.00,30.00,1,0,0,(null),0,(null),(null),(null)
IND,1,31.00,30.00,1,0,0,(null),0,(null),(null),(null)
IND,1,31.00,30.00,1,0,0,(null),0,(null),(null),(null)
IND,1,31.00,30.00,1,0,0,(null),0,(null),(null),(null)
IND,1,31.00,30.00,1,0,0,src/hotline/hotline.c,326,(null),process_aux_buffer_record,b.ne #0x26cf3c
IND,1,31.00,30.00,1,0,0,src/hotline/bmiss_map.c,43,(null),bmiss_map_compare,b.lo #0x2cf8bc
IND,3,10.33,9.33,0,0,0,/home/ubuntu/rocksdb/memory/arena.cc,168,"}",_ZN7rocksdb5Arena16AllocateNewBlockEm,ret 
IND,2,15.00,14.00,2,0,0,(null),0,(null),(null),(null)
IND,1,30.00,29.00,1,0,0,(null),0,(null),(null),(null)
IND,1,30.00,29.00,1,0,0,(null),0,(null),(null),(null)
IND,5,6.00,5.00,0,0,0,???,0,???,_ZNSt8_Rb_treeIPKNSt7__cxx1112basic_stringIcSt11char_traitsIcESaIcEEES7_St9_IdentityIS7_EN4msvc12less_str_ptrIcEESaIS7_EE8_M_eraseEPSt13_Rb_tree_nodeIS7_E.isra.0,ldr x26  [x25  #0x18]
IND,1,30.00,29.00,0,0,0,???,0,???,???,???
IND,2,14.50,13.50,2,0,0,(null),0,(null),(null),(null)
IND,2,14.50,13.50,2,0,0,src/hotline/btree.c,453,(null),btree_search,cbnz x5  #0x2cfb60
IND,1,29.00,28.00,1,0,0,src/hotline/btree.c,540,(null),btree_set0,cbz x20  #0x2d08dc
IND,1,29.00,28.00,1,0,0,/home/ubuntu/rocksdb/memory/arena.cc,64,"  if (bytes > kBlockSize / 4) {",_ZN7rocksdb5Arena16AllocateFallbackEmb,b.hi #0x5dc158
IND,2,14.00,13.00,2,0,0,(null),0,(null),(null),(null)
IND,1,28.00,27.00,1,0,0,(null),0,(null),(null),(null)
IND,3,9.33,8.33,3,0,0,(null),0,(null),(null),(null)
IND,2,14.00,13.00,2,0,0,???,0,???,_ZN2v88internal4wasm32TurboshaftGraphBuildingInterface9BinOpImplENS1_10WasmOpcodeENS0_8compiler10turboshaft7OpIndexES6_,b #0x1a1b3d0
IND,4,6.75,5.75,0,0,0,(null),0,(null),(null),(null)
IND,1,27.00,26.00,0,0,0,(null),0,(null),(null),(null)
IND,2,13.50,12.50,0,0,0,(null),0,(null),(null),(null)
IND,1,27.00,26.00,1,0,0,(null),0,(null),(null),(null)
IND,4,6.75,5.75,0,0,0,(null),0,(null),(null),(null)
IND,1,27.00,26.00,1,0,0,src/hotline/hotline.c,212,(null),get_perf_event_timestamp,b.eq #0x26ce70
IND,3,9.00,8.00,0,0,0,src/hotline/btree.c,205,(null),btree_search,b.lt #0x2cfcf4
IND,1,27.00,26.00,1,0,0,/usr/include/c++/11/bits/deque.tcc,167,"	if (this->_M_impl._M_finish._M_cur",_ZN7rocksdb5Arena16AllocateNewBlockEm,b.eq #0x5dbee0
IND,2,13.50,12.50,2,0,0,/home/ubuntu/rocksdb/memory/arena.cc,64,"  if (bytes > kBlockSize / 4) {",_ZN7rocksdb5Arena16AllocateFallbackEmb,b.hi #0x5dc158
IND,1,26.00,25.00,0,0,0,(null),0,(null),(null),(null)
IND,1,26.00,25.00,1,0,0,???,0,???,???,???
IND,1,26.00,25.00,1,0,0,???,0,???,_ZN2v88internal4wasm7fuzzing12_GLOBAL__N_113WasmGeneratorILNS2_27WasmModuleGenerationOptionsE1EE14op_with_prefixILNS1_10WasmOpcodeE64909EJLNS1_9ValueKindE5ELS9_1EEEEvPNS3_9DataRangeE,bl #0x1a921f0
IND,1,25.00,24.00,0,0,0,(null),0,(null),(null),(null)
IND,1,25.00,24.00,0,0,0,(null),0,(null),(null),(null)
IND,1,25.00,24.00,1,0,0,(null),0,(null),(null),(null)
IND,3,8.33,7.33,0,0,0,(null),0,(null),(null),(null)
IND,2,12.50,11.50,2,0,0,(null),0,(null),(null),(null)
IND,2,12.50,11.50,2,0,0,(null),0,(null),(null),(null)
IND,4,6.25,5.25,4,0,0,(null),0,(null),(null),(null)
IND,1,25.00,24.00,0,0,0,src/hotline/hotline.c,326,(null),process_aux_buffer_record,ret 
IND,1,24.00,23.00,1,1,0,(null),0,(null),(null),(null)
IND,1,24.00,23.00,1,0,0,(null),0,(null),(null),(null)
IND,1,24.00,23.00,1,0,0,(null),0,(null),(null),(null)
IND,1,24.00,23.00,1,0,0,src/hotline/fname_map.c,162,(null),get_filename_cached_entry,cbz x0  #0x2d3290
IND,1,24.00,23.00,1,0,0,/usr/include/c++/11/bits/basic_string.h,239,"	if (!_M_is_local())",_Z41__static_initialization_and_destruction_0ii.constprop.0,b.eq #0x28b450
IND,2,12.00,11.00,0,0,0,???,0,???,_ZNSt6vectorISt10unique_ptrIN2v88internal12UpdatingItemESt14default_deleteIS3_EESaIS6_EE12emplace_backIJS0_INS2_12_GLOBAL__N_125RememberedSetUpdatingItemES4_ISB_EEEEERS6_DpOT_.isra.0,ldp x21  x22  [sp  #0x20]
IND,1,24.00,23.00,1,0,0,???,0,???,_ZN3ada14url_aggregator10parse_portESt17basic_string_viewIcSt11char_traitsIcEEb,mov x20  x2
IND,1,23.00,22.00,1,0,0,(null),0,(null),(null),(null)
IND,1,23.00,22.00,1,0,0,(null),0,(null),(null),(null)
IND,1,23.00,22.00,0,0,0,(null),0,(null),(null),(null)
IND,1,23.00,22.00,0,0,0,(null),0,(null),(null),(null)
IND,1,23.00,22.00,1,0,0,(null),0,(null),(null),(null)
IND,2,11.50,10.50,2,0,0,(null),0,(null),(null),(null)
IND,4,5.75,4.75,0,0,0,(null),0,(null),(null),(null)
IND,1,23.00,22.00,1,0,0,/home/ubuntu/.rustup/toolchains/stable-aarch64-unknown-linux-gnu/lib/rustlib/src/rust/library/core/src/iter/adapters/enumerate.rs,82,(null),_ZN110_$LT$core..iter..adapters..enumerate..Enumerate$LT$I$GT$$u20$as$u20$core..iter..traits..iterator..Iterator$GT$4next17h6ae4d4bb8211729aE,tbnz w8  #0  #0x28b804
IND,1,23.00,22.00,1,0,0,/usr/include/c++/11/bits/deque.tcc,167,"	if (this->_M_impl._M_finish._M_cur",_ZN7rocksdb5Arena16AllocateNewBlockEm,b.eq #0x5dbee0
IND,1,22.00,21.00,0,0,0,(null),0,(null),(null),(null)
IND,2,11.00,10.00,0,0,0,(null),0,(null),(null),(null)
IND,1,22.00,21.00,0,0,0,(null),0,(null),(null),(null)
IND,1,22.00,21.00,0,1,0,src/hotline/hotline.c,317,(null),process_aux_buffer_record,b.eq #0x26cf28
IND,2,11.00,10.00,0,0,0,src/hotline/hotline.c,346,(null),process_software_buffer_up_to_ts,b.lo #0x26cfd4
IND,1,22.00,21.00,1,0,0,src/hotline/fname_map.c,162,(null),get_filename_cached_entry,b.eq #0x2d3290
IND,1,22.00,21.00,1,0,0,src/hotline/fname_map.c,218,(null),va_to_file_offset,cbz x0  #0x2d349c
IND,1,21.00,20.00,0,0,0,(null),0,(null),(null),(null)
IND,1,21.00,20.00,0,0,0,(null),0,(null),(null),(null)
IND,1,21.00,20.00,0,0,0,(null),0,(null),(null),(null)
IND,4,5.25,4.25,0,0,0,(null),0,(null),(null),(null)
IND,3,7.00,6.00,0,0,0,src/hotline/btree.c,198,(null),btree_get,b #0x2d14c0
IND,1,21.00,20.00,1,0,0,src/hotline/fname_map.c,234,(null),va_to_file_offset,b.ne #0x2d354c
IND,1,21.00,20.00,1,0,0,???,0,???,_ZN2v88internal4wasm16BuildWasmWrapperEPNS0_19AccountingAllocatorERNS0_8compiler10turboshaft5GraphEPKNS0_9SignatureINS1_9ValueTypeEEENS1_22WrapperCompilationInfoEPKNS1_10WasmModuleE,mov x19  x1
IND,2,10.00,9.00,2,0,0,(null),0,(null),(null),(null)
IND,1,20.00,19.00,0,0,0,(null),0,(null),(null),(null)
IND,1,20.00,19.00,0,0,0,(null),0,(null),(null),(null)
IND,1,20.00,19.00,1,0,0,(null),0,(null),(null),(null)
IND,1,20.00,19.00,1,0,0,(null),0,(null),(null),(null)
IND,2,10.00,9.00,2,0,0,(null),0,(null),(null),(null)
IND,1,20.00,19.00,1,0,0,(null),0,(null),(null),(null)
IND,1,20.00,19.00,1,0,0,(null),0,(null),(null),(null)
IND,4,5.00,4.00,0,0,0,src/hotline/bmiss_map.c,53,(null),bmiss_map_compare,ret 
IND,4,5.00,4.00,0,0,0,/home/ubuntu/rocksdb/memory/arena.cc,80,"    block_head = AllocateNewBlock(size);",_ZN7rocksdb5Arena16AllocateFallbackEmb,bl #0x244b70
IND,4,5.00,4.00,0,0,0,/home/ubuntu/rocksdb/memtable/inlineskiplist.h,895,"    if (next == after || !KeyIsAfterNode(key, next)) {",_ZN7rocksdb14InlineSkipListIRKNS_11MemTableRep13KeyComparatorEE21RecomputeSpliceLevelsERKNS_5SliceEPNS5_6SpliceEi,b #0x5e729c
IND,1,20.00,19.00,0,0,0,???,0,???,_ZN2v88internal40Builtin_TemporalDurationPrototypeSecondsEiPmPNS0_7IsolateE,add w0  w0  #1
IND,1,19.00,18.00,1,0,0,(null),0,(null),(null),(null)
IND,1,19.00,18.00,1,0,0,(null),0,(null),(null),(null)
IND,1,19.00,18.00,1,0,0,(null),0,(null),(null),(null)
IND,2,9.50,8.50,1,0,0,(null),0,(null),(null),(null)
IND,1,19.00,18.00,1,0,0,(null),0,(null),(null),(null)
IND,1,19.00,18.00,0,0,0,/home/ubuntu/.rustup/toolchains/stable-aarch64-unknown-linux-gnu/lib/rustlib/src/rust/library/core/src/ptr/mod.rs,524,(null),_ZN4core3ptr42drop_in_place$LT$alloc..string..String$GT$17h72b16ec5d3c6b70aE,ret 
IND,1,19.00,18.00,0,1,0,???,0,???,_ZN2v88internal21DebugPropertyIterator6CreateEPNS0_7IsolateENS0_6HandleINS0_10JSReceiverEEEb,ldr x1  [x19  #0x50]
IND,1,19.00,18.00,1,0,0,???,0,???,_ZN12v8_inspector16V8DeepSerializer16serializeV8ValueEN2v85LocalINS1_6ObjectEEENS2_INS1_7ContextEEEiS4_RNS_31V8SerializationDuplicateTrackerERNS_8protocol15DictionaryValueE,add x1  sp  #0x188
IND,1,18.00,17.00,1,0,0,(null),0,(null),(null),(null)
IND,1,18.00,17.00,0,0,0,(null),0,(null),(null),(null)
IND,1,18.00,17.00,0,0,0,(null),0,(null),(null),(null)
IND,1,18.00,17.00,1,0,0,(null),0,(null),(null),(null)
IND,1,18.00,17.00,1,0,0,(null),0,(null),(null),(null)
IND,2,9.00,8.00,2,0,0,(null),0,(null),(null),(null)
IND,1,18.00,17.00,1,0,0,src/hotline/btree.c,528,(null),btree_node_set,b.ne #0x2d04d0
IND,1,18.00,17.00,0,0,0,/home/ubuntu/.rustup/toolchains/stable-aarch64-unknown-linux-gnu/lib/rustlib/src/rust/library/core/src/ub_checks.rs,72,(null),_ZN4core3num23_$LT$impl$u20$usize$GT$13unchecked_mul18precondition_check17h828a6135ff32d9d3E,ret 
IND,1,18.00,17.00,0,0,0,(null),0,(null),(null),(null)
IND,1,17.00,16.00,1,0,0,(null),0,(null),(null),(null)
IND,1,17.00,16.00,1,0,0,(null),0,(null),(null),(null)
IND,1,17.00,16.00,1,0,0,(null),0,(null),(null),(null)
IND,1,17.00,16.00,1,0,0,(null),0,(null),(null),(null)
IND,1,17.00,16.00,1,0,0,(null),0,(null),(null),(null)
IND,1,17.00,16.00,0,0,0,(null),0,(null),(null),(null)
IND,1,17.00,16.00,1,0,0,(null),0,(null),(null),(null)
IND,1,17.00,16.00,0,0,0,(null),0,(null),(null),(null)
IND,1,17.00,16.00,1,0,0,(null),0,(null),(null),(null)
IND,1,17.00,16.00,0,0,0,/home/ubuntu/.rustup/toolchains/stable-aarch64-unknown-linux-gnu/lib/rustlib/src/rust/library/alloc/src/raw_vec/mod.rs,407,(null),_ZN77_$LT$alloc..raw_vec..RawVec$LT$T$C$A$GT$$u20$as$u20$core..ops..drop..Drop$GT$4drop17hb35feb3a24ebed8eE,ret 
IND,2,8.50,7.50,2,0,0,/home/ubuntu/rocksdb/memory/arena.cc,74,"  if (MemMapping::kHugePageSupported && hugetlb_size_ > 0) {",_ZN7rocksdb5Arena16AllocateFallbackEmb,cbnz x21  #0x5dc124
IND,2,8.00,7.00,0,0,0,(null),0,(null),(null),(null)
IND,1,16.00,15.00,1,0,0,(null),0,(null),(null),(null)
IND,1,16.00,15.00,1,0,0,(null),0,(null),(null),(null)
IND,1,16.00,15.00,1,0,0,(null),0,(null),(null),(null)
IND,1,16.00,15.00,1,0,0,(null),0,(null),(null),(null)
IND,1,16.00,15.00,0,0,0,(null),0,(null),(null),(null)
IND,1,16.00,15.00,0,0,0,(null),0,(null),(null),(null)
IND,3,5.33,4.33,0,0,0,(null),0,(null),(null),(null)
IND,3,5.33,4.33,0,0,0,(null),0,(null),(null),(null)
IND,1,16.00,15.00,0,0,0,src/hotline/btree.c,460,(null),btree_search,ret 
IND,1,16.00,15.00,0,0,0,src/hotline/btree.c,528,(null),btree_node_set,ret 
IND,3,5.33,4.33,0,0,0,src/hotline/fname_map.c,165,(null),get_filename_cached_entry,ret 
IND,1,16.00,15.00,0,0,0,/home/ubuntu/.rustup/toolchains/stable-aarch64-unknown-linux-gnu/lib/rustlib/src/rust/library/alloc/src/raw_vec/mod.rs,540,(null),_ZN5alloc7raw_vec20RawVecInner$LT$A$GT$14current_memory17hbf8969f73d2da585E,ret 
IND,1,16.00,15.00,0,0,0,/home/ubuntu/rocksdb/memory/arena.cc,93,"}",_ZN7rocksdb5Arena16AllocateFallbackEmb,ret 
IND,1,16.00,15.00,0,0,0,???,0,???,???,???
IND,1,16.00,15.00,1,0,0,???,0,???,_ZNK4node6crypto16KeyPairGenConfigINS0_16DsaKeyPairParamsEE10MemoryInfoEPNS_13MemoryTrackerE,b.eq #0x10bf2e4
IND,1,16.00,15.00,1,0,0,???,0,???,_ZN12v8_inspector23V8HeapProfilerAgentImpl18getSamplingProfileEPSt10unique_ptrINS_8protocol12HeapProfiler19SamplingHeapProfileESt14default_deleteIS4_EE,bl #0xdcf660
IND,1,16.00,15.00,0,0,0,???,0,???,_ZN2v88internal4wasm7fuzzing24GenerateRandomWasmModuleILNS2_27WasmModuleGenerationOptionsE0EEENS_4base6VectorIhEEPNS0_4ZoneENS6_IKhEE,bl #0x1afaa30
IND,1,15.00,14.00,0,0,0,(null),0,(null),(null),(null)
IND,1,15.00,14.00,1,0,0,(null),0,(null),(null),(null)
IND,1,15.00,14.00,1,0,0,(null),0,(null),(null),(null)
IND,1,15.00,14.00,1,0,0,(null),0,(null),(null),(null)
IND,1,15.00,14.00,1,0,0,(null),0,(null),(null),(null)
IND,2,7.50,6.50,2,0,0,(null),0,(null),(null),(null)
IND,1,15.00,14.00,0,0,0,(null),0,(null),(null),(null)
IND,2,7.50,6.50,2,0,0,(null),0,(null),(null),(null)
IND,1,15.00,14.00,0,0,0,(null),0,(null),(null),(null)
IND,3,5.00,4.00,0,0,0,(null),0,(null),(null),(null)
IND,3,5.00,4.00,0,0,0,(null),0,(null),(null),(null)
IND,1,15.00,14.00,1,0,0,src/hotline/hotline.c,200,(null),tsc_to_perf_time,b.eq #0x26cde8
IND,1,15.00,14.00,1,0,0,src/hotline/btree.c,533,(null),btree_set0,b.eq #0x2d08a0
IND,3,5.00,4.00,0,0,0,src/hotline/btree.c,457,(null),btree_get,b #0x2d14a8
IND,1,15.00,14.00,1,0,0,src/hotline/btree.c,453,(null),btree_get,cbnz x5  #0x2d1474
IND,1,15.00,14.00,1,0,0,src/hotline/fname_map.c,162,(null),get_filename_cached_entry,cbz x0  #0x2d3260
IND,3,5.00,4.00,0,0,0,src/hotline/fname_map.c,208,(null),va_to_file_offset,bl #0x2d3210
IND,1,15.00,14.00,0,0,0,/home/ubuntu/.rustup/toolchains/stable-aarch64-unknown-linux-gnu/lib/rustlib/src/rust/library/core/src/ptr/mod.rs,524,(null),_ZN4core3ptr46drop_in_place$LT$alloc..vec..Vec$LT$u8$GT$$GT$17hca8868a122943a62E,bl #0x68b9a0
IND,1,15.00,14.00,0,0,0,???,0,???,???,???
IND,3,5.00,4.00,0,0,0,/home/ubuntu/rocksdb/memory/arena.cc,148,"  char* block = new char[block_bytes];",_ZN7rocksdb5Arena16AllocateNewBlockEm,bl #0x241240
IND,1,15.00,14.00,0,0,0,/home/ubuntu/rocksdb/memory/arena.cc,93,"}",_ZN7rocksdb5Arena16AllocateFallbackEmb,ret 
IND,3,5.00,4.00,0,0,0,/usr/include/c++/11/bits/random.tcc,456,"	_M_gen_rand();",_ZNSt23mersenne_twister_engineImLm64ELm312ELm156ELm31ELm13043109905998158313ELm29ELm6148914691236517205ELm17ELm8202884508482404352ELm37ELm18444473444759240704ELm43ELm6364136223846793005EEclEv,bl #0xa6d0
IND,1,14.00,13.00,1,0,0,(null),0,(null),(null),(null)
IND,1,14.00,13.00,1,0,0,(null),0,(null),(null),(null)
IND,1,14.00,13.00,1,0,0,(null),0,(null),(null),(null)
IND,1,14.00,13.00,0,0,0,(null),0,(null),(null),(null)
IND,1,14.00,13.00,1,0,0,(null),0,(null),(null),(null)
IND,1,14.00,13.00,1,0,0,(null),0,(null),(null),(null)
IND,1,14.00,13.00,0,0,0,(null),0,(null),(null),(null)
IND,1,14.00,13.00,1,0,0,(null),0,(null),(null),(null)
IND,1,14.00,13.00,0,0,0,(null),0,(null),(null),(null)
IND,1,14.00,13.00,0,0,0,(null),0,(null),(null),(null)
IND,1,14.00,13.00,1,0,0,(null),0,(null),(null),(null)
IND,1,14.00,13.00,1,0,0,src/hotline/hotline.c,346,(null),process_software_buffer_up_to_ts,b.ls #0x26d04c
IND,1,14.00,13.00,0,0,0,/home/ubuntu/.rustup/toolchains/stable-aarch64-unknown-linux-gnu/lib/rustlib/src/rust/library/core/src/ub_checks.rs,72,(null),_ZN4core5alloc6layout6Layout25from_size_align_unchecked18precondition_check17h9c887e8b84d39a88E,ret 
IND,1,14.00,13.00,1,0,0,/usr/include/c++/11/bits/basic_string.tcc,217,"	if (__dnew > size_type(_S_local_capacity))",_ZNSt7__cxx1112basic_stringIcSt11char_traitsIcESaIcEEC2IS3_EEPKcRKS3_.constprop.0,b.hi #0x27799c
IND,1,14.00,13.00,1,0,0,???,0,???,???,???
IND,1,13.00,12.00,1,0,0,(null),0,(null),(null),(null)
IND,1,13.00,12.00,1,0,0,(null),0,(null),(null),(null)
IND,1,13.00,12.00,0,0,0,(null),0,(null),(null),(null)
IND,1,13.00,12.00,1,0,0,(null),0,(null),(null),(null)
IND,1,13.00,12.00,0,0,0,(null),0,(null),(null),(null)
IND,2,6.50,5.50,0,0,0,(null),0,(null),(null),(null)
IND,1,13.00,12.00,1,0,0,(null),0,(null),(null),(null)
IND,1,13.00,12.00,0,0,0,(null),0,(null),(null),(null)
IND,1,13.00,12.00,1,0,0,(null),0,(null),(null),(null)
IND,1,13.00,12.00,1,0,0,(null),0,(null),(null),(null)
IND,1,13.00,12.00,0,0,0,(null),0,(null),(null),(null)
IND,1,13.00,12.00,1,0,0,/home/ubuntu/rocksdb/memory/arena.cc,139,"    result = AllocateFallback(bytes, true /* aligned */);",_ZN7rocksdb5Arena15AllocateAlignedEmmPNS_6LoggerE,b.ne #0x5dc2d8
IND,1,13.00,12.00,0,0,0,???,0,???,_Z20file_scope_id_lookupP7a_scopeP16a_symbol_locatorx,add x29  sp  #0xc0
IND,1,13.00,12.00,1,0,0,???,0,???,_ZN2v88internal4wasm32TurboshaftGraphBuildingInterface16ArrayInitSegmentEPNS1_15WasmFullDecoderINS1_7Decoder17FullValidationTagES2_LNS1_12DecodingModeE0EEERKNS1_19ArrayIndexImmediateERKNS1_14IndexImmediateERKNS2_5ValueESH_SH_SH_.isra.0,ldp x21  x22  [sp  #0x20]
IND,1,13.00,12.00,0,0,0,???,0,???,_ZN5crdtp4cbor14EnvelopeHeader5ParseENS_4spanIhEE,ldrb w6  [x5  #7]
IND,1,12.00,11.00,0,0,0,(null),0,(null),(null),(null)
IND,1,12.00,11.00,0,0,0,(null),0,(null),(null),(null)
IND,1,12.00,11.00,0,0,0,(null),0,(null),(null),(null)
IND,1,12.00,11.00,0,0,0,(null),0,(null),(null),(null)
IND,1,12.00,11.00,0,0,0,(null),0,(null),(null),(null)
IND,1,12.00,11.00,0,0,0,(null),0,(null),(null),(null)
IND,2,6.00,5.00,2,0,0,(null),0,(null),(null),(null)
IND,2,6.00,5.00,0,0,0,(null),0,(null),(null),(null)
IND,1,12.00,11.00,1,0,0,(null),0,(null),(null),(null)
IND,2,6.00,5.00,2,0,0,(null),0,(null),(null),(null)
IND,1,12.00,11.00,0,0,0,???,0,???,???,???
IND,2,6.00,5.00,0,0,0,src/hotline/hotline.c,206,(null),tsc_to_perf_time,ret 
IND,1,12.00,11.00,0,0,0,src/hotline/fname_map.c,229,(null),va_to_file_offset,b #0x2d3440
IND,2,6.00,5.00,0,0,0,???,0,???,_ZL22mangled_class_encodingP6a_typeiiiP24a_mangling_control_block,add x1  x1  #1
IND,1,12.00,11.00,1,0,0,???,0,???,_ZN12v8_inspector8protocol8Debugger13LocationRangeD1Ev,add x1  x1  #1
IND,1,12.00,11.00,1,0,0,???,0,???,_ZN2v88internal25RegExpMacroAssemblerARM6412IfRegisterLTEiiPNS0_5LabelE,strb w5  [sp  #0x38]
IND,1,11.00,10.00,0,0,0,(null),0,(null),(null),(null)
IND,1,11.00,10.00,0,0,0,(null),0,(null),(null),(null)
IND,1,11.00,10.00,0,0,0,(null),0,(null),(null),(null)
IND,1,11.00,10.00,0,0,0,(null),0,(null),(null),(null)
IND,1,11.00,10.00,1,0,0,(null),0,(null),(null),(null)
IND,1,11.00,10.00,0,0,0,(null),0,(null),(null),(null)
IND,1,11.00,10.00,0,0,0,(null),0,(null),(null),(null)
IND,1,11.00,10.00,0,0,0,(null),0,(null),(null),(null)
IND,1,11.00,10.00,1,0,0,(null),0,(null),(null),(null)
IND,1,11.00,10.00,1,0,0,(null),0,(null),(null),(null)
IND,1,11.00,10.00,0,0,0,(null),0,(null),(null),(null)
IND,1,11.00,10.00,1,0,0,(null),0,(null),(null),(null)
IND,1,11.00,10.00,0,0,0,src/hotline/fname_map.c,234,(null),va_to_file_offset,ret 
IND,2,5.50,4.50,0,0,0,/home/ubuntu/rocksdb/memory/arena.cc,153,"  allocated_size = malloc_usable_size(block);",_ZN7rocksdb5Arena16AllocateNewBlockEm,bl #0x24e7f0
IND,1,11.00,10.00,0,0,0,/home/ubuntu/rocksdb/memory/arena.cc,164,"  if (tracker_ != nullptr) {",_ZN7rocksdb5Arena16AllocateNewBlockEm,cbz x0  #0x5dbec8
IND,2,5.50,4.50,2,0,0,/home/ubuntu/rocksdb/memtable/inlineskiplist.h,505,"  while (height < kMaxHeight_ && height < kMaxPossibleHeight &&",_ZN7rocksdb12_GLOBAL__N_111SkipListRep8AllocateEmPPc,b.eq #0x5e4ba8
IND,2,5.00,4.00,0,0,0,(null),0,(null),(null),(null)
IND,1,10.00,9.00,1,0,0,(null),0,(null),(null),(null)
IND,2,5.00,4.00,0,0,0,(null),0,(null),(null),(null)
IND,2,5.00,4.00,2,0,0,(null),0,(null),(null),(null)
IND,2,5.00,4.00,0,0,0,(null),0,(null),(null),(null)
IND,2,5.00,4.00,0,0,0,(null),0,(null),(null),(null)
IND,1,10.00,9.00,0,0,0,(null),0,(null),(null),(null)
IND,1,10.00,9.00,1,0,0,(null),0,(null),(null),(null)
IND,2,5.00,4.00,0,0,0,(null),0,(null),(null),(null)
IND,1,10.00,9.00,0,0,0,(null),0,(null),(null),(null)
IND,1,10.00,9.00,0,0,0,(null),0,(null),(null),(null)
IND,1,10.00,9.00,1,0,0,(null),0,(null),(null),(null)
IND,1,10.00,9.00,0,0,0,(null),0,(null),(null),(null)
IND,1,10.00,9.00,1,0,0,(null),0,(null),(null),(null)
IND,1,10.00,9.00,0,0,0,(null),0,(null),(null),(null)
IND,1,10.00,9.00,1,0,0,(null),0,(null),(null),(null)
IND,1,10.00,9.00,1,0,0,(null),0,(null),(null),(null)
IND,2,5.00,4.00,0,0,0,(null),0,(null),(null),(null)
IND,2,5.00,4.00,2,0,0,(null),0,(null),(null),(null)
IND,1,10.00,9.00,0,0,0,(null),0,(null),(null),(null)
IND,2,5.00,4.00,0,0,0,(null),0,(null),(null),(null)
IND,2,5.00,4.00,0,0,0,(null),0,(null),(null),(null)
IND,1,10.00,9.00,1,0,0,(null),0,(null),(null),(null)
IND,1,10.00,9.00,0,1,0,(null),0,(null),(null),(null)
IND,1,10.00,9.00,1,0,0,(null),0,(null),(null),(null)
IND,2,5.00,4.00,2,0,0,(null),0,(null),(null),(null)
IND,2,5.00,4.00,0,0,0,(null),0,(null),(null),(null)
IND,2,5.00,4.00,0,0,0,(null),0,(null),(null),(null)
IND,2,5.00,4.00,0,0,0,src/hotline/hotline.c,311,(null),process_aux_buffer_record,bl #0x2d3400
IND,1,10.00,9.00,0,0,0,src/hotline/hotline.c,405,(null),process_aux_buffer,bl #0x26ce80
IND,1,10.00,9.00,0,0,0,src/hotline/hotline.c,393,(null),process_aux_buffer,b.hs #0x26d168
IND,2,5.00,4.00,2,0,0,src/hotline/btree.c,198,(null),btree_get,b.hs #0x2d14fc
IND,2,5.00,4.00,0,0,0,/home/ubuntu/.rustup/toolchains/stable-aarch64-unknown-linux-gnu/lib/rustlib/src/rust/library/alloc/src/raw_vec/mod.rs,527,(null),_ZN5alloc7raw_vec20RawVecInner$LT$A$GT$14current_memory17hbf8969f73d2da585E,b #0x68af3c
IND,2,5.00,4.00,2,0,0,/home/ubuntu/rocksdb/memory/arena.cc,84,"  if (aligned) {",_ZN7rocksdb5Arena16AllocateFallbackEmb,cbz w23  #0x5dc138
IND,2,5.00,4.00,0,0,0,/home/ubuntu/rocksdb/memory/arena.cc,139,"    result = AllocateFallback(bytes, true /* aligned */);",_ZN7rocksdb5Arena15AllocateAlignedEmmPNS_6LoggerE,b #0x253360
IND,2,5.00,4.00,0,0,0,/usr/include/c++/11/bits/random.tcc,459,"      result_type __z = _M_x[_M_p++];",_ZNSt23mersenne_twister_engineImLm64ELm312ELm156ELm31ELm13043109905998158313ELm29ELm6148914691236517205ELm17ELm8202884508482404352ELm37ELm18444473444759240704ELm43ELm6364136223846793005EEclEv,b #0xa7bc
IND,1,10.00,9.00,1,0,0,???,0,???,???,???
IND,1,10.00,9.00,1,0,0,???,0,???,_Z31concat_adjacent_string_literalsi,cmp w0  #0
IND,1,10.00,9.00,0,0,0,???,0,???,_ZN2v88internal11CallPrinter13VisitPropertyEPNS0_8PropertyE,tbz w2  #7  #0x11918c0
IND,1,9.00,8.00,0,0,0,(null),0,(null),(null),(null)
IND,1,9.00,8.00,0,0,0,(null),0,(null),(null),(null)
IND,1,9.00,8.00,1,0,0,(null),0,(null),(null),(null)
IND,1,9.00,8.00,0,0,0,(null),0,(null),(null),(null)
IND,1,9.00,8.00,0,0,0,(null),0,(null),(null),(null)
IND,1,9.00,8.00,1,0,0,(null),0,(null),(null),(null)
IND,1,9.00,8.00,1,0,0,(null),0,(null),(null),(null)
IND,1,9.00,8.00,0,0,0,(null),0,(null),(null),(null)
IND,1,9.00,8.00,0,0,0,(null),0,(null),(null),(null)
IND,1,9.00,8.00,1,0,0,(null),0,(null),(null),(null)
IND,1,9.00,8.00,1,0,0,(null),0,(null),(null),(null)
IND,1,9.00,8.00,1,0,0,(null),0,(null),(null),(null)
IND,1,9.00,8.00,1,0,0,(null),0,(null),(null),(null)
IND,1,9.00,8.00,1,0,0,(null),0,(null),(null),(null)
IND,1,9.00,8.00,1,0,0,(null),0,(null),(null),(null)
IND,1,9.00,8.00,1,0,0,(null),0,(null),(null),(null)
IND,1,9.00,8.00,0,0,0,src/hotline/btree.c,140,(null),btree_node_set,b #0x2d00f8
IND,1,9.00,8.00,0,0,0,(null),0,(null),(null),(null)
IND,1,9.00,8.00,0,1,0,(null),0,(null),(null),(null)
IND,1,9.00,8.00,0,0,0,???,0,???,_ZN2v88internal4wasm7fuzzing12_GLOBAL__N_113WasmGeneratorILNS2_27WasmModuleGenerationOptionsE3EE14op_with_prefixILNS1_10WasmOpcodeE64889EJLNS1_9ValueKindE5ELS9_5EEEEvPNS3_9DataRangeE,cmp x0  #4
IND,1,8.00,7.00,1,0,0,(null),0,(null),(null),(null)
IND,1,8.00,7.00,0,0,0,(null),0,(null),(null),(null)
IND,1,8.00,7.00,0,0,0,(null),0,(null),(null),(null)
IND,1,8.00,7.00,1,0,0,(null),0,(null),(null),(null)
IND,1,8.00,7.00,0,0,0,(null),0,(null),(null),(null)
IND,1,8.00,7.00,0,0,0,(null),0,(null),(null),(null)
IND,1,8.00,7.00,0,0,0,/home/ubuntu/.rustup/toolchains/stable-aarch64-unknown-linux-gnu/lib/rustlib/src/rust/library/alloc/src/alloc.rs,113,(null),_ZN63_$LT$alloc..alloc..Global$u20$as$u20$core..alloc..Allocator$GT$10deallocate17h0f45ec0612148410E,bl #0xc314c
IND,1,7.00,6.00,1,0,0,(null),0,(null),(null),(null)
IND,1,7.00,6.00,1,0,0,(null),0,(null),(null),(null)
IND,1,7.00,6.00,0,0,0,(null),0,(null),(null),(null)
IND,1,7.00,6.00,0,0,0,(null),0,(null),(null),(null)
IND,1,7.00,6.00,0,0,0,(null),0,(null),(null),(null)
IND,1,7.00,6.00,1,0,0,(null),0,(null),(null),(null)
IND,1,7.00,6.00,1,0,0,(null),0,(null),(null),(null)
IND,1,7.00,6.00,1,0,0,(null),0,(null),(null),(null)
IND,1,7.00,6.00,0,0,0,(null),0,(null),(null),(null)
IND,1,7.00,6.00,0,0,0,(null),0,(null),(null),(null)
IND,1,7.00,6.00,1,0,0,(null),0,(null),(null),(null)
IND,1,7.00,6.00,0,0,0,(null),0,(null),(null),(null)
IND,1,7.00,6.00,1,0,0,src/hotline/lat_map.c,97,(null),parse_and_insert_lat_entry,b.hi #0x26dd7c
IND,1,7.00,6.00,1,0,0,src/hotline/bmiss_map.c,117,(null),parse_and_insert_bmiss_entry,b.eq #0x2cf9bc
IND,1,7.00,6.00,0,0,0,/home/ubuntu/.rustup/toolchains/stable-aarch64-unknown-linux-gnu/lib/rustlib/src/rust/library/core/src/ptr/mod.rs,524,(null),_ZN4core3ptr42drop_in_place$LT$alloc..string..String$GT$17h72b16ec5d3c6b70aE,bl #0x6892e4
IND,1,7.00,6.00,1,0,0,/home/ubuntu/.rustup/toolchains/stable-aarch64-unknown-linux-gnu/lib/rustlib/src/rust/library/std/src/io/mod.rs,2172,(null),_ZN3std2io10read_until17h5c76ab5d390068e1E,tbz w8  #0  #0x9f46cc
IND,1,7.00,6.00,1,0,0,library/std/src/sys/alloc/unix.rs,13,(null),_RNvCs691rhTbG0Ee_7___rustc11___rdl_alloc,b.hi #0xb38598
IND,1,7.00,6.00,1,0,0,(null),0,(null),(null),(null)
IND,1,7.00,6.00,0,0,0,???,0,???,_ZL19lookup_in_namespaceP16a_symbol_locatorP11a_namespacexS2_PP8a_symboliPi,ldr w0  [x28  #0x2c]
IND,1,7.00,6.00,1,0,0,???,0,???,_ZN4node5http213Http2Settings4PackEPNS_11EnvironmentEmPK22nghttp2_settings_entry,bl #0x11517a0
IND,1,6.00,5.00,0,0,0,(null),0,(null),(null),(null)
IND,1,6.00,5.00,0,0,0,(null),0,(null),(null),(null)
IND,1,6.00,5.00,1,0,0,(null),0,(null),(null),(null)
IND,1,6.00,5.00,0,0,0,(null),0,(null),(null),(null)
IND,1,6.00,5.00,0,0,0,(null),0,(null),(null),(null)
IND,1,6.00,5.00,0,0,0,(null),0,(null),(null),(null)
IND,1,6.00,5.00,0,0,0,(null),0,(null),(null),(null)
IND,1,6.00,5.00,0,0,0,(null),0,(null),(null),(null)
IND,1,6.00,5.00,0,0,0,(null),0,(null),(null),(null)
IND,1,6.00,5.00,1,0,0,(null),0,(null),(null),(null)
IND,1,6.00,5.00,1,0,0,(null),0,(null),(null),(null)
IND,1,6.00,5.00,0,0,0,(null),0,(null),(null),(null)
IND,1,6.00,5.00,0,0,0,(null),0,(null),(null),(null)
IND,1,6.00,5.00,1,0,0,(null),0,(null),(null),(null)
IND,1,6.00,5.00,1,0,0,(null),0,(null),(null),(null)
IND,1,6.00,5.00,1,1,0,(null),0,(null),(null),(null)
IND,1,6.00,5.00,1,1,0,(null),0,(null),(null),(null)
IND,1,6.00,5.00,0,0,0,(null),0,(null),(null),(null)
IND,1,6.00,5.00,0,0,0,(null),0,(null),(null),(null)
IND,1,6.00,5.00,0,0,0,(null),0,(null),(null),(null)
IND,1,6.00,5.00,1,0,0,(null),0,(null),(null),(null)
IND,1,6.00,5.00,0,0,0,/home/ubuntu/.rustup/toolchains/stable-aarch64-unknown-linux-gnu/lib/rustlib/src/rust/library/core/src/ptr/mod.rs,524,(null),_ZN4core3ptr64drop_in_place$LT$$u5b$aperf..data..kernel_config..Entry$u5d$$GT$17hd505fb9c10d1a228E,bl #0x11ea30
IND,1,6.00,5.00,0,0,0,src/hotline/btree.c,198,(null),btree_search,b.lo #0x2cfc50
IND,1,6.00,5.00,0,0,0,src/hotline/btree.c,494,(null),btree_node_set,bl #0x2cfb20
IND,1,6.00,5.00,0,0,0,src/hotline/btree.c,555,(null),btree_set0,b.eq #0x2d074c
IND,1,6.00,5.00,0,0,0,src/hotline/vec.c,43,(null),vector_get_header,ret 
IND,1,6.00,5.00,0,0,0,/home/ubuntu/.rustup/toolchains/stable-aarch64-unknown-linux-gnu/lib/rustlib/src/rust/library/core/src/alloc/layout.rs,137,(null),_ZN4core5alloc6layout6Layout25from_size_align_unchecked18precondition_check17h9c887e8b84d39a88E,b #0x689a44
IND,1,6.00,5.00,0,0,0,/home/ubuntu/.rustup/toolchains/stable-aarch64-unknown-linux-gnu/lib/rustlib/src/rust/library/core/src/char/convert.rs,240,(null),_ZN4core4char7convert18from_u32_unchecked18precondition_check17h1c01211dacc478b5E,b #0xa93098
IND,1,6.00,5.00,0,0,0,/home/ubuntu/.rustup/toolchains/stable-aarch64-unknown-linux-gnu/lib/rustlib/src/rust/library/core/src/char/methods.rs,1778,(null),_ZN4core4char7methods25encode_utf8_raw_unchecked17hbf2894da9c4998e0E,b.lo #0xa96930
IND,1,6.00,5.00,0,0,0,(null),0,(null),(null),(null)
IND,1,6.00,5.00,0,0,0,???,0,???,_ZNK12v8_inspector12_GLOBAL__N_112ActualScript6offsetEii,stp x19  x20  [sp  #0x10]
IND,1,6.00,5.00,1,0,0,???,0,???,_ZN2v88internal4wasm16LiftoffAssembler5StoreENS0_8RegisterES3_mNS1_15LiftoffRegisterENS1_9StoreTypeENS1_14LiftoffRegListEPjbb.isra.0,ldr x0  [sp  #0xa8]
IND,1,6.00,5.00,1,0,0,???,0,???,_ZN2v88internal4wasm13NamesProvider13PrintHeapTypeERNS1_13StringBuilderENS1_8HeapTypeE,cmp x21  x1
IND,1,6.00,5.00,0,0,0,???,0,???,_ZN2v88internal4wasm7fuzzing12_GLOBAL__N_125GenerateStructNewInitExprEPNS0_4ZoneERNS3_9DataRangeEPNS1_17WasmModuleBuilderEjRKSt6vectorIjSaIjEESE_j,b.hi #0x1af0e50
IND,1,6.00,5.00,0,0,0,???,0,???,_ZN2v88internal4wasm7fuzzing24GenerateRandomWasmModuleILNS2_27WasmModuleGenerationOptionsE0EEENS_4base6VectorIhEEPNS0_4ZoneENS6_IKhEE,ldr w2  [x0  #0x38]
IND,1,5.00,4.00,1,0,0,(null),0,(null),(null),(null)
IND,1,5.00,4.00,0,0,0,(null),0,(null),(null),(null)
IND,1,5.00,4.00,0,0,0,(null),0,(null),(null),(null)
IND,1,5.00,4.00,0,0,0,(null),0,(null),(null),(null)
IND,1,5.00,4.00,0,0,0,(null),0,(null),(null),(null)
IND,1,5.00,4.00,0,0,0,(null),0,(null),(null),(null)
IND,1,5.00,4.00,0,0,0,(null),0,(null),(null),(null)
IND,1,5.00,4.00,0,0,0,(null),0,(null),(null),(null)
IND,1,5.00,4.00,1,0,0,(null),0,(null),(null),(null)
IND,1,5.00,4.00,0,0,0,(null),0,(null),(null),(null)
IND,1,5.00,4.00,1,0,0,(null),0,(null),(null),(null)
IND,1,5.00,4.00,0,0,0,(null),0,(null),(null),(null)
IND,1,5.00,4.00,0,0,0,(null),0,(null),(null),(null)
IND,1,5.00,4.00,1,0,0,(null),0,(null),(null),(null)
IND,1,5.00,4.00,0,0,0,(null),0,(null),(null),(null)
IND,1,5.00,4.00,0,0,0,(null),0,(null),(null),(null)
IND,1,5.00,4.00,0,0,0,(null),0,(null),(null),(null)
IND,1,5.00,4.00,0,0,0,(null),0,(null),(null),(null)
IND,1,5.00,4.00,0,0,0,(null),0,(null),(null),(null)
IND,1,5.00,4.00,0,0,0,(null),0,(null),(null),(null)
IND,1,5.00,4.00,0,0,0,(null),0,(null),(null),(null)
IND,1,5.00,4.00,0,0,0,(null),0,(null),(null),(null)
IND,1,5.00,4.00,0,0,0,(null),0,(null),(null),(null)
IND,1,5.00,4.00,1,0,0,(null),0,(null),(null),(null)
IND,1,5.00,4.00,1,0,0,(null),0,(null),(null),(null)
IND,1,5.00,4.00,0,0,0,(null),0,(null),(null),(null)
IND,1,5.00,4.00,1,0,0,(null),0,(null),(null),(null)
IND,1,5.00,4.00,0,0,0,(null),0,(null),(null),(null)
IND,1,5.00,4.00,0,0,0,(null),0,(null),(null),(null)
IND,1,5.00,4.00,1,0,0,(null),0,(null),(null),(null)
IND,1,5.00,4.00,0,0,0,(null),0,(null),(null),(null)
IND,1,5.00,4.00,0,0,0,(null),0,(null),(null),(null)
IND,1,5.00,4.00,0,0,0,(null),0,(null),(null),(null)
IND,1,5.00,4.00,0,0,0,(null),0,(null),(null),(null)
IND,1,5.00,4.00,1,0,0,(null),0,(null),(null),(null)
IND,1,5.00,4.00,0,0,0,(null),0,(null),(null),(null)
IND,1,5.00,4.00,0,0,0,(null),0,(null),(null),(null)
IND,1,5.00,4.00,0,0,0,(null),0,(null),(null),(null)
IND,1,5.00,4.00,0,0,0,(null),0,(null),(null),(null)
IND,1,5.00,4.00,0,0,0,(null),0,(null),(null),(null)
IND,1,5.00,4.00,0,0,0,(null),0,(null),(null),(null)
IND,1,5.00,4.00,1,0,0,(null),0,(null),(null),(null)
IND,1,5.00,4.00,0,0,0,src/hotline/hotline.c,241,(null),get_perf_event_timestamp,ret 
IND,1,5.00,4.00,0,0,0,src/hotline/hotline.c,371,(null),process_software_buffer_up_to_ts,b #0x26d04c
IND,1,5.00,4.00,0,0,0,src/hotline/hotline.c,398,(null),process_aux_buffer,bl #0x26cdc0
IND,1,5.00,4.00,0,0,0,src/hotline/lat_map.c,103,(null),parse_and_insert_lat_entry,bl #0x2d16e0
IND,1,5.00,4.00,0,0,0,/home/ubuntu/.rustup/toolchains/stable-aarch64-unknown-linux-gnu/lib/rustlib/src/rust/library/core/src/iter/adapters/enumerate.rs,80,(null),_ZN110_$LT$core..iter..adapters..enumerate..Enumerate$LT$I$GT$$u20$as$u20$core..iter..traits..iterator..Iterator$GT$4next17h6ae4d4bb8211729aE,bl #0x15ba7c
IND,1,5.00,4.00,1,0,0,src/hotline/bmiss_map.c,102,(null),parse_and_insert_bmiss_entry,b.eq #0x2cfac4
IND,1,5.00,4.00,0,0,0,src/hotline/btree.c,453,(null),btree_search,cbz x4  #0x2cfc3c
IND,1,5.00,4.00,0,0,0,src/hotline/btree.c,198,(null),btree_search,b #0x2cfc50
IND,1,5.00,4.00,0,0,0,src/hotline/btree.c,204,(null),btree_search,b #0x2cfb7c
IND,1,5.00,4.00,0,0,0,src/hotline/btree.c,508,(null),btree_node_set,bl #0x2d0080
IND,1,5.00,4.00,0,0,0,src/hotline/btree.c,554,(null),btree_set0,bl #0x2d0080
IND,1,5.00,4.00,0,0,0,src/hotline/btree.c,542,(null),btree_set0,b #0x2d085c
IND,1,5.00,4.00,0,0,0,src/hotline/btree.c,869,(null),btree_oom,ret 
IND,1,5.00,4.00,0,0,0,src/hotline/fname_map.c,29,(null),fname_compare,ret 
IND,1,5.00,4.00,0,0,0,src/hotline/fname_map.c,177,(null),update_filename_cached_entry,ret 
IND,1,5.00,4.00,0,0,0,src/hotline/fname_map.c,213,(null),va_to_file_offset,bl #0x2d32a0
IND,1,5.00,4.00,0,0,0,src/hotline/vec.c,55,(null),vector_size,bl #0x2d3560
IND,1,5.00,4.00,0,0,0,/home/ubuntu/.rustup/toolchains/stable-aarch64-unknown-linux-gnu/lib/rustlib/src/rust/library/core/src/alloc/layout.rs,137,(null),_ZN4core5alloc6layout6Layout25from_size_align_unchecked18precondition_check17h9c887e8b84d39a88E,bl #0xb62950
IND,1,5.00,4.00,0,0,0,/home/ubuntu/.rustup/toolchains/stable-aarch64-unknown-linux-gnu/lib/rustlib/src/rust/library/alloc/src/raw_vec/mod.rs,755,(null),_ZN5alloc7raw_vec20RawVecInner$LT$A$GT$10deallocate17hc5fd01f479b42647E,b #0x68ae88
IND,1,5.00,4.00,0,0,0,/home/ubuntu/.rustup/toolchains/stable-aarch64-unknown-linux-gnu/lib/rustlib/src/rust/library/core/src/ub_checks.rs,74,(null),_ZN5alloc7raw_vec20RawVecInner$LT$A$GT$14current_memory17hbf8969f73d2da585E,b #0x68af48
IND,1,5.00,4.00,0,0,0,/home/ubuntu/.rustup/toolchains/stable-aarch64-unknown-linux-gnu/lib/rustlib/src/rust/library/core/src/ub_checks.rs,75,(null),_ZN5alloc7raw_vec20RawVecInner$LT$A$GT$14current_memory17hbf8969f73d2da585E,bl #0x689a24
IND,1,5.00,4.00,0,0,0,/home/ubuntu/.rustup/toolchains/stable-aarch64-unknown-linux-gnu/lib/rustlib/src/rust/library/core/src/ub_checks.rs,75,(null),_ZN82_$LT$std..io..Lines$LT$B$GT$$u20$as$u20$core..iter..traits..iterator..Iterator$GT$4next17h7bb3bf1abf5df84dE,bl #0xa938cc
IND,1,5.00,4.00,0,0,0,library/std/src/sys/alloc/unix.rs,14,(null),_RNvCs691rhTbG0Ee_7___rustc11___rdl_alloc,b #0xb7fa0
IND,1,5.00,4.00,0,0,0,library/alloc/src/alloc.rs,93,(null),_ZN60_$LT$alloc..string..String$u20$as$u20$core..clone..Clone$GT$5clone17hdfc886ea4ed0be6dE,bl #0xc3148
IND,1,5.00,4.00,0,0,0,/usr/include/c++/11/bits/char_traits.h,399,"	return __builtin_strlen(__s);",_ZNSt7__cxx1112basic_stringIcSt11char_traitsIcESaIcEEC2IS3_EEPKcRKS3_.constprop.0,bl #0x243a50
IND,1,5.00,4.00,0,0,0,/home/ubuntu/rocksdb/memory/arena.cc,148,"  char* block = new char[block_bytes];",_ZN7rocksdb5Arena16AllocateNewBlockEm,bl #0x241240
IND,1,5.00,4.00,0,0,0,/home/ubuntu/rocksdb/memory/arena.cc,139,"    result = AllocateFallback(bytes, true /* aligned */);",_ZN7rocksdb5Arena15AllocateAlignedEmmPNS_6LoggerE,b #0x253360
IND,1,5.00,4.00,0,0,0,/usr/include/c++/11/bits/random.tcc,459,"      result_type __z = _M_x[_M_p++];",_ZNSt23mersenne_twister_engineImLm64ELm312ELm156ELm31ELm13043109905998158313ELm29ELm6148914691236517205ELm17ELm8202884508482404352ELm37ELm18444473444759240704ELm43ELm6364136223846793005EEclEv,b #0xa7bc
IND,1,5.00,4.00,0,0,0,???,0,???,_ZN4edgeL20fill_in_intermediateEPNS_19intermediate_symbolEPKNS_6symbolENS_29intermediate_symbol_options_eE.constprop.0,blr x3
IND,1,5.00,4.00,0,0,0,???,0,???,_ZN4edge22intellisense_operation25get_auto_complete_membersERPNS_22member_selection_entryERPNS_11scope_entryEPNS_4listIPNS_6symbolEEESB_SB_SB_NS0_16member_list_kindEbRbSD_SD_PSt3mapIS9_jSt4lessIS9_ESaISt4pairIKS9_jEEE,ldp x1  x0  [sp  #0xd8]
IND,1,5.00,4.00,0,0,0,???,0,???,???,???
IND,1,5.00,4.00,0,0,0,???,0,???,???,???
IND,1,5.00,4.00,0,0,0,???,0,???,???,???
IND,1,5.00,4.00,0,0,0,???,0,???,???,???
IND,1,5.00,4.00,0,0,0,???,0,???,_ZN4node8profiler14StartProfilersEPNS_11EnvironmentE,b.eq #0x1091614
IND,1,5.00,4.00,0,0,0,???,0,???,_ZN12v8_inspector16V8DebuggerScript6CreateEPN2v87IsolateENS1_5LocalINS1_5debug6ScriptEEEbPNS_19V8DebuggerAgentImplEPNS_17V8InspectorClientE,bl #0x17e6040
IND,1,5.00,4.00,1,0,0,???,0,???,_ZN2v88internal4wasm7fuzzing12_GLOBAL__N_113WasmGeneratorILNS2_27WasmModuleGenerationOptionsE3EE5memopILNS1_10WasmOpcodeE40EJEEEvPNS3_9DataRangeE,ldr x22  [x20  #8]
